split,class,image_path,file_hash,label
train,Demodicosis,../datasets/feed/train/Demodicosis/1-7-_png_jpg.rf.d242de2a1bc4940135ad02e43da86cd8.jpg,0018ca2834162c4f92d4de04d9c0e33d,0
valid,Ringworm,../datasets/feed/valid/Ringworm/ringworm-76-_jpg.rf.b44c1b7da71e3a61e7c380f21ed80098.jpg,004380a326228acf8ddd0b854a3c8c39,5
train,Demodicosis,../datasets/feed/train/Demodicosis/2024-05-13-134023_1_jpg.rf.a3264ac0660f7f4dc94e78b8688e6bad.jpg,00651a384d0537720a4f3a807111a4ca,0
train,Ringworm,../datasets/feed/train/Ringworm/ringworm-129-_jpg.rf.929448566f99e71a65687073a984b962.jpg,008084aec0f3ead2d1108f552cb39920,5
valid,Ringworm,../datasets/feed/valid/Ringworm/ringworm-32-_jpg.rf.0ee52cf07785337f82017f647ca27d6b.jpg,0089f250f35d40d8eb058840abb401b2,5
train,Healthy,../datasets/feed/train/Healthy/best-dog-food-for-skin-allergies-feature-2_jpg.rf.bfa6f4d3d76c0d77788ef3805db06d30.jpg,008bf96ce9d8395d55b383318ff363d2,3
train,Demodicosis,../datasets/feed/train/Demodicosis/P27_png_jpg.rf.bc2b5c49cf910e4bb4db7ddc03054f10.jpg,00907a5a50c3c5798fa19490ca78b358,0
train,Ringworm,../datasets/feed/train/Ringworm/ringworm-78-_jpg.rf.3ca435512c0fbb79852013f4f8411892.jpg,0098f07b9f735d40b716f96dc0b6d155,5
train,Ringworm,../datasets/feed/train/Ringworm/ringworm-116-_jpg.rf.f9d0d2b1a70e5e42279df2164f82fa19.jpg,00a0e97667505ef8b25f178b9175e174,5
valid,Dermatitis,../datasets/feed/valid/Dermatitis/1000011977_x4_jpg.rf.92db123e6a04ec3e7afb2ac188fb4b76.jpg,00c7422cd20815c1f9326baa08ba6398,1
train,Healthy,../datasets/feed/train/Healthy/pic8_jpg.rf.3a6aa4f153cb1889b32b27fadaed70d5.jpg,00e83b281d07676b0f8d0da01d89ebbe,3
train,Fungal Infections,../datasets/feed/train/Fungal Infections/pic85_jpg.rf.8d14344f4361e0e43a1fb158ee3899c0.jpg,00ec9d1d38532b7035177a5521c20358,2
train,Hypersensitivity,../datasets/feed/train/Hypersensitivity/Hypersensitivity_2_jpg.rf.3df7d53aadaec4d35afe9d934bf51090.jpg,00f072a95d8cd7fc438e09c25dfd7351,4
train,Dermatitis,../datasets/feed/train/Dermatitis/1000010770_x4_jpg.rf.4f5f69467b0680db7f3aca37bfcd1c5b.jpg,00f8fc2e4a12403ff679805c91ca90aa,1
valid,Fungal Infections,../datasets/feed/valid/Fungal Infections/pic69_jpg.rf.cf51359b6fa1694ab4cf234b821de132.jpg,01035947a21c6b85a17cb5ba35a55b5e,2
train,Healthy,../datasets/feed/train/Healthy/dogs_121_jpg.rf.b6c17fc1a5137b84748ef243a5a56c64.jpg,011064b96d6c86896345c2f042b37d04,3
train,Fungal Infections,../datasets/feed/train/Fungal Infections/fungal2_jpg.rf.540268414dd2fb93051f4d9a48f658ac.jpg,013fe0db1026c4c5287694bfb247318d,2
train,Fungal Infections,../datasets/feed/train/Fungal Infections/FUNGAL-INFECTION_003_png_jpg.rf.8bb0dbb1ffc24e8b5450aba2fcef93b1.jpg,0140264fb4298266235c9fd88e3ac662,2
train,Healthy,../datasets/feed/train/Healthy/HEALTHY_012_jpg.rf.611e0b6cfc2e4d70ae52e656b737319d.jpg,015c02c90d2e59a839a86cf1f5193569,3
train,Demodicosis,../datasets/feed/train/Demodicosis/scabies_123_png_jpg.rf.60cac57ba555210bc64bd4cb9f3596e4.jpg,015d86fdc2d17cac747b360f716d651b,0
train,Demodicosis,../datasets/feed/train/Demodicosis/scabies_126_png_jpg.rf.70ff534ddc8f64ca8754f21ebbce2f0c.jpg,015fc2858d584ac2d3daf862954b60a6,0
train,Healthy,../datasets/feed/train/Healthy/dogs_016_jpg.rf.85283584e876dea1c85a99a5d8b7461b.jpg,0162545600baf20d34ed9674647d0765,3
train,Ringworm,../datasets/feed/train/Ringworm/ringworm-134-_jpg.rf.81897ad97778c3386dafa6027e6beae3.jpg,0168dcfda7dcfc3fbc543c230fea174b,5
train,Ringworm,../datasets/feed/train/Ringworm/WIN_20240514_17_41_29_Pro_jpg.rf.b4ea70777b1d294c1e7e37f305fa493a.jpg,016db3d6ef59459cb787929e4ab1e0ba,5
valid,Healthy,../datasets/feed/valid/Healthy/HEALTHY_048_jpg.rf.7ffbae0f1437672e070750a34e73236d.jpg,017e610f19260320d2acc9df3627eec7,3
valid,Healthy,../datasets/feed/valid/Healthy/HEALTHY_049_jpeg_jpg.rf.c90c953f295811b263c06075e4193e40.jpg,01e7d1a129ec82fb6759ecc772564fb6,3
train,Hypersensitivity,../datasets/feed/train/Hypersensitivity/B9781416056638000070_f007-042-9781416056638_jpg.rf.b6988c6bda578f2cc26908a7268e9030.jpg,02057b85b0fc130532564277bf4014e5,4
train,Demodicosis,../datasets/feed/train/Demodicosis/2024-05-13-134316_2_jpg.rf.a5a48d011c17c12fbd313240b99b2d97.jpg,0211a009896da8498572266290731cbe,0
train,Demodicosis,../datasets/feed/train/Demodicosis/P10_png_jpg.rf.9646b23caf3e039e8500022d551c6d79.jpg,0232528b455e9719a07cb7de52286939,0
train,Hypersensitivity,../datasets/feed/train/Hypersensitivity/15_jpg.rf.b031080bfdf69e79f467ae686b30f9f6.jpg,02494f64f58b9a7a456192f195db4e28,4
train,Demodicosis,../datasets/feed/train/Demodicosis/2024-05-13-155521_2_jpg.rf.9e1c261b790ac9d2727fd000e060466d.jpg,02500af3d9872987a39c902d4b899336,0
train,Healthy,../datasets/feed/train/Healthy/dogs_148_jpg.rf.444403b6bc70ff2f6b80ee43d1053822.jpg,0255a805547e472899d51e3d0b8b2ce9,3
train,Healthy,../datasets/feed/train/Healthy/077_jpg.rf.312c813c59e1ff6199d661b0303ac343.jpg,02589f198f721a8bf203c485d23f2f31,3
train,Ringworm,../datasets/feed/train/Ringworm/1000010528_x4_jpg.rf.f5d329936fb182af10a48b43d51cc641.jpg,026e286590a16b8849848815e6e2dbd3,5
valid,Healthy,../datasets/feed/valid/Healthy/HEALTHY_037_jpg.rf.05943fb77cb3508ecbff8be5d239dce4.jpg,02810386bb7ef6f6d41e42b75341e54f,3
train,Dermatitis,../datasets/feed/train/Dermatitis/1000010597_x4_jpg.rf.a42019579ecd84f97bc220ab40363c1d.jpg,028d8fa654b8be1d38e52ff774bc2972,1
valid,Hypersensitivity,../datasets/feed/valid/Hypersensitivity/B9781416056638000070_f007-038-9781416056638_jpg.rf.698f7db825a7effa0382a4349bdc40b4.jpg,02ac35c09d83ce6e9e8d2d606619a1cd,4
train,Fungal Infections,../datasets/feed/train/Fungal Infections/FUNGAL-INFECTION_016_jpg.rf.2b08da718bd37f626e426944119b9f90.jpg,02b882782e39e64c9c091180d99903ee,2
train,Fungal Infections,../datasets/feed/train/Fungal Infections/fung2_jpg.rf.b66db1635a2fa34bcfa63482ccec275e.jpg,02d706fe2454e2f991f7f18a9bc9e2e1,2
train,Ringworm,../datasets/feed/train/Ringworm/1000010655_x16_jpg.rf.236c576b53956acbb68b9ef457e29849.jpg,02dcdaf6dbaa8fe90ea9d3d786c2bacb,5
train,Healthy,../datasets/feed/train/Healthy/HEALTHY_010_jpg.rf.579c656a6bf98c856ce9e00dc7b09f9c.jpg,02f6653752ab465f0ea9103957df7829,3
valid,Dermatitis,../datasets/feed/valid/Dermatitis/Bacteria3_png_jpg.rf.9369802f232631dbab00b0f5f69f1c27.jpg,0307d9e9f1367c5d9482cb8cf37971ce,1
train,Fungal Infections,../datasets/feed/train/Fungal Infections/FUNGAL-INFECTION_054_jpg.rf.2cbb7b43b083b3f77d28b871848ffe75.jpg,0329414c86b4a52acc8d2a202f35a9f3,2
valid,Demodicosis,../datasets/feed/valid/Demodicosis/1-63-_png_jpg.rf.842f16595ebc500e227e5b63cc7175f8.jpg,0336f7f998258a9cccc9714b8830b8ef,0
train,Fungal Infections,../datasets/feed/train/Fungal Infections/FUNGAL-INFECTION_006_jpg.rf.67f1e30bf5021b5337b47e149cd8994b.jpg,033c4b7119df13f2fe5151294706d6fa,2
train,Hypersensitivity,../datasets/feed/train/Hypersensitivity/1277_jpg.rf.c73a5f4a2e1f8dd1045ee3a488c4ade3.jpg,0349088c57f3540c9b9ee7e7573dcca0,4
train,Healthy,../datasets/feed/train/Healthy/pic23_jpg.rf.c109c9f5cb2f835cf2d001f47ae51adb.jpg,0356cc6cf4839339093873ea01ad06fe,3
train,Ringworm,../datasets/feed/train/Ringworm/WIN_20240514_17_26_50_Pro_jpg.rf.57123cd65bce71635d6a70ba3be4ae67.jpg,03664cbf710db7394f05c9cb919eb9ec,5
train,Demodicosis,../datasets/feed/train/Demodicosis/1-19-_png_jpg.rf.c2d4fcf6a761e919f65ee93f1287e7e0.jpg,036de40bae274273d146cd12a86baba9,0
train,Fungal Infections,../datasets/feed/train/Fungal Infections/FUNGAL-INFECTION_022_jpg.rf.d6cc2cce3145e55a63884605f54a38bc.jpg,0371e3ad7c61af9ca98959adae0bd952,2
train,Demodicosis,../datasets/feed/train/Demodicosis/scabies_136_png_jpg.rf.27166f52dc202cb9168a0842ec797301.jpg,03b4e1f8570e3e985c246f80ada3c5f2,0
train,Demodicosis,../datasets/feed/train/Demodicosis/2024-05-13-134429_1_jpg.rf.d47fdbd3be50f68cc466a68f478968a1.jpg,03b77ece41d59219349c3c54588179a5,0
valid,Healthy,../datasets/feed/valid/Healthy/dogs_221_jpg.rf.5ed9802a56e4121fefa9258f9a987fbf.jpg,03c000b73e02765b8c67c35887b26cde,3
valid,Healthy,../datasets/feed/valid/Healthy/dogs_211_jpg.rf.0743a08e8e942c1b9a6c1ec57bec390c.jpg,03c14cea849076be878b2a86605b373a,3
train,Healthy,../datasets/feed/train/Healthy/Image_20_jpg.rf.87b28e69485c2c214be188c40097b86c.jpg,03e0a8c0bf8cc34a9a1d27cfb7905d30,3
train,Healthy,../datasets/feed/train/Healthy/pic61_jpg.rf.2ad61eac459297c5485d47ada62d2133.jpg,03ebb5c70c0025f92404e9c74b8c7d69,3
train,Dermatitis,../datasets/feed/train/Dermatitis/hotspot-60-_jpg.rf.61d6f86c365c30a7554467bf06b88c96.jpg,03f2772819d8607c2ecb2323ddefa843,1
valid,Demodicosis,../datasets/feed/valid/Demodicosis/1-55-_png_jpg.rf.33c101fc2ba7c42ee586b00206c2e5d4.jpg,03f4df146b3b0434fe60e877e8ef4af1,0
train,Healthy,../datasets/feed/train/Healthy/images-2_jpg.rf.484b75e6a33f2708db339943f4e531c3.jpg,03f6fea9b5f4e1b9dbe138ff2974d88a,3
train,Demodicosis,../datasets/feed/train/Demodicosis/1-26-_png_jpg.rf.0cf1cd85d5004e8980ef0f33d431b45b.jpg,040088f3e71419dfd7d5ad1070a48b7d,0
valid,Dermatitis,../datasets/feed/valid/Dermatitis/1000010656_x16_jpg.rf.61d2fc959efdd131b4e1f74094d17282.jpg,041f4dbe23ed0867af7fe183169cb6d5,1
train,Healthy,../datasets/feed/train/Healthy/pic14_jpg.rf.a43e3d621fa02ec27de0887a9414a1ad.jpg,042486b1c088a48fb543c55912cb322f,3
train,Fungal Infections,../datasets/feed/train/Fungal Infections/1171_jpg.rf.0e059614e252d08de8e448a5534cb66d.jpg,045389f418852c33a1c40a3201586557,2
train,Demodicosis,../datasets/feed/train/Demodicosis/1-6-_jpg.rf.6689fda3162a1a8fa46db5be4d2ac652.jpg,045d405729c03b436c81aa376af82be5,0
train,Demodicosis,../datasets/feed/train/Demodicosis/IMG_5306_jpeg_jpg.rf.f43b8ff29ecdf954c82c1429ca3a0135.jpg,0460051e559b941c8171acb8b029bc37,0
train,Ringworm,../datasets/feed/train/Ringworm/R9_png_jpg.rf.4ae25bdf374bb3c4710f976164f74738.jpg,046087c449b6b11e6aabe50b53e190fe,5
train,Ringworm,../datasets/feed/train/Ringworm/ringworm-96-_jpg.rf.ab0adf5deaa800c466824479f760c62a.jpg,046bf4e46b41fe97552cf2ab42ddc621,5
train,Demodicosis,../datasets/feed/train/Demodicosis/1-61-_png_jpg.rf.9f095f1b5617e2d6cb000b82ccf49927.jpg,04717e98d42863cf0d2612f52e78f293,0
train,Dermatitis,../datasets/feed/train/Dermatitis/1000010549_x16_jpg.rf.372d025be8b0bd525a8bbe316db1dbc2.jpg,0484f48953924ef5c2225553fc85d2d8,1
train,Dermatitis,../datasets/feed/train/Dermatitis/1000010749_x16_jpg.rf.8a21465386f7b27797b672e401e4a49e.jpg,048739718b84c803804fa3d3c47e4187,1
train,Ringworm,../datasets/feed/train/Ringworm/NEWR10_jpeg_jpg.rf.80db9a7e3df0ea86c13f8ecbc2967fdd.jpg,049d6b7ffd24519fc20284a4f58eda24,5
valid,Healthy,../datasets/feed/valid/Healthy/dogs_179_jpg.rf.4eaf46da364964056ca5187a2b2afe92.jpg,04a3a0ecfca449fe72eae3b8fd7d9dd8,3
train,Hypersensitivity,../datasets/feed/train/Hypersensitivity/1861_jpg.rf.2a0148f4568b14f62fd4ca273e1f96fc.jpg,04a583ec4d8e4c5fd71f49912008dbc7,4
train,Healthy,../datasets/feed/train/Healthy/pic54_jpg.rf.911eb2b6d4b5258a86fa55199c2851c7.jpg,04c7024a148d471145c0e700f5bc7dbc,3
train,Fungal Infections,../datasets/feed/train/Fungal Infections/pic89_jpg.rf.5da0edc16940db219e4b7d6e97d75df0.jpg,04c75877f92d0765aab59a7937ac79df,2
valid,Fungal Infections,../datasets/feed/valid/Fungal Infections/fungal1_jpg.rf.ace809be6f8f1b0899bff3fd4b699478.jpg,04d7ce645fd3fdadc875c8da5dd14237,2
train,Demodicosis,../datasets/feed/train/Demodicosis/P28_png_jpg.rf.b438223676ac8108e6ad711b1bee535d.jpg,04dc0b77bc4e6920004db79b8c55b0e9,0
train,Hypersensitivity,../datasets/feed/train/Hypersensitivity/B9781416056638000070_f007-046-9781416056638_jpg.rf.af7b93bdbb9273981d748675875d1f2b.jpg,04df446cb22aad6bf42315cb463f2815,4
train,Healthy,../datasets/feed/train/Healthy/Image_9_jpg.rf.14564051eed6e6ddfbadb02edf8825b8.jpg,04df4dee0b6a69966a70d984b5034490,3
train,Ringworm,../datasets/feed/train/Ringworm/WIN_20240514_17_33_59_Pro_jpg.rf.5896896b9a927ee74ea291bd405769c4.jpg,04ede78809320f70155cd8731f7a625e,5
train,Dermatitis,../datasets/feed/train/Dermatitis/May-is-allergy-awareness-month-here-at-The-Shot-Spot_00526_jpg.rf.d7922dffd457ed1a67c0e946c2178ad8.jpg,0504584c20391b760f85116343b9b5ec,1
valid,Ringworm,../datasets/feed/valid/Ringworm/436788724_2640165772801792_3956631987323566222_n_jpg.rf.1b7805ae120dc8ea81a0cf34fb84c021.jpg,05130354f52c9e717e2e9fb58d0fc499,5
valid,Demodicosis,../datasets/feed/valid/Demodicosis/1-57-_png_jpg.rf.a780853af007c4893b73151e658335ba.jpg,0539adf1d5286ce1b9b9089621d8f22c,0
train,Ringworm,../datasets/feed/train/Ringworm/R20_png_jpg.rf.af2348ed64cd4bf860c5417343f19186.jpg,05441e0ebf03ed657e745bf3de0d824c,5
train,Demodicosis,../datasets/feed/train/Demodicosis/1-7-_jpg.rf.effcce86a63dc7f49cc0fff4774a98dc.jpg,0545b3e6185e911f7b911d9bda4b86b8,0
train,Ringworm,../datasets/feed/train/Ringworm/751D91EA-5029-4605-908B-7BA9605612AC_jpeg_jpg.rf.6fb7ca5fb1590981522d83cad2c21734.jpg,056011d762b08a25c791c3327019d490,5
train,Healthy,../datasets/feed/train/Healthy/dogs_096_jpg.rf.1c132bc3c9c677933c527fde4a56e9d9.jpg,056973c882b4a49d8fe9e7653c268520,3
train,Ringworm,../datasets/feed/train/Ringworm/WIN_20240514_17_38_47_Pro_jpg.rf.07ebc98688e8b09c9c1b475d2054f305.jpg,05729ddd3f7d57124aaf43b8a8f397ca,5
valid,Demodicosis,../datasets/feed/valid/Demodicosis/2024-05-13-164000_jpg.rf.26c793bb2c6b64d0162f45c3e94589c2.jpg,05828c890e5030e182ddcfd8c2e21592,0
train,Demodicosis,../datasets/feed/train/Demodicosis/2024-05-13-162429_jpg.rf.150c0158954f643c25c145b5fa7deb3d.jpg,058ac9b086e3e332102340917b455785,0
train,Dermatitis,../datasets/feed/train/Dermatitis/Hot-Spot-on-_Chance_-How-to-treat-a-dog-that-you-can_t-touch_-000619_png_jpg.rf.8740babebb15b1cc8d511c76bcf77119.jpg,05bbd61deccc10e4caba42cce0474ad6,1
train,Fungal Infections,../datasets/feed/train/Fungal Infections/pic91_jpg.rf.c57928bd253690ca1be68f6a47456f48.jpg,05c3a7582905e84426717dc74b798a36,2
valid,Dermatitis,../datasets/feed/valid/Dermatitis/1000010577_x4_jpg.rf.06538e06bb757588c126916ae5205990.jpg,05c3f49fd823ca37766a2e39bc52de1a,1
train,Dermatitis,../datasets/feed/train/Dermatitis/hotspot-10-_jpg.rf.2e1ab63651de67085216cc7a9b50b71f.jpg,05da00fb90126850275c242627d4884b,1
valid,Hypersensitivity,../datasets/feed/valid/Hypersensitivity/Hypersensitivity_image_4_jpg.rf.247e7f9ffad16cdbf01e548bf459be5b.jpg,05f20176d2d476b4de95392f7f4b1278,4
valid,Ringworm,../datasets/feed/valid/Ringworm/WIN_20240514_17_28_12_Pro_jpg.rf.3c2122bdfc095a4de96ce2374993c8c7.jpg,060189266aaa709527f3d87b6c245e5e,5
valid,Dermatitis,../datasets/feed/valid/Dermatitis/bacterial_Image_1_jpg.rf.6211f9cda4aa3bb02ce3f1a919a683a2.jpg,06091378ac56a1f52301fdf2b7b6c7d3,1
train,Dermatitis,../datasets/feed/train/Dermatitis/HOT-SPOT-IN-DOG-HOW-vet-treated-symptom-prevention_-flea-bite-moist-eczema_dog-itching-000479_png_jpg.rf.57dda82c1734008740c8d7df316dcdda.jpg,0627873e185d0a526edcae00211bbc6b,1
train,Healthy,../datasets/feed/train/Healthy/pic60_jpg.rf.f37aa4c0308578676ff71ec45421ad24.jpg,063cce4c370b991cb3e0c2b93921edd6,3
train,Healthy,../datasets/feed/train/Healthy/HEALTHY_005_jpg.rf.e3c38f74ee148aa2390ac9d83bb85d3f.jpg,067435f8a45e44439b59ac9e19ef4f6d,3
train,Hypersensitivity,../datasets/feed/train/Hypersensitivity/Hypersensitivity4_png_jpg.rf.35c1f0e6271e786e5b1e76f8b5938437.jpg,067e8627862b6cbfb9372819f401df9b,4
train,Demodicosis,../datasets/feed/train/Demodicosis/1-6-_png_jpg.rf.dde95db3cfc145101af4ef71d4f3c362.jpg,06909d7948842cf3b5317317768281cd,0
train,Fungal Infections,../datasets/feed/train/Fungal Infections/FUNGAL-INFECTION_039_jpg.rf.0e63d0984489b90c342d282691ae7ff5.jpg,06c3b8100390917b676e1ad7d33384af,2
train,Fungal Infections,../datasets/feed/train/Fungal Infections/pic82_jpg.rf.6488e19eafe743799c730728159fb2c9.jpg,06d4e0916d7fb9f7c6bc57838e4ff34f,2
train,Healthy,../datasets/feed/train/Healthy/Image_20_jpg.rf.6a45e712436afb3c1282fee8a734ff92.jpg,06e71e5ddbb75deab8724e183a1d22e7,3
train,Demodicosis,../datasets/feed/train/Demodicosis/1-32-_png_jpg.rf.45e4909e5650aaae422abd75ea15d854.jpg,06eca3a9e67f90eb4d281f18614cfff1,0
train,Hypersensitivity,../datasets/feed/train/Hypersensitivity/hs5_jpg.rf.2c5fb15509ac6514603e1497ca752ab6.jpg,06f9b6673ec90a0c1546274ff027005b,4
valid,Demodicosis,../datasets/feed/valid/Demodicosis/2024-05-13-134023_4_jpg.rf.85ae9b3756b6bd1b81427f2ef3208085.jpg,07016aa121faff918f4ef2bfa72ca76b,0
valid,Fungal Infections,../datasets/feed/valid/Fungal Infections/pic87_jpg.rf.fc46a18ddfe72a49761228d3a4f556fb.jpg,07035ba51d9d8a2e9e9d5a57fee7263d,2
train,Dermatitis,../datasets/feed/train/Dermatitis/HOT-SPOT-IN-DOG-HOW-vet-treated-symptom-prevention_-flea-bite-moist-eczema_dog-itching-000475_png_jpg.rf.c531c8a2faa00a8bf7a97808fe90f6d8.jpg,0707b26a56f0ff846dfc1218624edffb,1
train,Fungal Infections,../datasets/feed/train/Fungal Infections/1867_jpg.rf.cb71e05c00531badd753b38e24364443.jpg,0711751c2da91e66c8eca95a374b0f5d,2
train,Dermatitis,../datasets/feed/train/Dermatitis/1000010715_x16_jpg.rf.75d25b879f2e447c62e486dc4ec5c3f5.jpg,071bd16052661dc2cdf7c296e7c8f265,1
valid,Ringworm,../datasets/feed/valid/Ringworm/DB588124-89D4-4F45-A2F8-5F569611D1E7_jpeg_jpg.rf.80850765b83d9d99276264e051b8a65d.jpg,0733abf61d323cd96cbbe3a6760a7bfc,5
valid,Ringworm,../datasets/feed/valid/Ringworm/ringworm-86-_jpg.rf.cf0b92d3f6b6661d41454bf7db8f730c.jpg,074ef4775f187aabff33a855222cd20e,5
train,Ringworm,../datasets/feed/train/Ringworm/ringworm-74-_jpg.rf.6b8c3148f55917efc1fbde1fab3c5b9a.jpg,0752bce47032a1edb28ac3d19848b282,5
train,Ringworm,../datasets/feed/train/Ringworm/436704541_463761649559966_3525937843103121136_n_jpg.rf.c6e2c21512878818096db36f521fe845.jpg,07586e37abf334623b84dfc2b377202e,5
train,Dermatitis,../datasets/feed/train/Dermatitis/Bacterial1_png_jpg.rf.5e7d8e7b5367b8b18940493e9fe666d9.jpg,07664629caf3c0418beb08bdafde0cf5,1
train,Fungal Infections,../datasets/feed/train/Fungal Infections/FUNGAL-INFECTION_011_jpg.rf.197c8e6439fed79b43d6ec40b2fb0fad.jpg,07735608c49181b9d065e56670dd93be,2
train,Demodicosis,../datasets/feed/train/Demodicosis/1-41-_png_jpg.rf.848025759a21c5b97e89ccea6fa5ab8e.jpg,077a6ba07162eed200de5f83543f7bd0,0
valid,Ringworm,../datasets/feed/valid/Ringworm/NEWR16_jpeg_jpg.rf.8384b733ad7a236c1d63100a6d0a1846.jpg,078562daeaac988d3d52f9149b6bdeb2,5
train,Fungal Infections,../datasets/feed/train/Fungal Infections/FUNGAL-INFECTION_015_jpg.rf.55845f2e8c7664dfb073ffbe6431a4c5.jpg,0792eaba4c0134ec31486c74213e518a,2
valid,Healthy,../datasets/feed/valid/Healthy/dogs_001_jpg.rf.ab68ddec1ce9315cb85524e38f918e76.jpg,07d33b18c4c184d2d5f62f911b3ce468,3
train,Dermatitis,../datasets/feed/train/Dermatitis/1000010646_x16_jpg.rf.69f421dfbef404fdc90a301174bc1e68.jpg,07d65bf1be660d118b988c191e7b4791,1
train,Demodicosis,../datasets/feed/train/Demodicosis/P23_png_jpg.rf.caf4f714d832d511232e6384ddef32df.jpg,07da0da2a8626be5eb44e30e68ff09c0,0
train,Hypersensitivity,../datasets/feed/train/Hypersensitivity/Hypersensitivity_image_4_jpg.rf.461582951868b3986d6f627214841751.jpg,07e3b0e3eb2928d0a8c8d0d8e16baf62,4
valid,Fungal Infections,../datasets/feed/valid/Fungal Infections/pic72_jpg.rf.1fc58b8a7abc054153fe328de0ee1bfa.jpg,07e84c1f45cb406c4cdd8f76a66a2ce7,2
train,Ringworm,../datasets/feed/train/Ringworm/NEWR55_jpeg_jpg.rf.a84cce9ff7f0c35905738a896e42b73f.jpg,07ed33ba4ac5e7b16eedd56437575bb4,5
train,Healthy,../datasets/feed/train/Healthy/images-3_jpg.rf.74a62eba52b475a6374eb54d4699a1b4.jpg,0808a2e37772be637087e2a88ab83e25,3
valid,Healthy,../datasets/feed/valid/Healthy/dogs_039_jpg.rf.c9de894b71581bc26fc4f139979e3045.jpg,080dca0cb35cf95c5de8c4c508902bca,3
valid,Ringworm,../datasets/feed/valid/Ringworm/ringworm-54-_jpg.rf.ca4c34cfa96b4123a4192e3cc32ff9dd.jpg,081c7d2890f425840620a59aba0eeffd,5
train,Ringworm,../datasets/feed/train/Ringworm/1000010719_x16_jpg.rf.58e2c60ac35f45c420e2912052c73872.jpg,0822727328b034f36e3deb72d4f3471f,5
train,Ringworm,../datasets/feed/train/Ringworm/NEWR19_png_jpg.rf.bf3971293062c538d128be085ae3bc2a.jpg,0827bbceac5bd0e2515568fc8db7998a,5
train,Ringworm,../datasets/feed/train/Ringworm/ringworm-64-_jpg.rf.b6d2fc113cee851fcb5411000e6d071b.jpg,085fc0dd32bdb04b1c7ecb9e6736765f,5
train,Healthy,../datasets/feed/train/Healthy/dogs_054_jpg.rf.c259d27731c2fb93c8b589c7a7cea211.jpg,086bf0efd1ca33677ef27e40208cf64e,3
train,Ringworm,../datasets/feed/train/Ringworm/8097D5C3-C6C2-43C2-B1B7-566A25D1DF08_jpeg_jpg.rf.5ef65bee0e703efec7506e138aa57b8c.jpg,08807cf3fe9a91df4164de68f244766b,5
train,Hypersensitivity,../datasets/feed/train/Hypersensitivity/1309_jpg.rf.ef9b546c08e9e85f5a96ddfa1ccdaad6.jpg,088b4ce90c54b3c1fdc2278e23850537,4
train,Healthy,../datasets/feed/train/Healthy/dogs_272_jpg.rf.427f5ff871022d84222a3791373fa7ee.jpg,0899a97d6c198578c29aebd297736f68,3
train,Demodicosis,../datasets/feed/train/Demodicosis/2024-05-13-164000_jpg.rf.215ce37947fa25cf9ca7a0da3061dbd3.jpg,089bdaa1c21ee49738ea89fc10064c65,0
train,Healthy,../datasets/feed/train/Healthy/pic59_jpg.rf.cd939a886d82ea820e280ffab8fcd008.jpg,08a00645ce28f10ea7f3b2d7046e2749,3
train,Ringworm,../datasets/feed/train/Ringworm/NEWR54_jpeg_jpg.rf.629d969a2e21a02d030829d98f8cb92b.jpg,08abacf9fcc151d0147238d771b90e7d,5
train,Dermatitis,../datasets/feed/train/Dermatitis/1000010697_x16_jpg.rf.4eb8c6614958cb15856445f7a35144bf.jpg,08ac35f34a5f941ef87bcb61d58766b7,1
train,Fungal Infections,../datasets/feed/train/Fungal Infections/1380_jpg.rf.177d5cbdea493914dbd9dc8a176c93af.jpg,08acc6e32e8ce4e853b88766e068e1bc,2
train,Healthy,../datasets/feed/train/Healthy/HEALTHY_029_jpg.rf.004ae9de03fc6114b127b11c1266fe7d.jpg,09069e0e99818a982dd57a33756e1894,3
train,Dermatitis,../datasets/feed/train/Dermatitis/May-is-allergy-awareness-month-here-at-The-Shot-Spot_00028_jpg.rf.7aaebf1ef2ec2e1a1ff67eb699f2bb9b.jpg,09099cc36a5c60dbf10329e178f0585e,1
valid,Demodicosis,../datasets/feed/valid/Demodicosis/2024-05-13-163912_jpg.rf.df00a461658d019201568efa2d2fd21c.jpg,090e907aa4f9c65d1b6e3bb9cd23d9e1,0
valid,Ringworm,../datasets/feed/valid/Ringworm/BUTI-NA-LANG-AT-LAGI-AKONG-MAY-STOCK-AKO-NITONG-GAMOT-NA-ITO-000146_png_jpg.rf.6b23f2fb19cbb8a07b0114ba4614347a.jpg,0910d3c402cae482e67860568cf0bb42,5
train,Demodicosis,../datasets/feed/train/Demodicosis/2024-05-13-164158_jpg.rf.934d49f094e17609dc682505b0ada33c.jpg,0920f4e17e417e617461ebf76499261a,0
valid,Demodicosis,../datasets/feed/valid/Demodicosis/P52_jpg.rf.8dacbcf1c04c864145d6839b6bff1923.jpg,0924cbf6d37f7340baeaee4c510df008,0
train,Hypersensitivity,../datasets/feed/train/Hypersensitivity/Hypersensitivity5_png_jpg.rf.4090c8670b1aceeb713f860ab1601aa5.jpg,093ed05e8acdcb9b89f9633cd93190cd,4
valid,Fungal Infections,../datasets/feed/valid/Fungal Infections/pic38_jpg.rf.cc3e2dc4f428f3a294f6f207981abc1e.jpg,094797975688c71884c171282b6943e6,2
train,Dermatitis,../datasets/feed/train/Dermatitis/bacterial_Image_4_jpg.rf.82c021b3dd6a7795d6ea3a2ace4d60bc.jpg,095afec8c19dcda62247fc459da89c1d,1
valid,Dermatitis,../datasets/feed/valid/Dermatitis/Owners-usually-don-t-get-a-good-vote-of-just-how-big-hotspots_00345_jpg.rf.40fd389e7cbc85f73c5eb9b035337229.jpg,09709e12458bf3b33895dc3b1c91b8b3,1
train,Ringworm,../datasets/feed/train/Ringworm/NEWR31_png_jpg.rf.900ab87497ab667f214c28cd1c1e5a58.jpg,0981506aeabf1ce3d7508aed5ee811e7,5
valid,Healthy,../datasets/feed/valid/Healthy/HEALTHY_019_jpg.rf.1153b03fccc2209f6a0a6ad828253514.jpg,0986ade2d8edcf72993331c3ab22bc35,3
valid,Ringworm,../datasets/feed/valid/Ringworm/436646102_943880210611867_8407756000999041587_n_jpg.rf.586499799c57d3aab35e4882e5958abf.jpg,098cc631d613f6d43d6ba6ab68d44bb1,5
train,Ringworm,../datasets/feed/train/Ringworm/ringworm-140-_jpg.rf.2009b503e98bb341c82699bbd497bd97.jpg,09a563908d0b78a100c525794f4bedfc,5
train,Healthy,../datasets/feed/train/Healthy/dogs_236_jpg.rf.eac686451f43d75c0ab5847d861a3f79.jpg,09aceae03ee7b7dfcb88b50e44ae20c2,3
train,Demodicosis,../datasets/feed/train/Demodicosis/1-46-_png_jpg.rf.607a39c9da2334ebdf62e5b1a0f7961d.jpg,09b36fbd8cad77b3600f6de5ea935a1a,0
train,Fungal Infections,../datasets/feed/train/Fungal Infections/pic1_jpg.rf.2d29db12b7b27d5f729fc99f647f8d5a.jpg,09deba674ce84d8d7868572b38326b11,2
valid,Fungal Infections,../datasets/feed/valid/Fungal Infections/Fungal_Image_1_jpg.rf.0ee24dfb0992932e416615774aeb2369.jpg,09e68a303bb6b93350c67cd04101b991,2
train,Dermatitis,../datasets/feed/train/Dermatitis/OIP-20-_x4_jpg.rf.f4f7dc9d80571f478a5c9147a17911c2.jpg,0a155b12958f6d4364175d2a643c28e9,1
valid,Ringworm,../datasets/feed/valid/Ringworm/436724346_1101576490931453_293184214701696605_n_jpg.rf.b4097817a545ff57a27313334f781f56.jpg,0a2450726e4f0161daf003b8e1194c38,5
train,Healthy,../datasets/feed/train/Healthy/HEALTHY_028_jpg.rf.c80dd98fc912c65d83c0d83059e45ee7.jpg,0a2bba086a33941a9294f9e08837cbaa,3
train,Dermatitis,../datasets/feed/train/Dermatitis/1000010778_x16_jpg.rf.0f3f12e1af60f2617fdf508dc69797e5.jpg,0a5a725feadd4d0f75aed922e97a43c4,1
valid,Healthy,../datasets/feed/valid/Healthy/Image_18_jpg.rf.c64dd20eb93bd0404b10bdb78d7947d4.jpg,0a5b914af6e442a09485cbfc9b6e3313,3
valid,Dermatitis,../datasets/feed/valid/Dermatitis/hotspot-48-_jpg.rf.7e2a79f19f2965662137054f567384bb.jpg,0a66f1ba2b729c93b5121d06f7c1a001,1
valid,Fungal Infections,../datasets/feed/valid/Fungal Infections/pic91_jpg.rf.379ec1283d357de8c9ec73d7bdf1c06a.jpg,0a778f35e265e23390590b08b6673e63,2
valid,Ringworm,../datasets/feed/valid/Ringworm/436827116_313204271618259_7494145659042912998_n_jpg.rf.089691b28f70c86999ca15ac508b45c4.jpg,0a788d8fff963c8d9104032f13fe0b34,5
train,Demodicosis,../datasets/feed/train/Demodicosis/IMG_5150_jpeg_jpg.rf.1883eca422022db52bbb91bb902d0c33.jpg,0a7e58cffba7ebc475b5542c7f816c1f,0
train,Ringworm,../datasets/feed/train/Ringworm/1000010534_x16_jpg.rf.f83a45869ee667563a5c76ab59babb49.jpg,0a84b3c52d9448d1555514ae1151706f,5
valid,Dermatitis,../datasets/feed/valid/Dermatitis/1000011977_x4_jpg.rf.a6d40d6686eed00f41b70ab7638a239c.jpg,0a8bdf92ab1c56507273b7cc9164545f,1
train,Dermatitis,../datasets/feed/train/Dermatitis/Atopic-dermatitis_Dog-chronic-lick-sore-on-leg_DermVets_jpg.rf.a9cddec84f1bc33b1eeff2654a61b5b1.jpg,0a9d9c350fb4983d89a73fe9aa5cc7f8,1
train,Fungal Infections,../datasets/feed/train/Fungal Infections/1577_jpg.rf.975fd4901677ca7846c71b3b0ad1967e.jpg,0aa6d1eb7d580eec517cbc04fc9756e1,2
train,Fungal Infections,../datasets/feed/train/Fungal Infections/fungal3_jpg.rf.1295c27a1b0d59dfbd44045446da1f36.jpg,0ab8ce754a49857730f74f72064037e5,2
valid,Dermatitis,../datasets/feed/valid/Dermatitis/Hot-Spot-on-_Chance_-How-to-treat-a-dog-that-you-can_t-touch_-000618_png_jpg.rf.e3c939ec6e28b7dba46ccfa04b910bdd.jpg,0ad8e32e3c6b403f7b91bfac94e0a9cc,1
train,Dermatitis,../datasets/feed/train/Dermatitis/1000010549_x16_jpg.rf.844eac23307655d7f0b55c4454e329ea.jpg,0ae36f99f1c36299cdd0d3e62bbec080,1
train,Demodicosis,../datasets/feed/train/Demodicosis/2024-05-13-162359_jpg.rf.4c54da1f1c2af6dff73f490d7be0c373.jpg,0aeb97b38f0c8ddf96c9246efc5a6993,0
train,Healthy,../datasets/feed/train/Healthy/pic57_jpg.rf.f084240cabe3175cf30f53bbcd34f94e.jpg,0af4f047c46b37753561715695b011a0,3
valid,Demodicosis,../datasets/feed/valid/Demodicosis/P35_png_jpg.rf.e78ae26ac87af30303b32f1980d02790.jpg,0b2aaa32f63886599f0119130dee88dc,0
valid,Ringworm,../datasets/feed/valid/Ringworm/436701801_8280282811988582_286668803611391804_n_jpg.rf.462ee86ffb05a6c5802e399bbfa01929.jpg,0b393d2a25e1c9f44b853355815290fe,5
train,Ringworm,../datasets/feed/train/Ringworm/WIN_20240514_17_37_15_Pro_jpg.rf.922c3bfcbaeeb5992b0ba8837aa51f77.jpg,0b3e8bc9286b3826816645e06c29645f,5
train,Healthy,../datasets/feed/train/Healthy/HEALTHY_046_jpg.rf.79740ec8fca141d007737888904d44a1.jpg,0b3e9505195b1b8c5fba283523aac214,3
valid,Healthy,../datasets/feed/valid/Healthy/HEALTHY_050_jpg.rf.9d3f19e2e3d2999fb9600f9bda2d7663.jpg,0b470a285b1817c7a5b7f7736b964c3b,3
train,Ringworm,../datasets/feed/train/Ringworm/ringworm-84-_jpg.rf.abed5113ce0601f5783172794f0f2135.jpg,0b6380c18da7e18078aa189ee5f62cc9,5
train,Dermatitis,../datasets/feed/train/Dermatitis/1000010558_x4_jpg.rf.5714a23078a722f96f3cc6d8c3ea8bd8.jpg,0b6a28860c3c5a51de85765b076adc32,1
train,Hypersensitivity,../datasets/feed/train/Hypersensitivity/1384_jpg.rf.16a7c9c52c429013ece2ba8c01e1108f.jpg,0b6c4ee9b8080cb5ffd578cd942e4021,4
valid,Dermatitis,../datasets/feed/valid/Dermatitis/hotspot-87-_jpg.rf.f7099d6e0b15efd3cf38d22301b0c513.jpg,0b8d3402603abf069be45856f2bc6db6,1
train,Demodicosis,../datasets/feed/train/Demodicosis/P11_png_jpg.rf.ed7b36bfdd39e64d1eb1afb04828ded9.jpg,0baf0755b1437fff0ba1a7bf31613568,0
train,Demodicosis,../datasets/feed/train/Demodicosis/2024-05-13-134153_3_jpg.rf.f3a697bd4576013d30e4250a7bbb25e2.jpg,0bb9bf316363d80cf8a5d7256aa0c75b,0
train,Ringworm,../datasets/feed/train/Ringworm/NEWR35_png_jpg.rf.61389403246c34600e16868f7056f974.jpg,0bc19623ddb01e3f9d6eeda48bfe6619,5
valid,Demodicosis,../datasets/feed/valid/Demodicosis/scabies_127_png_jpg.rf.2b730b950c92f22ad4760aae0e33adf4.jpg,0bc602e13e62ff9398a32279fb58205c,0
valid,Fungal Infections,../datasets/feed/valid/Fungal Infections/1260_jpg.rf.7338ec97598d39f91dff8fcbf6069f7c.jpg,0c086bca2b4c57712b32197ac167e9e1,2
train,Healthy,../datasets/feed/train/Healthy/HEALTHY_024_jpg.rf.3218681ed5c5f3f3011f630badbb2f19.jpg,0c1caa1c5695da52f16039f39727cdf3,3
train,Demodicosis,../datasets/feed/train/Demodicosis/1-45-_png_jpg.rf.c48f12f750c206407aeb0252c70eb0d4.jpg,0c1fde3f44522d57599a41cfca47de63,0
valid,Hypersensitivity,../datasets/feed/valid/Hypersensitivity/B9781416056638000070_f007-046-9781416056638_jpg.rf.99ed574e352fd4c6fb398ffb637544b2.jpg,0c6205cbcfd39aca7f154848cb3eb542,4
train,Ringworm,../datasets/feed/train/Ringworm/ringworm-123-_jpg.rf.9176d20c7ce7a7746b97d2c7cac74bb7.jpg,0c8e93419965ed9cb01d7908cbb2817f,5
valid,Dermatitis,../datasets/feed/valid/Dermatitis/May-is-allergy-awareness-month-here-at-The-Shot-Spot_00046_jpg.rf.a37252d5f455d49211da7bd9f66fb27a.jpg,0ca87d5511fd3e7fe08538dab5053666,1
valid,Dermatitis,../datasets/feed/valid/Dermatitis/hotspot-42-_jpg.rf.b385ada2e117f3a7e92b80e44289148b.jpg,0cb25bf3db7080e15874e66be232abae,1
train,Healthy,../datasets/feed/train/Healthy/dogs_231_jpg.rf.4bb17c857c2f28e9579861679dfb73ab.jpg,0cd80e1e8077cbe16246dde6903ef0d2,3
train,Healthy,../datasets/feed/train/Healthy/dogs_029_jpg.rf.600e3e9567ed16a438ae10fd088ea074.jpg,0cfd01d45a9c21c68c4ffcea8c23b5c3,3
valid,Dermatitis,../datasets/feed/valid/Dermatitis/Hot-Spot-on-_Chance_-How-to-treat-a-dog-that-you-can_t-touch_-000623_png_jpg.rf.88017bcb5c8426dc62796313270c05e1.jpg,0d1090136b9f1da69e6c90812ddb6b42,1
train,Fungal Infections,../datasets/feed/train/Fungal Infections/FUNGAL-INFECTION_044_jpg.rf.3e410ad353b17b584a069887052243fe.jpg,0d126f9875fcfdc42b97fb26e259731d,2
train,Demodicosis,../datasets/feed/train/Demodicosis/2024-05-13-164224_3_jpg.rf.701d968178e09ad8974387a74abca09e.jpg,0d188466768c98f972b1125d187b55f4,0
train,Dermatitis,../datasets/feed/train/Dermatitis/hotspot-34-_jpg.rf.18b69b82653e6ed670ff6d1ad2212639.jpg,0d2150285fb56056d51848511cf32cb5,1
valid,Ringworm,../datasets/feed/valid/Ringworm/1000010581_x16_jpg.rf.6b34ea772b7fe3c924b25cdf44b7c5e0.jpg,0d35dd9ef2f499a03dcbad627b904785,5
train,Ringworm,../datasets/feed/train/Ringworm/1000010776_x16_jpg.rf.dd3698796b4a7c2c6e25a930e002320e.jpg,0d50ce23dac88defd67dd81a3a1e8c33,5
train,Ringworm,../datasets/feed/train/Ringworm/NEWR53_jpeg_jpg.rf.8521234fee1f137afd7577cc12a60d00.jpg,0d635e6e629525f9897b6f7c69d4cfd7,5
train,Ringworm,../datasets/feed/train/Ringworm/R54_png_jpg.rf.1f431da64b48dcfde77abda2111ac5c3.jpg,0d7302221eba2ed444ec1489a24e8e4b,5
train,Ringworm,../datasets/feed/train/Ringworm/R30_png_jpg.rf.3ebdb2685ff48d01bd6f442ebdb61479.jpg,0d7a84e0bc2a750a50b4478843201e70,5
valid,Ringworm,../datasets/feed/valid/Ringworm/ringworm-132-_jpg.rf.3e0797b6e7e39b3bbe9a972cf342e714.jpg,0d832db50ade94d6145a1b7a918374e8,5
train,Demodicosis,../datasets/feed/train/Demodicosis/1-25-_png_jpg.rf.ddd9c0ebbc05bc2e51bf85fe8b031a1e.jpg,0d8804e6e8e6e30e542836a7ef28d4fd,0
train,Demodicosis,../datasets/feed/train/Demodicosis/IMG_5247_jpeg_jpg.rf.202d33aa7b11e2d90ca613be86e045fc.jpg,0da10161e0a536e49c9c1246ffdeda63,0
train,Demodicosis,../datasets/feed/train/Demodicosis/2024-05-13-165246_jpg.rf.9d792d03aa783af07acf50b51f7647fa.jpg,0da45885c9fab319fea3e3a3cbace771,0
valid,Dermatitis,../datasets/feed/valid/Dermatitis/1000010781_x16_jpg.rf.0966ecc4543749bff829275cc2480cef.jpg,0db57d762e77fa21c65996af7005dd90,1
train,Demodicosis,../datasets/feed/train/Demodicosis/scabies_111_png_jpg.rf.97b99de5bda4562e8e15cba984ecfbea.jpg,0dc0204d248381e09bd3571387815f9f,0
train,Ringworm,../datasets/feed/train/Ringworm/ringworm-62-_jpg.rf.89d17afa25ffe20d69c6287a8759791f.jpg,0dcbbf3b288dfc64f6e06472e1d053ea,5
train,Healthy,../datasets/feed/train/Healthy/dogs_118_jpg.rf.8c2d1372b356972a8cf064daf9b09d9a.jpg,0dd5dfddce77b4e099f511ebcd14aa9b,3
train,Fungal Infections,../datasets/feed/train/Fungal Infections/fungal3_jpg.rf.2f4e249af31c0716818b1791e25fe383.jpg,0ddd31d0425810bf1aa48183d84ffac1,2
valid,Dermatitis,../datasets/feed/valid/Dermatitis/HOT-SPOT-IN-DOG-HOW-vet-treated-symptom-prevention_-flea-bite-moist-eczema_dog-itching-000454_png_jpg.rf.eb4f4348e1e0b3118d4e6bf604d2fc32.jpg,0ddedf79d16c6feb1534d5de9b89035a,1
train,Healthy,../datasets/feed/train/Healthy/HEALTHY_022_jpg.rf.a15a58c8f63517f351f8ec9aca393689.jpg,0deb1e14665714a3b54a0fe53f5bd93b,3
train,Healthy,../datasets/feed/train/Healthy/dogs_012_jpg.rf.04945fa7ce358850ef40084bd16cc573.jpg,0e08f4ef20bef90289350a2772fe12c2,3
valid,Dermatitis,../datasets/feed/valid/Dermatitis/Reply-to-don-t-let-your-dog-suffer-in-silence_00009_jpg.rf.0e62191b11b6b2a25da402bdee7ac3b8.jpg,0e11c22806633b043e3acc9e8b114e45,1
valid,Healthy,../datasets/feed/valid/Healthy/Image_30_jpg.rf.bfa1683448777c9a486574d32d3923b9.jpg,0e128ba699ae8adb435900cf1a04c749,3
train,Demodicosis,../datasets/feed/train/Demodicosis/P52_jpg.rf.308c46670645655d938a356a6e0c7fdf.jpg,0e4c77d30dcc7857d9ce2bff2c3cc823,0
train,Demodicosis,../datasets/feed/train/Demodicosis/scabies_120_png_jpg.rf.d1f1a36b4391d9e6419c2185329ae652.jpg,0e63889ee01c5e2b39857b59355a0d78,0
train,Dermatitis,../datasets/feed/train/Dermatitis/HOT-SPOT-IN-DOG-HOW-vet-treated-symptom-prevention_-flea-bite-moist-eczema_dog-itching-000484_png_jpg.rf.bd7c3dc4b76b47e93481b5a8e821e736.jpg,0e99a0f8ccd7abb2c939ad9c596e3f8d,1
train,Healthy,../datasets/feed/train/Healthy/034_jpg.rf.fba1f5dd626e4aa47cb2f31840e8282e.jpg,0ea26aa7f2174f0bb137dfdb48823b2c,3
valid,Healthy,../datasets/feed/valid/Healthy/pic49_jpg.rf.8cdf11860fd986e3d7971f5ddef0db65.jpg,0eb090b4aba437c674dc62d4d0f24651,3
train,Ringworm,../datasets/feed/train/Ringworm/R56_png_jpg.rf.1be7d56ac39a3c40a5e87a1e504e8355.jpg,0ecfb4c1f5c76fc5c9ae00da918f1896,5
train,Fungal Infections,../datasets/feed/train/Fungal Infections/fung2_jpg.rf.f70606a87c3cb15a5863c0d3cdea24d5.jpg,0ed8670a482718daa80544ca14bc5ec6,2
valid,Healthy,../datasets/feed/valid/Healthy/60_jpg.rf.238cca30d857a5732c0cd49f6b44a72c.jpg,0ee87e0cdbace4c6e945c1ee47d1d143,3
train,Dermatitis,../datasets/feed/train/Dermatitis/HOT-SPOT-IN-DOG-HOW-vet-treated-symptom-prevention_-flea-bite-moist-eczema_dog-itching-000361_png_jpg.rf.4e7e8521e64f6ce402e424acf3c9da9b.jpg,0f09452d02ab44cf0523549b6d255d25,1
train,Hypersensitivity,../datasets/feed/train/Hypersensitivity/Hypersensitivity_1_jpg.rf.d28bd4ed16b4b3c12885e0af8412f21f.jpg,0f0b062319754841756e1de84d394e42,4
valid,Demodicosis,../datasets/feed/valid/Demodicosis/1-25-_png_jpg.rf.24f7a22be20f947f6d6517caa423f737.jpg,0f1d8581eb18c130ce75bf8fcc8c922e,0
valid,Ringworm,../datasets/feed/valid/Ringworm/1000010566_x16_jpg.rf.c82d9e21ff7283377a603ed9ed0a3383.jpg,0f1f3c4a8dcc21c303cf6f5649aa1639,5
train,Fungal Infections,../datasets/feed/train/Fungal Infections/pic92_jpg.rf.3a9b317d408467d907fc945198b22605.jpg,0f28a2f719099d43a4a229f087aae9aa,2
valid,Fungal Infections,../datasets/feed/valid/Fungal Infections/Fungal1_png_jpg.rf.a8868bd2b93fae50e0a6012e60b60a5c.jpg,0f37134c0010dafcc94541ed919774d2,2
train,Healthy,../datasets/feed/train/Healthy/HEALTHY_037_jpg.rf.44bddbfb317110008b5ec47c2ba2b514.jpg,0f5585aed2e3db228ea27f0a847438eb,3
train,Ringworm,../datasets/feed/train/Ringworm/WIN_20240514_17_29_49_Pro_jpg.rf.96885da5ba5ee87f7e7dbcce3188e7c8.jpg,0f6c9124c3625e8745ef0c6e958143b2,5
train,Ringworm,../datasets/feed/train/Ringworm/R15_png_jpg.rf.4df6bd889383b994dc6c3285b268754a.jpg,0f6ee78171afdb7ca47819fe13a1ad87,5
train,Demodicosis,../datasets/feed/train/Demodicosis/2024-05-13-161913_jpg.rf.f4cb36ab6b4b6aa509e600fdc72ef9f3.jpg,0f797254edfb466600320a0e46bff48d,0
train,Demodicosis,../datasets/feed/train/Demodicosis/1-42-_png_jpg.rf.8a3bd6ef97b31e285a079eeedcdcd8e3.jpg,0f86f55b2b7b7ea43bcea3e61ed0855c,0
train,Healthy,../datasets/feed/train/Healthy/dogs_047_jpg.rf.53ab238fd7031100cc4a7127a2670408.jpg,0f9b25f1e4493e06f889a8ad4fde5883,3
valid,Ringworm,../datasets/feed/valid/Ringworm/WIN_20240514_17_30_07_Pro_jpg.rf.df1dbc12e9883e02e30b9d36784cc82a.jpg,0f9c14e72cb13e40fcab66a646766a93,5
train,Ringworm,../datasets/feed/train/Ringworm/ringworm-133-_jpg.rf.b555f8c9a8e4c0676902ab5e37a5dac5.jpg,0fbd6f632bb61291f3916d25346f1e11,5
valid,Hypersensitivity,../datasets/feed/valid/Hypersensitivity/Hypersensitivity_1_jpg.rf.a103dec30a80380f4bb68834c8249509.jpg,0fd80df8e48801422fd3b11b4961daa1,4
valid,Dermatitis,../datasets/feed/valid/Dermatitis/pic456_jpg.rf.5220abbb81252daefe2dd3d27c42d0a0.jpg,0feb75adbd41a25457a74c44d782df9e,1
train,Dermatitis,../datasets/feed/train/Dermatitis/May-is-allergy-awareness-month-here-at-The-Shot-Spot_00547_jpg.rf.dee1a10879fc36648f7c55a34c961175.jpg,0ffd2b0c3f610c165fadaa08c6749b0f,1
valid,Healthy,../datasets/feed/valid/Healthy/download_jpg.rf.ffa2bbd30493847074b451b9e12a3912.jpg,101e232ffdedcb81e2e1fea8b543a3f0,3
train,Fungal Infections,../datasets/feed/train/Fungal Infections/1161_jpg.rf.abf60f66704bd68497db48ec2fae64b0.jpg,1020857e6e2f3ae4b89c7bf7fd723d1d,2
train,Hypersensitivity,../datasets/feed/train/Hypersensitivity/hs2_jpg.rf.2289eb0538b2d9f3be2b968603924773.jpg,104d6d2211fbafc241bfdc8c4f87e086,4
valid,Dermatitis,../datasets/feed/valid/Dermatitis/1000010607_x4_jpg.rf.7353c6a0edf7ec0660cc48dbd8457bc3.jpg,106bdab3d2baa4c2c69479d4a3a0b514,1
train,Ringworm,../datasets/feed/train/Ringworm/Day-1-of-ringworm-treatment_00081_jpg.rf.8725b3d7dd0036582a778f19007816a6.jpg,108aa667cdd9fa35ce732dcfd0d6d7eb,5
train,Ringworm,../datasets/feed/train/Ringworm/WIN_20240514_17_34_49_Pro_jpg.rf.07f3492bf615be94488b0f8881a15959.jpg,109a45a0ae098194585f2330b201416b,5
train,Fungal Infections,../datasets/feed/train/Fungal Infections/Fungal1_png_jpg.rf.8690683790e37783968ca3bc3a355f22.jpg,10f40bd3a705eeaf1c6048a89120aaf2,2
train,Hypersensitivity,../datasets/feed/train/Hypersensitivity/B9781416056638000070_f007-010-9781416056638_jpg.rf.6c358df8fd49701164856b7743cf27b2.jpg,10fa9cd0e9ad5e9054f148945e330da9,4
train,Demodicosis,../datasets/feed/train/Demodicosis/IMG_5223_jpeg_jpg.rf.c496b42fa2ccccac41bf8bbe3f1f6577.jpg,1103a21f03fad6d0a2bb8d95a096cc8c,0
train,Dermatitis,../datasets/feed/train/Dermatitis/HOT-SPOT-IN-DOG-HOW-vet-treated-symptom-prevention_-flea-bite-moist-eczema_dog-itching-000358_png_jpg.rf.ec76dc8ed971ea9b177f8632215ccf81.jpg,111616092ca669cde193e81f363585ef,1
train,Demodicosis,../datasets/feed/train/Demodicosis/IMG_5182_jpeg_jpg.rf.0dee7367e44d08fdda7b214e1389893f.jpg,1117353e49e21473032f009a917a5447,0
train,Hypersensitivity,../datasets/feed/train/Hypersensitivity/B9781416056638000070_f007-021-9781416056638_jpg.rf.6d228d219f84b653ca2548c0a3e27d87.jpg,1125c4aba2ba22d89bc7188a11c655eb,4
train,Dermatitis,../datasets/feed/train/Dermatitis/1000010586_x4_jpg.rf.e950b7016d652bfd6bb59b0571a8a5ac.jpg,1125e555d9a5ece3790a05fde30858c6,1
train,Healthy,../datasets/feed/train/Healthy/Image_6_jpg.rf.fba299f4490b928377e2fcc8a52ecffa.jpg,113cf3df0c603674137d9e4c733a1745,3
train,Ringworm,../datasets/feed/train/Ringworm/436640642_811487460836132_6485568501349186497_n_jpg.rf.ff9b020979cd15fab4501e8faaa9e800.jpg,114d3a2f7e2e5d90e22f7e79d9c252d0,5
train,Dermatitis,../datasets/feed/train/Dermatitis/May-is-allergy-awareness-month-here-at-The-Shot-Spot_00139_jpg.rf.1da6fba4360611509402752d1ad95003.jpg,115a49c602a9a0441445c435dd931b52,1
train,Ringworm,../datasets/feed/train/Ringworm/436660568_816714827062296_2603836073731005890_n_jpg.rf.6f1cc5d9403e9097a5371a358e7f2940.jpg,1172607aaf93c0d8fe6a41b4ba349b88,5
train,Ringworm,../datasets/feed/train/Ringworm/WIN_20240514_17_38_15_Pro_jpg.rf.978acdf95760d0fe57855e1cd0fc1f8b.jpg,117e73336904f6f2ec16d44777fdec23,5
valid,Healthy,../datasets/feed/valid/Healthy/HEALTHY_057_jpg.rf.d9739493d4e2ae8a801767d5934a9833.jpg,118f3766f530e84ee75d50a27abcce90,3
valid,Ringworm,../datasets/feed/valid/Ringworm/NEWR31_png_jpg.rf.6dc7ff44bde55ee7db3f01f5d72f2743.jpg,11924493d4531b4a2b299c8be92624d8,5
valid,Dermatitis,../datasets/feed/valid/Dermatitis/Hot-Spot-on-_Chance_-How-to-treat-a-dog-that-you-can_t-touch_-000622_png_jpg.rf.66ceb18aef8d29015b591e4ca7b2ce7f.jpg,11956c9099a21f87cf35dddf2dbc7e7e,1
train,Demodicosis,../datasets/feed/train/Demodicosis/2024-05-13-163631_jpg.rf.493eb3a78035df0638ee8b0120d67f3c.jpg,11baa08fd1f3cef6296eba17418004fc,0
train,Healthy,../datasets/feed/train/Healthy/030_jpg.rf.49d261b19fba40b41edef8b16b528773.jpg,11bd6f260869b0f8fad6b62b00ac6859,3
valid,Demodicosis,../datasets/feed/valid/Demodicosis/2024-05-13-163733_jpg.rf.60d120471335b21f77b61a6ce6b47095.jpg,11bff0288b830193a8a519614ac61596,0
valid,Hypersensitivity,../datasets/feed/valid/Hypersensitivity/B9781416056638000070_f007-003-9781416056638_jpg.rf.ad041a908e7a7c2af2010f21db718bd6.jpg,11c0dbb688963c70106c628b15e40d96,4
train,Ringworm,../datasets/feed/train/Ringworm/ringworm-26-_jpg.rf.6d8f67df2face8762a6a2bc6c259b8b6.jpg,11c31d522ca17ea679542d1635dea71b,5
train,Ringworm,../datasets/feed/train/Ringworm/WIN_20240514_17_30_07_Pro_jpg.rf.8a6eae3fd6f30a831457995c6e358537.jpg,11cafe2098d5409813b136af6e40c42d,5
train,Dermatitis,../datasets/feed/train/Dermatitis/May-is-allergy-awareness-month-here-at-The-Shot-Spot_01663_jpg.rf.6dbc51cb14c8a0e0ec38436f2f2a13fc.jpg,11cb8ca743a2215de01d66762d34d081,1
train,Fungal Infections,../datasets/feed/train/Fungal Infections/1577_jpg.rf.5258d70874c7c01476ce5fe160ec7089.jpg,11d6fd1cd5fc0469f7735c3b2450b35f,2
train,Demodicosis,../datasets/feed/train/Demodicosis/1-1-_jpg.rf.eebf0e87892957114c91ca6a3ced8e50.jpg,11da16a682c223634ac2685373a78260,0
train,Dermatitis,../datasets/feed/train/Dermatitis/hotspot-25-_jpg.rf.3e22c990d61a68109027579035eacc1f.jpg,11ed399d7be39afb1508527dccf83daf,1
valid,Healthy,../datasets/feed/valid/Healthy/HEALTHY_011_jpg.rf.1f24d5fbeef1d0818f5a9de8077aa269.jpg,11f10c45243ea934fc9c43bca9342d01,3
valid,Ringworm,../datasets/feed/valid/Ringworm/WIN_20240514_17_29_02_Pro_jpg.rf.2e6707764aa397d103af4a46b5aee8e5.jpg,11f1ffd36d056df4feef8bf93ebd984b,5
train,Hypersensitivity,../datasets/feed/train/Hypersensitivity/pic2_jpg.rf.09d4bfa86dd4791db76a11bddc371c7f.jpg,11fb6b055d91b928e5d7d67ed8295454,4
train,Fungal Infections,../datasets/feed/train/Fungal Infections/pic60_jpg.rf.fc1d414f7256248537dac88148e9f437.jpg,12029cfa6dff9558cf034e98fc43eadb,2
train,Ringworm,../datasets/feed/train/Ringworm/436834555_971428530700227_1190221486636769474_n_jpg.rf.f6f23824aa3d62e6aa938737290fc6b6.jpg,1209a58ceb937f50f8372a8d4dbb6229,5
train,Ringworm,../datasets/feed/train/Ringworm/1000010729_x16_jpg.rf.d1466ada90cc06d345217a2db745c4ec.jpg,12190e475f90ce97613b0c4b13cddf49,5
train,Hypersensitivity,../datasets/feed/train/Hypersensitivity/Hypersensitivity_image_4_jpg.rf.0639ac9474cf4fe27bfcd21674fe1b5f.jpg,1225058f23510f87910912c35a8a8b7d,4
valid,Dermatitis,../datasets/feed/valid/Dermatitis/bac1_jpg.rf.eb7b7013241bc02cbbb326e7f4abdd98.jpg,1244f2a74afde70d83d4d481a579fa12,1
train,Ringworm,../datasets/feed/train/Ringworm/R25_png_jpg.rf.e593abf2f17a287549ff36089d705fc1.jpg,1250c67e83594e12594691b65fe7bf1a,5
valid,Dermatitis,../datasets/feed/valid/Dermatitis/May-is-allergy-awareness-month-here-at-The-Shot-Spot_00022_jpg.rf.6050a3b1b3087aa579940fb416fa8e48.jpg,1254fd4baa924ea06f2a79d20fe6affd,1
train,Healthy,../datasets/feed/train/Healthy/HEALTHY_047_jpg.rf.c7c631800b57499cd302b8bd3d681dba.jpg,1268daffac3a5b92bee2be260cf1f6fd,3
train,Ringworm,../datasets/feed/train/Ringworm/ringworm-42-_jpg.rf.6e2ca84df40cbb2535ae4ffd18e7a95e.jpg,126b952d5d2353697ab3a4bfbd984e26,5
train,Dermatitis,../datasets/feed/train/Dermatitis/1000010749_x16_jpg.rf.98c73d4738e2613d0de7e5c8a550e063.jpg,128f257006351422222c9dad36b05672,1
valid,Dermatitis,../datasets/feed/valid/Dermatitis/bacc3_jpg.rf.419fb4d713291452c89f0ac48c37a81e.jpg,12c5165552baeda942d2749ef2eae49f,1
valid,Ringworm,../datasets/feed/valid/Ringworm/R57_png_jpg.rf.e3e837960e2734aa95c0002024b433dd.jpg,12c63913f4f040f218a6d539a3999695,5
train,Healthy,../datasets/feed/train/Healthy/dogs_179_jpg.rf.02184225da13515197081fa819c9512c.jpg,12cf32eb16692619dc9699ab882b5cc8,3
valid,Dermatitis,../datasets/feed/valid/Dermatitis/1000010751_x16_jpg.rf.ff49a03653da1adf2aa5ee7666dbdce2.jpg,12e23ff19ea51bd5b2beb489d6db7c1e,1
train,Hypersensitivity,../datasets/feed/train/Hypersensitivity/1525_jpg.rf.c1510e9aa3886977da633a9bd256eec6.jpg,12fe6e270f5ae1d2522fae9503c27da5,4
train,Dermatitis,../datasets/feed/train/Dermatitis/bacterial-skin-infection-s_720250150_jpg.rf.466ab1e5f34a7898c2f7f5f4132d9414.jpg,130703e770a01c67b12e22baac004aae,1
train,Healthy,../datasets/feed/train/Healthy/images-53_jpg.rf.533750e17f03da385e91928f44727c0d.jpg,130b57ba47950638819077042acbb93a,3
valid,Dermatitis,../datasets/feed/valid/Dermatitis/Canine_lick_granuloma_jpg.rf.542caf0e473f9881294e8db01a152d3d.jpg,1324508b3cfb61af1efe8451fc1a4c0c,1
train,Demodicosis,../datasets/feed/train/Demodicosis/P27_png_jpg.rf.75485fcfc8ba1255cea408b2fc3dc54c.jpg,13301d16bb9f2e250bc187ade35cde08,0
valid,Dermatitis,../datasets/feed/valid/Dermatitis/Thank-you-all-for-your-support_00031_jpg.rf.c35e44a33a09cff4fd65138a927b4ca4.jpg,133823697e97a94deada1198bd5b5806,1
train,Fungal Infections,../datasets/feed/train/Fungal Infections/1005_jpg.rf.8f921a530e4840ba5cd5ed4c3353a6a7.jpg,1347cb7b672833820d4be6894116210d,2
train,Demodicosis,../datasets/feed/train/Demodicosis/2024-05-13-155521_1_jpg.rf.254c4709aeb7fb6bf96bd4f2a8e29b46.jpg,134d76284bb1cd7b7ba57a8c19dc552d,0
train,Ringworm,../datasets/feed/train/Ringworm/R52_png_jpg.rf.5abbb7ac8daff3c646ab47d248fd4c5a.jpg,13630b419061b61e46e69cee0d455a04,5
train,Dermatitis,../datasets/feed/train/Dermatitis/May-is-allergy-awareness-month-here-at-The-Shot-Spot_01387_jpg.rf.18d2a09675c3edac36bbf30d5f5a6451.jpg,136aac02df17dbb3efd71a687211f42b,1
train,Ringworm,../datasets/feed/train/Ringworm/ringworm-33-_jpg.rf.6325a76d466471a53af4eb3c41fe47da.jpg,1381685147e626574ceb715f796432d5,5
train,Healthy,../datasets/feed/train/Healthy/dogs_131_jpg.rf.fdd7e82a531ce01e2e37d13eb6b6f89c.jpg,13955f203c4ec28ff784e3e0697d4d3c,3
train,Fungal Infections,../datasets/feed/train/Fungal Infections/Fungal4_png_jpg.rf.8582487d0437fbb9c4c3304d20a03fe6.jpg,13c3ae9dc01cba243aa8e2424f1d26a6,2
train,Dermatitis,../datasets/feed/train/Dermatitis/HOT-SPOT-IN-DOG-HOW-vet-treated-symptom-prevention_-flea-bite-moist-eczema_dog-itching-000499_png_jpg.rf.6588b68827ace77892f6a5733791a68f.jpg,13cbf787185c018990924e0c4570bb89,1
train,Ringworm,../datasets/feed/train/Ringworm/NEWR54_jpeg_jpg.rf.4711a32e4374c382db0512e0370598d3.jpg,13db61533395fb7f2adecde80f56fc48,5
train,Healthy,../datasets/feed/train/Healthy/Image_4_jpg.rf.9cc9c16c3b64c027f14e3569861e1f27.jpg,13feb3c948acd22759f117c48f0584ee,3
train,Dermatitis,../datasets/feed/train/Dermatitis/hotspot-77-_jpg.rf.09355ceace50c1989415bed9aaae1bdf.jpg,141b95f62b65915b134e384b8d908190,1
train,Demodicosis,../datasets/feed/train/Demodicosis/scabies_129_png_jpg.rf.7eb143b24d0462cfd89d67ee93428f4a.jpg,142dbf36a21fe16f6abb9ce99c9347f5,0
valid,Healthy,../datasets/feed/valid/Healthy/images-33_jpg.rf.98151bb03144fa1d81422e56a7ec7745.jpg,14338892a1b3aafdf7daa28c6d6137d5,3
train,Demodicosis,../datasets/feed/train/Demodicosis/2024-05-13-164325_3_jpg.rf.24d67401175188df70e6572b1c887568.jpg,1436a257c7eeb3bd55fcec63119db29b,0
train,Hypersensitivity,../datasets/feed/train/Hypersensitivity/1400_jpg.rf.12943dfd106cd827ee0f839f5aee8496.jpg,145126af8d59b04a61cbfc355ae0d056,4
train,Ringworm,../datasets/feed/train/Ringworm/ringworm-102-_jpg.rf.5a42171f0b91c5529727949790e8cecf.jpg,1459ec257706718ec9f89548d5365b09,5
valid,Dermatitis,../datasets/feed/valid/Dermatitis/May-is-allergy-awareness-month-here-at-The-Shot-Spot_00133_jpg.rf.17ec5d9bf9c4e36e83a9ddc523139ac6.jpg,145c0d31895aa9cf3d12f7f5c994e39e,1
train,Ringworm,../datasets/feed/train/Ringworm/R60_png_jpg.rf.a4df5a7273a7c1f26414a838fc5bfb29.jpg,147146c41615de202229ad772b27f3b8,5
train,Healthy,../datasets/feed/train/Healthy/Image_18_jpg.rf.cdf48917b0e5b01426d37ba5f0786c1f.jpg,14787b77b8facb4cf908b1ae712e7578,3
train,Healthy,../datasets/feed/train/Healthy/2017Oct05_4_2048x_jpg.rf.0fe9d36101d884deec3c987b38abf176.jpg,1489f5d195c36dc52cc5b751a74f9a98,3
valid,Hypersensitivity,../datasets/feed/valid/Hypersensitivity/B9781416056638000070_f007-043-9781416056638_jpg.rf.6792d9da4aeebf6faad3b86f47b7f521.jpg,148e4c5d3a041b912f23cd7d98159982,4
train,Dermatitis,../datasets/feed/train/Dermatitis/May-is-allergy-awareness-month-here-at-The-Shot-Spot_02176_jpg.rf.deb414f1df94b4ce7c31764b823e66ff.jpg,149123f02272f8a5d9d6e32359bd222a,1
train,Dermatitis,../datasets/feed/train/Dermatitis/HOT-SPOT-IN-DOG-HOW-vet-treated-symptom-prevention_-flea-bite-moist-eczema_dog-itching-000498_png_jpg.rf.a5bdb152b090b9e5f749b1b1073815c4.jpg,14934bf68bb69e062f084dcc6ab7df1d,1
train,Dermatitis,../datasets/feed/train/Dermatitis/pic6_jpg.rf.5f3b610dbcc955b19e2ea2888632db76.jpg,14e79d31f688181103cffcd719c8079e,1
valid,Ringworm,../datasets/feed/valid/Ringworm/R26_png_jpg.rf.75ba95d49659da04a6320798ed06ba64.jpg,14f0d592262afb7b8dcf1475beb2a553,5
train,Hypersensitivity,../datasets/feed/train/Hypersensitivity/1011_jpg.rf.7b6b902e150274cb945a3d524380aa5a.jpg,150b82acb766eafdb137d7555267acac,4
train,Fungal Infections,../datasets/feed/train/Fungal Infections/fungal3_jpg.rf.d685bac4b7bbe3f4f5e719804ba20eaf.jpg,151aa52de47e73bf03eb604d4007dfd0,2
train,Ringworm,../datasets/feed/train/Ringworm/R60_png_jpg.rf.8dc4da03d7b57ef1a8e8493a6719fc03.jpg,1522ae503e61852f05719e5ebb8a4934,5
train,Healthy,../datasets/feed/train/Healthy/images-4_jpg.rf.cf38b9c0ef31e9618683c3ceaddc51a6.jpg,1570ededa30e76d9dc7361ec0724109d,3
train,Fungal Infections,../datasets/feed/train/Fungal Infections/FUNGAL-INFECTION_071_jpg.rf.8e7aab83fdeeed7882709b50261baf67.jpg,1590955aa9b4cde2afc60e128276de44,2
train,Ringworm,../datasets/feed/train/Ringworm/ringworm-144-_jpg.rf.5993f8b6c86e4e0bb0f6bd22a57a9fa7.jpg,1591fabb48360b7ba44cd3c2708a059e,5
train,Dermatitis,../datasets/feed/train/Dermatitis/Hot-Spot-on-_Chance_-How-to-treat-a-dog-that-you-can_t-touch_-000617_png_jpg.rf.1756674269b922fca9c2cd2cda08105b.jpg,15a8c67804367f9d3c5a86b2ba311d39,1
train,Demodicosis,../datasets/feed/train/Demodicosis/2024-05-13-155521_1_jpg.rf.d049417d9a0ce5e7549b78c8f1ef37cf.jpg,15af9a94f7db6bcdc354bc8340179c30,0
valid,Healthy,../datasets/feed/valid/Healthy/Image_8_jpg.rf.872507d6df7cde7f5f2552aeb35e975a.jpg,15bdb56ec2f27c3250bb68655b2d5452,3
train,Dermatitis,../datasets/feed/train/Dermatitis/May-is-allergy-awareness-month-here-at-The-Shot-Spot_00022_jpg.rf.a96a0cb41aef0f10aedecebedca60e91.jpg,15d583c25ccf3147b25fdfdef2c4f62d,1
valid,Healthy,../datasets/feed/valid/Healthy/Image_28_jpg.rf.b2b650b9d962838180619f1447c9a37c.jpg,15e416c5e838827ca00572ca9d3fd7d8,3
train,Fungal Infections,../datasets/feed/train/Fungal Infections/Fungal_2_jpg.rf.1afdd2c074ed36f4520be311ad6cbf29.jpg,15f75ace2b2dc6c4fcc30f662894484a,2
train,Healthy,../datasets/feed/train/Healthy/dogs_021_jpg.rf.b7bed49a4ade7cb43d560887d802bbbe.jpg,15f7d719e287a79e8ac9fc3f105526ac,3
train,Demodicosis,../datasets/feed/train/Demodicosis/2024-05-13-134316_3_jpg.rf.1a2f3e07af2733fb17ab4c7fa7ecbf96.jpg,15ff6cdd6ece7e6a6483ce4b3465c352,0
train,Dermatitis,../datasets/feed/train/Dermatitis/Thank-you-all-for-your-support_00085_jpg.rf.5763beba11fd5c7480f7d93041ae1a48.jpg,160a7a74196b6eb881bd8f104f894eb8,1
train,Dermatitis,../datasets/feed/train/Dermatitis/hotspot-94-_jpg.rf.b209abfde715f2f3f710c10d945fcd2b.jpg,162e40f509c33788f9186ccb50b1f32a,1
valid,Ringworm,../datasets/feed/valid/Ringworm/WIN_20240514_17_26_49_Pro_jpg.rf.1d76aa821188ee98e76b204d9dee0865.jpg,1656ab92a6acc21d827b3e9ff8be0f11,5
train,Demodicosis,../datasets/feed/train/Demodicosis/2024-05-13-164000_jpg.rf.ce13409c7b67cbbcd85cf6bad9809a9c.jpg,1678947a0d8ffb99a557678d553fba68,0
train,Dermatitis,../datasets/feed/train/Dermatitis/May-is-allergy-awareness-month-here-at-The-Shot-Spot_00016_jpg.rf.fcc9c902f5ac2a7e00ba4b00a44d8352.jpg,167f74bdae39334535be8497d51f9f4d,1
train,Ringworm,../datasets/feed/train/Ringworm/435664928_1153756869147274_8155501997547220077_n_jpg.rf.7d8b2774093edf2ec026cec3fc9661d1.jpg,16816d9705d9071106e3e756012d356b,5
train,Fungal Infections,../datasets/feed/train/Fungal Infections/FUNGAL-INFECTION_040_jpg.rf.51c85cbf268768263df9faed877e5bcd.jpg,1682d1b3764f8a53f86a7dc3301a5b6b,2
train,Ringworm,../datasets/feed/train/Ringworm/ringworm-43-_jpg.rf.536e4dce45a3556b20a0960a2382e267.jpg,16868ebf9f13ce480996695e5d110f13,5
valid,Fungal Infections,../datasets/feed/valid/Fungal Infections/fungal1_jpg.rf.ec985743d0ba8a7c6275643e91737a18.jpg,1689de5c2d5e03f63fb367dd2e4a0fc9,2
train,Demodicosis,../datasets/feed/train/Demodicosis/D111_png_jpg.rf.04673eb86e9b15fe59829c7143b67d18.jpg,16a31f3e7df7906eb0a78de356545fae,0
valid,Hypersensitivity,../datasets/feed/valid/Hypersensitivity/Hypersensitivity_image_3_jpg.rf.2f1a14f11b836a0e3897627777af0c9a.jpg,16bc086f99283fc971a41500f0e808d6,4
train,Ringworm,../datasets/feed/train/Ringworm/ringworm-45-_jpg.rf.501bd131404947bfcb98123c1ade1b1f.jpg,16bf9ff68fdef6e93ce91b35336bd2fa,5
train,Demodicosis,../datasets/feed/train/Demodicosis/1-12-_png_jpg.rf.4bb7a154788da5322007dd8cd194e7e3.jpg,16f3214ca53b48627ab3bd436aca24ec,0
train,Healthy,../datasets/feed/train/Healthy/dogs_221_jpg.rf.cfb21cc56ece0a2d600a3dc76c399ece.jpg,16fa42d49fd9cd0423d7eb40b3c9dee6,3
train,Hypersensitivity,../datasets/feed/train/Hypersensitivity/B9781416056638000070_f007-031-9781416056638_jpg.rf.07c6eb4c2896fd1d2116f92b3df6da0d.jpg,170f0bba9936e1e14ac49e205de3a8c3,4
train,Ringworm,../datasets/feed/train/Ringworm/436639986_413245831496612_2113964065260756871_n_jpg.rf.7b14d2bdb19e0308b783f23cd358c9b0.jpg,172f6bb95e9f95dd7eaab10c1a248b0f,5
train,Dermatitis,../datasets/feed/train/Dermatitis/Dog-hot-spot_jpg.rf.08128b48c3efdaf5552ed3a4dc593e2f.jpg,1732d48a07c0cac631f497832c15c830,1
train,Healthy,../datasets/feed/train/Healthy/Image_9_jpg.rf.1e2ffc00392e0b8abc1b347159cfdffa.jpg,1780de41dd1e4728fe51559abc063e89,3
valid,Ringworm,../datasets/feed/valid/Ringworm/WIN_20240514_17_23_20_Pro_jpg.rf.b84bfe70eb98353596c2b47c5f6ed16b.jpg,179a910b7befaaf84c07ca6a18657766,5
train,Ringworm,../datasets/feed/train/Ringworm/436859036_407429032244109_5180510937797219633_n_jpg.rf.1eb1fa09928ac5a52ad89f45bf07cad6.jpg,17cbc2235a89f52b0ab90de35bd0fddc,5
train,Demodicosis,../datasets/feed/train/Demodicosis/P12_png_jpg.rf.1cc7a3bd518fd78f2be8cfb1764ff5a5.jpg,17ce83615ca93b9ed92e12d17eaf0982,0
train,Ringworm,../datasets/feed/train/Ringworm/NEWR29_png_jpg.rf.ad22b459538aed49c2b7ea5f66034114.jpg,17db01c9e9214fa6759566d4dde9953a,5
train,Fungal Infections,../datasets/feed/train/Fungal Infections/pic85_jpg.rf.d0f78d592807d46be2af7fb8e923a21a.jpg,17ded8d75ff6deb7e0644c1e1892ee57,2
train,Healthy,../datasets/feed/train/Healthy/dogs_139_jpg.rf.fb38db3267a958aa382fcdafafa7e1b0.jpg,18328390a6f7dc6b169c5d79dacb965d,3
valid,Demodicosis,../datasets/feed/valid/Demodicosis/2024-05-13-161921_jpg.rf.5b440944c2f00103fdc20683d40df874.jpg,183ac155c2fb39c269fc5f140b3f08ad,0
train,Ringworm,../datasets/feed/train/Ringworm/1000010719_x16_jpg.rf.e56ba2181ddf7028fd4cf18c74aed887.jpg,18574819f311a535e8806576207b419b,5
train,Dermatitis,../datasets/feed/train/Dermatitis/1000011971_x4_jpg.rf.d0fbbeae3610c1f64db0eee364986c10.jpg,188ef6d11b3d25152cd8533c4fb46491,1
train,Fungal Infections,../datasets/feed/train/Fungal Infections/FUNGAL-INFECTION_005_png_jpg.rf.ac96f7d80a396d4a6d63f57ea6ca06c6.jpg,189822a988c0d960e87684bdc781f1fd,2
valid,Fungal Infections,../datasets/feed/valid/Fungal Infections/pic48_jpg.rf.11d3319b0468c9462eee7c6d30ea502f.jpg,18af3caffe2df267b6b7071d001457f7,2
train,Healthy,../datasets/feed/train/Healthy/pic66_jpg.rf.52be3c7161e0364f41da849c707480d0.jpg,18dcfbf4d156b7dfcafc0a14398b5bf0,3
train,Ringworm,../datasets/feed/train/Ringworm/278372566_1115287789314455_1249966033354804477_n_jpg.rf.1113d14f454121030c2b534e5f1ea2fe.jpg,18e0faa3752776652c34922c23156e2f,5
train,Fungal Infections,../datasets/feed/train/Fungal Infections/1172_jpg.rf.4fb0160dc352c4e073025e163afdfc80.jpg,18ef81f5a6335b2d88cc52f62ea7d01c,2
train,Healthy,../datasets/feed/train/Healthy/dogs_231_jpg.rf.766755fc1501b720617828b81c3c2568.jpg,1916b1feac1ff0c5ea5a3168790c5e69,3
train,Healthy,../datasets/feed/train/Healthy/pic40_jpg.rf.478d1b14c8647faa1429e9e135a57718.jpg,192b00039960f3a6eaf107441d18d024,3
train,Hypersensitivity,../datasets/feed/train/Hypersensitivity/1720_jpg.rf.e322fdae749cf4cd744c665e1584ef30.jpg,1932978e79d17b63bcab7f321de05225,4
valid,Healthy,../datasets/feed/valid/Healthy/images-10_jpg.rf.38bb58dea60e96729faa7cb3cd366a30.jpg,1941de7732d8df8a8b872235f8f2cc5e,3
train,Healthy,../datasets/feed/train/Healthy/HEALTHY_031_jpg.rf.1072241eb2488beffab1b76bc95899e8.jpg,195af49b864786f6dfdecb6ee4537ea7,3
train,Dermatitis,../datasets/feed/train/Dermatitis/1000010727_x4_jpg.rf.2fccea314d6db26e323c23ea25b826b1.jpg,197e46dd37eeda94fc97a2a644f3f7a1,1
train,Demodicosis,../datasets/feed/train/Demodicosis/P35_png_jpg.rf.5b40e02d2283ce98fad9322ff7e607da.jpg,198faf61d7cca3778221246720e587df,0
valid,Dermatitis,../datasets/feed/valid/Dermatitis/May-is-allergy-awareness-month-here-at-The-Shot-Spot_00070_jpg.rf.bc1de34506ab995aa6cbdad1f71db8f4.jpg,19ab1764d0b770bc6b05fb6fcc4e6aef,1
train,Demodicosis,../datasets/feed/train/Demodicosis/1-8-_png_jpg.rf.2812a6ea29e43914543fefd09beea5ce.jpg,19c58014c52d77961326b0f102a1a757,0
train,Demodicosis,../datasets/feed/train/Demodicosis/IMG_5298_jpeg_jpg.rf.80f8b221bee338f07cadbbbb6a26c165.jpg,19c632b5f49fcf2b4c7c09f71e226d47,0
valid,Ringworm,../datasets/feed/valid/Ringworm/ringworm-53-_jpg.rf.3c6e35cbec6911afee83bbeff219fad9.jpg,19ceb041246ab763c9b8f3fb01f9a2ea,5
train,Ringworm,../datasets/feed/train/Ringworm/R60_png_jpg.rf.e5b38cf3ebd4c1acc06038e6b1f253f6.jpg,19d011d682743fbc5dc74a2caab2c63e,5
train,Dermatitis,../datasets/feed/train/Dermatitis/Owners-usually-don-t-get-a-good-vote-of-just-how-big-hotspots_00445_jpg.rf.fc52b5dca397de7224acc8c06b3d8d38.jpg,19df3bc23e7841f9e20e05971deb8106,1
valid,Ringworm,../datasets/feed/valid/Ringworm/ringworm-1-_jpg.rf.a03bd2bf0d01a7079347d906868f86c8.jpg,19e9428dd4d688db07c31b79688fc50d,5
train,Dermatitis,../datasets/feed/train/Dermatitis/752_jpg.rf.3d3eb33ad4eb0b6e762e4080119b38cd.jpg,19ef4bc2b8c5104b7d3e1c4a45501491,1
train,Ringworm,../datasets/feed/train/Ringworm/436640003_939449091294830_7683376979877978508_n_jpg.rf.a6fe34df0acfc366bac60bde93b6871d.jpg,1a307bb948e6e5decb93899a56bc3682,5
train,Demodicosis,../datasets/feed/train/Demodicosis/IMG_5195_jpeg_jpg.rf.3cfa4635e4698d684b208a8136de4ae4.jpg,1a681153b0c6f4c83920e906f5d0b84d,0
valid,Healthy,../datasets/feed/valid/Healthy/dogs_139_jpg.rf.99ce8e566d83434f8bf1e8c55bf525ad.jpg,1a7a5a739d09e42319f80a016927fe65,3
train,Ringworm,../datasets/feed/train/Ringworm/F6C9DE00-6537-4BBA-9190-139E3276427E_jpeg_jpg.rf.00fe0dae577671abaa41ee34cf0ffd38.jpg,1a8cb826f70530dadc6b01fe5f95551a,5
train,Healthy,../datasets/feed/train/Healthy/dogs_105_jpg.rf.d6425d3dfe43cdca7bf3001e564fedd0.jpg,1a98b750f283f6b03428fb1298943e27,3
train,Demodicosis,../datasets/feed/train/Demodicosis/P34_png_jpg.rf.39ce25d31a0267fcf6b24327334427b7.jpg,1a9c1c1153700f7e823ebcb7f8742ea0,0
train,Healthy,../datasets/feed/train/Healthy/dogs_099_jpg.rf.c8a861a5567717c115ce38fd2ba40114.jpg,1aa44d55dceddaa856fa690a56a9168a,3
train,Ringworm,../datasets/feed/train/Ringworm/WIN_20240514_17_30_48_Pro_jpg.rf.d981adbce37c7316481aef4a554be2b4.jpg,1ac6a61009f2f3459f1e268e6f8e10a5,5
train,Demodicosis,../datasets/feed/train/Demodicosis/scabies_117_png_jpg.rf.8c3d72330e62b3a065cd28949f5b5c4f.jpg,1acb880ac4d22ca63844bfa75e735b42,0
train,Healthy,../datasets/feed/train/Healthy/dogs_004_jpg.rf.984d6a3108672f4689f1bcbf2a43b709.jpg,1ad71b7c5055bbeae0d6fc9ce19d3f83,3
train,Hypersensitivity,../datasets/feed/train/Hypersensitivity/15_jpg.rf.6e0816a68566fdbe9e79e507c103b81d.jpg,1af6c629591b5d0f676a1c877ca2039b,4
train,Demodicosis,../datasets/feed/train/Demodicosis/2024-05-13-165432_jpg.rf.e9efd1072e3c49e9781554f07d5a6686.jpg,1b1315081a249c1645e766c222f47ced,0
train,Demodicosis,../datasets/feed/train/Demodicosis/IMG_5217_jpeg_jpg.rf.e5a55d1f72c1e2cad513179586e6c75d.jpg,1b2dfe9acccd19fe06e5478e22cd712a,0
valid,Healthy,../datasets/feed/valid/Healthy/dogs_278_jpg.rf.1532ef5c9169730ae9c8cec9fb92b72a.jpg,1b386e97f8145f71b561ca413bf07771,3
train,Demodicosis,../datasets/feed/train/Demodicosis/P63_jpg.rf.e35760a686b1ef2ec5cf041b6f15b17e.jpg,1b39c00b5edda20fb69c66370b8480d7,0
train,Ringworm,../datasets/feed/train/Ringworm/NEWR59_jpeg_jpg.rf.a60eb458cb9429820fb791b8894e79d5.jpg,1b3fddac4017434fd744ba6d55b7a7be,5
train,Healthy,../datasets/feed/train/Healthy/HEALTHY_002_jpg.rf.d776e87db93e768d05c1aff53f074f97.jpg,1b47497ce6c8878b6ff74c23d7c9685b,3
train,Ringworm,../datasets/feed/train/Ringworm/WIN_20240514_17_41_35_Pro_jpg.rf.a4357fa602b78c48521e6934f6cda341.jpg,1b50a6ba99a9ca2e7fccfaf86563f613,5
train,Dermatitis,../datasets/feed/train/Dermatitis/HOT-SPOT-IN-DOG-HOW-vet-treated-symptom-prevention_-flea-bite-moist-eczema_dog-itching-000356_png_jpg.rf.c87ded7112257c6acc1c05139649d71a.jpg,1b58196aaae8721111969d1d33945386,1
valid,Demodicosis,../datasets/feed/valid/Demodicosis/1-1-_jpg.rf.69d09c95e96f1baa4377b5f29bb39d0d.jpg,1b74c13b92c68c54cdc40f88707cd9fa,0
train,Dermatitis,../datasets/feed/train/Dermatitis/1000010680_x16_jpg.rf.3fd7d0793a63f6658e8b2df08d2e775e.jpg,1b7690ec344c807eb7e34891fe3f9b00,1
valid,Demodicosis,../datasets/feed/valid/Demodicosis/1-1-_jpg.rf.39ce0b28d91c96c789b642688d0a8f85.jpg,1b7ea1406a44b947cb6d6f20a6f803ca,0
train,Healthy,../datasets/feed/train/Healthy/pic34_jpg.rf.91d19e14241ccaf414cdb5190ae69e18.jpg,1ba12a1a43795885495e7746210ad8e3,3
train,Healthy,../datasets/feed/train/Healthy/heal-the-gut-to-heal-the-skin-642781_1024x_jpg.rf.fcfab9a439f7509db54a9ed4bb5cac80.jpg,1bacf9f9b6a4c8b5f3002032eb1659be,3
train,Demodicosis,../datasets/feed/train/Demodicosis/IMG_5159_jpeg_jpg.rf.8c37d7941accda21b540570b60d17db4.jpg,1bb2ca69515476fe0d2f7054fbd1e19d,0
train,Ringworm,../datasets/feed/train/Ringworm/R11_png_jpg.rf.11862bcdfc4af340aacf1697bfcfec15.jpg,1bc0cb75e7c4f113d3551b0f54f54537,5
train,Ringworm,../datasets/feed/train/Ringworm/ringworm-118-_jpg.rf.9edea2cbb0e8149a5ef720f512c8b139.jpg,1bd8e005cf384ce4aabf1ebd7c238aa8,5
valid,Dermatitis,../datasets/feed/valid/Dermatitis/HOT-SPOT-IN-DOG-HOW-vet-treated-symptom-prevention_-flea-bite-moist-eczema_dog-itching-000502_png_jpg.rf.09c981a4f71fdcb40033b962c83dfea2.jpg,1beb921261dbb9659020fca67bd79dd9,1
train,Demodicosis,../datasets/feed/train/Demodicosis/P26_png_jpg.rf.896383b655f2c2a12f0c6143d4bb7e1a.jpg,1c1af0bcfa99c8b7b6147c62ccb4d37d,0
train,Fungal Infections,../datasets/feed/train/Fungal Infections/pic13_jpg.rf.a7b70c05a3574bafa70a3388394de878.jpg,1c22e4a9ad1dea8a11c81dc4ede2a378,2
train,Dermatitis,../datasets/feed/train/Dermatitis/acral_lick_dermatitis_4935_7_600_jpg.rf.5ba8a80b7627e3f12b7d7dc8bdb75bd7.jpg,1c4fe173dcb3eecf11170469adbb1cd1,1
valid,Demodicosis,../datasets/feed/valid/Demodicosis/IMG_5151_jpeg_jpg.rf.721d47aace128b7759ada0e3f7e77125.jpg,1c80d750c6cc80d635afde26040f0d71,0
train,Ringworm,../datasets/feed/train/Ringworm/NEWR1_jpeg_jpg.rf.f04c5cdb892f5c7ca645d83fc9668035.jpg,1c865879a264c43021727a6c168b1eed,5
train,Ringworm,../datasets/feed/train/Ringworm/ringworm-94-_jpg.rf.c32beda57b8aedc6beca0177deb68ddb.jpg,1c8d7f4e846541ba633311bc8cdf1649,5
train,Dermatitis,../datasets/feed/train/Dermatitis/1000010656_x16_jpg.rf.e41cb0e4fc0c6a10df764425224e7f37.jpg,1ca68c8ca927dbed3daf2ed08f3e8b21,1
valid,Healthy,../datasets/feed/valid/Healthy/dogs_069_jpg.rf.f9b46710d0c072d7cf7f11573333c5cc.jpg,1cab6364173284d5c1a7040c1a60cf2e,3
train,Ringworm,../datasets/feed/train/Ringworm/R16_png_jpg.rf.1c205ba7cfc36ff84c86b3ed3e1acf9a.jpg,1cb08633588e93c4d5d440f4515666c1,5
train,Dermatitis,../datasets/feed/train/Dermatitis/Hot-Spot-on-_Chance_-How-to-treat-a-dog-that-you-can_t-touch_-000619_png_jpg.rf.4ea6cd5b88f6f980c84e91d3b2956c20.jpg,1cdb7a169b72199f2c3b13b53147f4c3,1
train,Ringworm,../datasets/feed/train/Ringworm/WIN_20240514_17_44_56_Pro_jpg.rf.d8ddba17904d97e41bdc967e01a572d7.jpg,1ce40fabd2d78b5e89154cf436ca8b4f,5
train,Demodicosis,../datasets/feed/train/Demodicosis/2024-05-13-165441_jpg.rf.41eaf22af56d6d2014db1661e03a828b.jpg,1ceae6ff17284875dc0c049e4a79d3b1,0
train,Demodicosis,../datasets/feed/train/Demodicosis/P19_png_jpg.rf.d2263d0655b60c51772f6b6af87d6dfc.jpg,1cf1f4f53c419b4588ae4062be2e9ff9,0
valid,Healthy,../datasets/feed/valid/Healthy/dogs_272_jpg.rf.7f3e116936f1e06cf872a438c06045d2.jpg,1cf5903363bff7eba09338d260f6214b,3
valid,Ringworm,../datasets/feed/valid/Ringworm/R50_png_jpg.rf.ca80ce9d9333a5945b04f93526a40947.jpg,1d05df5431be5efb45b2cf6de1b476de,5
valid,Ringworm,../datasets/feed/valid/Ringworm/WIN_20240514_17_33_39_Pro_jpg.rf.5644d8d5a3f38f9805b838e08149553f.jpg,1d184441b59a37020ba3c3c185404459,5
train,Healthy,../datasets/feed/train/Healthy/dogs_131_jpg.rf.9e08bd1f57e802bdd52bb23c5505fae7.jpg,1d2b5f7c2991cd3c84a8a29afade8c44,3
train,Fungal Infections,../datasets/feed/train/Fungal Infections/fungal1_jpg.rf.832c6718b04f679d756b8636b62805b2.jpg,1d6910c08f361f2105bc39cef38b2718,2
valid,Fungal Infections,../datasets/feed/valid/Fungal Infections/FUNGAL-INFECTION_006_jpg.rf.60104b24a7fc056a8e64be400a48b627.jpg,1d779a1d0ec942621777cefb7a113f5f,2
train,Demodicosis,../datasets/feed/train/Demodicosis/1-18-_png_jpg.rf.2f173619b311ed292734f66999123b1b.jpg,1d909410d4c280f29fe3f7ef3ff522bf,0
train,Ringworm,../datasets/feed/train/Ringworm/ringworm-31-_jpg.rf.cfadc19d264fed08ce50ef8669dd3c20.jpg,1db132dd8f621ca306408b1153ca3703,5
train,Ringworm,../datasets/feed/train/Ringworm/ringworm-69-_jpg.rf.b52a83a1ecb9846c9075f657cef81fdd.jpg,1db19ad2e0b25f4a2551bfa0a3742a13,5
valid,Demodicosis,../datasets/feed/valid/Demodicosis/2024-05-13-165130_jpg.rf.5f7ea81930ac226a42d936c9ded05458.jpg,1db4274e2542dd6a2eeaa3bb4acdefa4,0
valid,Healthy,../datasets/feed/valid/Healthy/36_jpg.rf.4b6ff6cd8bdefc750b8ee291e543bf20.jpg,1dbecd39fb9dcbf505db09f33f6c6df7,3
train,Dermatitis,../datasets/feed/train/Dermatitis/Dog-hot-spot_jpg.rf.6dc997468c767e2860b9a8fc189f806e.jpg,1dc5a93ca11cd5192cbd85981cb43800,1
train,Demodicosis,../datasets/feed/train/Demodicosis/IMG_5162_jpeg_jpg.rf.c84d8cc1ce32900894f0d8368a547e93.jpg,1dd17c4aeca123645d8a79750bd30a88,0
valid,Ringworm,../datasets/feed/valid/Ringworm/WIN_20240514_17_27_09_Pro_jpg.rf.fc061b90ede60d64a4c202789c07d34e.jpg,1de4e930b595941909955920ddb7c1c1,5
train,Ringworm,../datasets/feed/train/Ringworm/ringworm-85-_jpg.rf.79afd10957db73e96a1517789d5b421b.jpg,1df84390af1c3a0e590b1a5d924fe215,5
train,Dermatitis,../datasets/feed/train/Dermatitis/HOT-SPOT-IN-DOG-HOW-vet-treated-symptom-prevention_-flea-bite-moist-eczema_dog-itching-000357_png_jpg.rf.da9255f9f2782a38647edc8d1f8c8c7f.jpg,1e023225cc5bb3ecc5639c5a38242686,1
train,Ringworm,../datasets/feed/train/Ringworm/ringworm-77-_jpg.rf.23465fb4f84e5a31366347ba90d30bc6.jpg,1e11fd387af34590a34011f9b2ff8a81,5
train,Dermatitis,../datasets/feed/train/Dermatitis/May-is-allergy-awareness-month-here-at-The-Shot-Spot_00082_jpg.rf.80b0ae5339ba8639663dd5685ea811b3.jpg,1e1e9a2a566d3f111f70c2cfffe4c8e4,1
train,Demodicosis,../datasets/feed/train/Demodicosis/P36_png_jpg.rf.1f4f722be67e92f37dfe722f01320568.jpg,1e26a7554d1aad6488fb3a38314ee651,0
train,Demodicosis,../datasets/feed/train/Demodicosis/2024-05-13-165349_jpg.rf.2836a148dc226568be038028e0b6d3da.jpg,1e27342242b18f0fd13e30bfa3a59cf5,0
valid,Ringworm,../datasets/feed/valid/Ringworm/WIN_20240514_17_31_29_Pro_jpg.rf.3cdcdb7b9f470281fdbdc6f04423a1ac.jpg,1e2775b31f58f4a791b6da3476c45573,5
train,Dermatitis,../datasets/feed/train/Dermatitis/hotspot-8-_jpg.rf.071cbba1cd973a4c4d9b3b09fbcc493f.jpg,1e381672852c86af2e119f9433eca30c,1
train,Dermatitis,../datasets/feed/train/Dermatitis/hotspot-82-_jpg.rf.e328625befcb1714a669df1d92eccb2b.jpg,1e4916cb0d3a6df005e12be4b6207b69,1
train,Hypersensitivity,../datasets/feed/train/Hypersensitivity/1392_jpg.rf.afea5081e7a54b9f0f1141fdfb114e37.jpg,1e4e32221e0c0dc69286baa21fb6ff66,4
train,Dermatitis,../datasets/feed/train/Dermatitis/HOT-SPOT-IN-DOG-HOW-vet-treated-symptom-prevention_-flea-bite-moist-eczema_dog-itching-000481_png_jpg.rf.ef2ea2377055cc2fbdc2b0da0b220e2e.jpg,1e68367ad207b3abf1e3ab3e0f55b40e,1
train,Ringworm,../datasets/feed/train/Ringworm/WIN_20240514_17_30_40_Pro_jpg.rf.6af9e05e0b16809d545a4364a0580cb2.jpg,1e6c4fcf49f41ee9318286f98cd35878,5
train,Ringworm,../datasets/feed/train/Ringworm/WIN_20240514_17_42_26_Pro_jpg.rf.820546166294408d013286565b2f8953.jpg,1e7cbf2e7508271f52912fa1a0840736,5
train,Dermatitis,../datasets/feed/train/Dermatitis/Owners-usually-don-t-get-a-good-vote-of-just-how-big-hotspots_00353_jpg.rf.d250b5714ab03481f8abb8df83fccf13.jpg,1e83b5187c987552cb4ec0acecae8e16,1
train,Demodicosis,../datasets/feed/train/Demodicosis/P16_png_jpg.rf.058d8c34964059abdd4a0159b5481204.jpg,1e89f7936bb8e9cf8a6c5ba28e334502,0
train,Ringworm,../datasets/feed/train/Ringworm/WIN_20240514_17_30_48_Pro_jpg.rf.7b31414848f9ba496bbd672f92e8532a.jpg,1e8d182ab860ca9e917acba3aee43b93,5
train,Ringworm,../datasets/feed/train/Ringworm/ringworm-13-_jpg.rf.e97069c07e27ab54faaa154648aea226.jpg,1e92c6b0eaa8c06b0bf6175ce51dbb41,5
train,Dermatitis,../datasets/feed/train/Dermatitis/HOT-SPOT-IN-DOG-HOW-vet-treated-symptom-prevention_-flea-bite-moist-eczema_dog-itching-000478_png_jpg.rf.d25035fa9b0357a8021a47c2194e2fc9.jpg,1ebc1f9efc9d57b513bfa96f34fe370b,1
train,Fungal Infections,../datasets/feed/train/Fungal Infections/FUNGAL-INFECTION_043_jpg.rf.99fd430cd02f37c2609e5a1164e85f27.jpg,1ec52a22aa788cd896c84a9a1260051a,2
train,Healthy,../datasets/feed/train/Healthy/HEALTHY_036_jpg.rf.e47a135707c9f1f16d2b9e29163b4a50.jpg,1ecc62e0e85eea29f4394a091fd0150b,3
train,Dermatitis,../datasets/feed/train/Dermatitis/HOT-SPOT-IN-DOG-HOW-vet-treated-symptom-prevention_-flea-bite-moist-eczema_dog-itching-000500_png_jpg.rf.1fd1c3e42036fcdfd4f6e458ee82bb49.jpg,1edeeb7b1731c479a5e722d61e90d1d2,1
train,Ringworm,../datasets/feed/train/Ringworm/WIN_20240514_17_43_16_Pro_jpg.rf.771466e88f834dd8181a382225190549.jpg,1efd85442558789b3ec311e26100f1a7,5
train,Hypersensitivity,../datasets/feed/train/Hypersensitivity/B9781416056638000070_f007-001-9781416056638_jpg.rf.165a6bc9f74ac14b5df147c0aacd7541.jpg,1f139291f6de4311e34e166d3f86f00f,4
train,Ringworm,../datasets/feed/train/Ringworm/Day-1-of-ringworm-treatment_00001_jpg.rf.52baa37d022c23a86edd4fcf1446c8ba.jpg,1f3f18fb82bc5c800c7fe8cce1d51cb0,5
train,Ringworm,../datasets/feed/train/Ringworm/WIN_20240514_17_34_43_Pro_jpg.rf.c5454fdc5210c909a9d228869e193ec9.jpg,1f424270b631e56aae6403ea17c62330,5
train,Healthy,../datasets/feed/train/Healthy/HEALTHY_022_jpg.rf.56660b7c205bf9ad7a24a78261fd8fd5.jpg,1f56f00c6e03908730bd5b3e86257f03,3
train,Dermatitis,../datasets/feed/train/Dermatitis/Owners-usually-don-t-get-a-good-vote-of-just-how-big-hotspots_00361_jpg.rf.57f150d711430e0d4199f4a243e9e235.jpg,1f64126444b23f22e6eed1059c6c4bcf,1
train,Dermatitis,../datasets/feed/train/Dermatitis/bac2_jpg.rf.e50f3f71e02045cb0339ef39bee75ab7.jpg,1f756a4b0fc2dfde3c8279f9d592c579,1
valid,Demodicosis,../datasets/feed/valid/Demodicosis/IMG_5146_jpeg_jpg.rf.f5dd9599d89a492b9134c1ea0fbb813a.jpg,1f7b604531a4370a2eb122a63cded9bc,0
train,Demodicosis,../datasets/feed/train/Demodicosis/IMG_5171_jpeg_jpg.rf.0536a17b306bb6aa2f1cbe403b8db487.jpg,1f8d46d4105b8f38597452d626c38726,0
train,Fungal Infections,../datasets/feed/train/Fungal Infections/pic68_jpg.rf.c6dc2f97eb31bda4ceccd7da1af5d7b8.jpg,1fa82dd4877342294d06f38a4784b84d,2
valid,Ringworm,../datasets/feed/valid/Ringworm/ringworm-41-_jpg.rf.018b4e735a8d6a9305356a1c61e31e1e.jpg,1fa892e02f57147c180bb43dd474c04b,5
train,Dermatitis,../datasets/feed/train/Dermatitis/HOT-SPOT-IN-DOG-HOW-vet-treated-symptom-prevention_-flea-bite-moist-eczema_dog-itching-000148_png_jpg.rf.c9e92e0bdaf411d561442bad51ce58f5.jpg,1fa90c24d5c532a1338858a1786de9eb,1
train,Healthy,../datasets/feed/train/Healthy/dogs_067_jpg.rf.9efe757738587d5fbcb79ed70bda06e0.jpg,1fafef438d506d911901999c201988fe,3
train,Dermatitis,../datasets/feed/train/Dermatitis/May-is-allergy-awareness-month-here-at-The-Shot-Spot_01561_jpg.rf.6cab4453afdc5cd2c17833418ac01fde.jpg,1fba334e5ef2fe8c1aa4f43ab96cc4a0,1
train,Ringworm,../datasets/feed/train/Ringworm/ringworm-104-_jpg.rf.e4081ea846ca0227f60455332750015b.jpg,1fc6a6abbdbd6ba099192ca624d3f94b,5
valid,Ringworm,../datasets/feed/valid/Ringworm/6D4F94F0-A463-4F97-9E69-32C7C4493054_jpeg_jpg.rf.83189d27d25b8d1161ff0e7207075d32.jpg,1fd406912898c788007592f693085140,5
train,Dermatitis,../datasets/feed/train/Dermatitis/1000010700_x16_jpg.rf.96ee6d571b883d6d779f6e32518bf701.jpg,1fd9fc06e02ec076c8fd7ba42506cf72,1
valid,Demodicosis,../datasets/feed/valid/Demodicosis/P24_png_jpg.rf.5446d523c667df57d2d29da473448cda.jpg,1fedaa1b25b00a401a1888abbf83c26f,0
train,Demodicosis,../datasets/feed/train/Demodicosis/1-24-_png_jpg.rf.c7643eb9c0e5ffe8c862accb81e6b4e7.jpg,1ff0afded6da8adf21a8e29536813dad,0
valid,Dermatitis,../datasets/feed/valid/Dermatitis/hotspot-111-_jpg.rf.f0e04e78eaa811893c0ffccee1198dc5.jpg,2001cda35bd4501a3a0f91499b4123f0,1
train,Fungal Infections,../datasets/feed/train/Fungal Infections/FUNGAL-INFECTION_048_jpg.rf.0304bca7874fcf890f22ee4b4f79c999.jpg,20074983fef6e4e6cc08be082b54b3f0,2
train,Demodicosis,../datasets/feed/train/Demodicosis/P60_jpg.rf.d4c2250a2a8b7e69fd3f10af3ae68432.jpg,2017e894d037a7071fc4524be8d9f744,0
train,Dermatitis,../datasets/feed/train/Dermatitis/1000010614_x4_jpg.rf.7adc19f2ebffc11a10bfaaea0dc6ab1e.jpg,202d2a03465816242b7ecc981ef45cca,1
train,Healthy,../datasets/feed/train/Healthy/dogs_013_jpg.rf.ac6b7154120fc9e2d3973fb2f4e3d86c.jpg,202e72a2f25a6fe5888eb6c7604e89eb,3
valid,Fungal Infections,../datasets/feed/valid/Fungal Infections/pic20_jpg.rf.8444f641866ff2eef050b92e34f1ab8c.jpg,204c5ad2c9ea8b6e6a77e0a0d5cc2d5c,2
valid,Ringworm,../datasets/feed/valid/Ringworm/R41_png_jpg.rf.a70d1696a81a3308d21fd15d5cfdb7b1.jpg,204e93d8bfd127927300e9fd8a833899,5
valid,Ringworm,../datasets/feed/valid/Ringworm/ringworm-55-_jpg.rf.14da7e5a8a1666186641ac92932a0e7a.jpg,205594755a63137a2aedc10b2ab387f2,5
train,Demodicosis,../datasets/feed/train/Demodicosis/scabies_117_png_jpg.rf.b97b70254181b0c37ff3430063c1ba37.jpg,207cde4e343f8c9aecbcc8703f8109a9,0
train,Demodicosis,../datasets/feed/train/Demodicosis/D120_png_jpg.rf.77bc1caa951a2d266df48e1ec4838307.jpg,2088f4faa8d5589e6d1340634c22c635,0
train,Ringworm,../datasets/feed/train/Ringworm/WIN_20240514_17_21_45_Pro_jpg.rf.997577c96dda8953f906ecc7556591b9.jpg,20902f05bef333f83a8980f6dc3080c6,5
valid,Fungal Infections,../datasets/feed/valid/Fungal Infections/Fungal4_png_jpg.rf.0dad8d0036f3eb4f6990406f511cd225.jpg,209726fa39f60543cb364b77b536bf20,2
train,Demodicosis,../datasets/feed/train/Demodicosis/1-14-_png_jpg.rf.8d34e1d23099ee7905cde44084f037e0.jpg,2097dfa5a38e1df189e720625b8495ea,0
valid,Healthy,../datasets/feed/valid/Healthy/dogs_245_jpg.rf.00ea907249afd9ad448122585791631d.jpg,20a52434be784ecd7aee0da414ec7ada,3
train,Fungal Infections,../datasets/feed/train/Fungal Infections/fungal3_jpg.rf.1a8c630785e1ba3d610b8b90be777e9f.jpg,20b460505426ad4f889eb83fa056d54c,2
train,Fungal Infections,../datasets/feed/train/Fungal Infections/fungal3_jpg.rf.ceb375576a88cb602e07d48fdea4459d.jpg,20c6ef67d3fd059a4a691c3df996a20a,2
train,Demodicosis,../datasets/feed/train/Demodicosis/P12_png_jpg.rf.88c8217809cc74aa552cefbfbce1e0b1.jpg,20d63802c3535e144bf7f501405b9342,0
train,Demodicosis,../datasets/feed/train/Demodicosis/2024-05-13-165037_jpg.rf.6ccf317aee490d48aef0d0c0e7bdc12f.jpg,20ec38a066073da1a85ae38eca9cedf5,0
train,Fungal Infections,../datasets/feed/train/Fungal Infections/Fungal_Image_2_jpg.rf.ab6125c6e23c2c9e35a7843650db6dad.jpg,20f39274d427f3d0973ddb762aad9e03,2
train,Healthy,../datasets/feed/train/Healthy/HEALTHY_042_jpg.rf.a2379c8c9e32116a5ba465a2685b2cde.jpg,210040fd3d9e34239808a65a3c4dbda8,3
train,Ringworm,../datasets/feed/train/Ringworm/Day-4-of-ringworm-treatment_00261_jpg.rf.4a095936ec68e61d39af31075e9bcbe3.jpg,21153088604b15613578050b3cc5dbe9,5
train,Demodicosis,../datasets/feed/train/Demodicosis/scabies_113_png_jpg.rf.325c9a2c4b174e133115bb56b54c854f.jpg,21174664ff92654fe0b174e6881fe75a,0
train,Demodicosis,../datasets/feed/train/Demodicosis/P15_png_jpg.rf.2cb67f3f142cb00165782cbe655f866d.jpg,2126e1221cb4ffad0480f235976caf8c,0
valid,Ringworm,../datasets/feed/valid/Ringworm/ringworm-79-_jpg.rf.e9422b2a2db812546224efcd14e4765f.jpg,2159edf6e669bc5f342a05662f147629,5
train,Dermatitis,../datasets/feed/train/Dermatitis/89_jpg.rf.28742fb1d239bde8d4b7940578b82698.jpg,215bcc0de9efe4bca16679e3b9492fd4,1
valid,Ringworm,../datasets/feed/valid/Ringworm/77CF36D7-3D24-45F8-BC2B-28C298DA84A4_jpeg_jpg.rf.9df59cc679dbe7e4a0b1793e7cbd04f7.jpg,21784d98b84a4f612c84436dbb131b4c,5
train,Dermatitis,../datasets/feed/train/Dermatitis/May-is-allergy-awareness-month-here-at-The-Shot-Spot_01375_jpg.rf.40feaf39c0046bd3e584f28e1036b474.jpg,21ae6b301d0e123eb772cdfbd35ea905,1
train,Ringworm,../datasets/feed/train/Ringworm/WIN_20240514_17_26_46_Pro_jpg.rf.d1b5e5d23cdd99365e3f467a70e2f428.jpg,21b97404c8f2eaeb6014f00c3bc8c3e3,5
valid,Ringworm,../datasets/feed/valid/Ringworm/90756CC4-0872-4328-B777-FABEAFABD5EF_jpeg_jpg.rf.e21a596e52c452db007196a3c7a31bfe.jpg,21b9cc812840a9744f781ea09d55d3a1,5
train,Demodicosis,../datasets/feed/train/Demodicosis/1-9-_png_jpg.rf.7725024dee7b0bf41e558addadb84935.jpg,21c96e1cb317d046ffb5ee483669258f,0
train,Ringworm,../datasets/feed/train/Ringworm/72AF7C39-5E76-4D59-ABE8-A26A7A74B28B_jpeg_jpg.rf.7e89b92357e3761c70fbdf07bc129418.jpg,21e273eb7b983b6849b405d7bc59ce4d,5
train,Ringworm,../datasets/feed/train/Ringworm/ringworm-138-_jpg.rf.dec3c2848a7e00c2837757be44df42c7.jpg,21e3a6ac9bdddc1761ad258a37c88784,5
train,Hypersensitivity,../datasets/feed/train/Hypersensitivity/pic4_jpg.rf.22d7bbde04c8e8a112aa3d24c98a75d7.jpg,21fe8e8af88e28f54c134a5de3253e44,4
train,Demodicosis,../datasets/feed/train/Demodicosis/IMG_5254_jpeg_jpg.rf.36a1b8c4a0187fa0050fac61b22ced33.jpg,2202d2908921b30eec196d609c88b193,0
train,Fungal Infections,../datasets/feed/train/Fungal Infections/pic78_jpg.rf.16967e4ac0ced63b214ee6cd39ecfd1d.jpg,220c0a923963231bfa3907c11ab783fa,2
train,Dermatitis,../datasets/feed/train/Dermatitis/56_jpg.rf.f6ff2179cfe4f1a4e514839097603309.jpg,22102f0bb9c7283b68efe155366ea428,1
train,Healthy,../datasets/feed/train/Healthy/dogs_116_jpg.rf.9390e33f64be907e3e1f0daf90fc6d2f.jpg,22193e878d4943af665d3728390c2534,3
train,Dermatitis,../datasets/feed/train/Dermatitis/OIP-6-_x4_jpg.rf.042491280fa8400836b467875737adfa.jpg,221d4d41c13a62747e7fc7c1746a01fa,1
train,Healthy,../datasets/feed/train/Healthy/HEALTHY_013_jpg.rf.13d0b61bebfac9e08d69327a058887cb.jpg,22249bd1afe58a6667a6d11c3a4a094a,3
valid,Dermatitis,../datasets/feed/valid/Dermatitis/May-is-allergy-awareness-month-here-at-The-Shot-Spot_01663_jpg.rf.ed27b8f0afef045595d06f1336d3e6cd.jpg,22254682cb9c829d4c315d1fe365d415,1
train,Dermatitis,../datasets/feed/train/Dermatitis/Canine_lick_granuloma_jpg.rf.e806f920af3b38a497ea611942ce4ec3.jpg,2231afd48f54341e73b1edc1bb358541,1
train,Dermatitis,../datasets/feed/train/Dermatitis/hot-spots-suck_00223_jpg.rf.3e5fde39aaa5ce35fc4380229c8dc612.jpg,224213429a271f1dac1f9adf406a510e,1
valid,Demodicosis,../datasets/feed/valid/Demodicosis/1-6-_jpg.rf.fbb22f1f65d112fec60253696069b125.jpg,22560716e3437312b431c9527ac4f736,0
train,Fungal Infections,../datasets/feed/train/Fungal Infections/fung5_jpg.rf.3de694d8bd0f1f63b40dcfda14118232.jpg,225f7c5af929a11dfdb979dbd5fc9c45,2
train,Demodicosis,../datasets/feed/train/Demodicosis/IMG_5197_jpeg_jpg.rf.19bdfd96d20446dc474ab953040f31cb.jpg,22695c3383ded4872d0cb7d0f9812083,0
train,Ringworm,../datasets/feed/train/Ringworm/ringworm-23-_jpg.rf.ddb47944718202f352caba54f1e416c5.jpg,226a83072bc07ee8443fbae308576729,5
train,Ringworm,../datasets/feed/train/Ringworm/WIN_20240514_17_26_36_Pro_jpg.rf.02594b69e2ed9f7613ff39cbb319ff08.jpg,227c8213ca57bfa846c629278390f145,5
train,Healthy,../datasets/feed/train/Healthy/dogs_149_jpg.rf.94ea87816c1e0eb60da12bf40352419d.jpg,22925b3fcd1f17f1cd9f0c715c5887e1,3
train,Dermatitis,../datasets/feed/train/Dermatitis/Hot-Spot-on-_Chance_-How-to-treat-a-dog-that-you-can_t-touch_-000623_png_jpg.rf.895436d92bde0de8adafbbefea8366f3.jpg,229b6e5299df49c708bed5f7dc692368,1
valid,Ringworm,../datasets/feed/valid/Ringworm/WIN_20240514_17_41_29_Pro_jpg.rf.f3f7bd8b20174be9c298148e73823a3f.jpg,229b9c2b0cf175e4682003728ddc03d2,5
valid,Hypersensitivity,../datasets/feed/valid/Hypersensitivity/B9781416056638000070_f007-044-9781416056638_jpg.rf.e80f87f1a8c4b10a9d96157e95a12276.jpg,22bbd40f3404938c44726033e1e9aad9,4
train,Hypersensitivity,../datasets/feed/train/Hypersensitivity/B9781416056638000070_f007-034-9781416056638_jpg.rf.20ec00866700436fd991eed693823e53.jpg,22bf402d662a994cf89e77341a090bf3,4
train,Ringworm,../datasets/feed/train/Ringworm/WIN_20240514_17_26_49_Pro_jpg.rf.c131a52d78b62fecb90e5361f59dcb12.jpg,22c50c86f39f8059b28dd6d176366dc3,5
train,Demodicosis,../datasets/feed/train/Demodicosis/2024-05-13-164158_jpg.rf.199832d6cb4bace81c8e03c5206d9c2a.jpg,22c839835fb6ff445fecbdce0eadd54b,0
train,Fungal Infections,../datasets/feed/train/Fungal Infections/Fungal_2_jpg.rf.3959383dd2a98ae6b1243efcfdfe1cc6.jpg,22df92a48ceb0ae0af1940bde099eac9,2
valid,Ringworm,../datasets/feed/valid/Ringworm/ringworm-58-_jpg.rf.0070a6c884de28aae2826c07ab3e55b1.jpg,22edca50e157187e549ae0fac31d6c35,5
train,Ringworm,../datasets/feed/train/Ringworm/80b5eb_799a7e6d4c1444318ee3e4280_jpg.rf.3048fc30eea1238a1d2538eea98257be.jpg,22f474ded8be1a8e115140026da296cd,5
valid,Dermatitis,../datasets/feed/valid/Dermatitis/83553740_2666988543398149_7829973956135223296_n_jpg.rf.348b00eb0d9ad5d20f0c36c0018434c2.jpg,23003d1ac041570e1606fd8a3a2bea05,1
train,Demodicosis,../datasets/feed/train/Demodicosis/2024-05-13-164224_4_jpg.rf.27c29c6eadd796acc3be40e0774ee705.jpg,2306de8f109e06c322331c7e8bee7e31,0
train,Dermatitis,../datasets/feed/train/Dermatitis/Hot-Spot-on-_Chance_-How-to-treat-a-dog-that-you-can_t-touch_-000614_png_jpg.rf.6a37d92afe279105a44a74807cf5ceb0.jpg,231b4a65e4d5d20692efd637ab35401d,1
train,Demodicosis,../datasets/feed/train/Demodicosis/P12_png_jpg.rf.8d3aff6fa730b31d7168085d97bc833e.jpg,231f14d0687fc1acf28386e5d988f510,0
train,Dermatitis,../datasets/feed/train/Dermatitis/1000010634_x4_jpg.rf.5dbe983319c6df2f9eeff186b817ac4a.jpg,2327cd636b4e50823547ffca37958146,1
train,Ringworm,../datasets/feed/train/Ringworm/436611250_417959844314512_1076972693256378968_n_jpg.rf.fcb7800f2e25caa8427e7ec6a1550984.jpg,232a224e96a3e3616c9f07af61476081,5
train,Dermatitis,../datasets/feed/train/Dermatitis/May-is-allergy-awareness-month-here-at-The-Shot-Spot_00136_jpg.rf.67ad7dc0b8909e5139fb67093ddb72e2.jpg,2365d85cdae2f08ac5282b9300badace,1
train,Fungal Infections,../datasets/feed/train/Fungal Infections/pic46_jpg.rf.25bf9c0c2236766bfdc58e9042860003.jpg,236f55cd1573f060120a2fb716ca7809,2
train,Demodicosis,../datasets/feed/train/Demodicosis/IMG_5199_jpeg_jpg.rf.1692d1483a88f579c17adb05e072e208.jpg,23832f9b06fae69b96c01038869b5c03,0
train,Demodicosis,../datasets/feed/train/Demodicosis/P11_png_jpg.rf.db41669d49e1a87dc96fb54befb079be.jpg,238a3a8d325f7219da3cc76409f2ef09,0
train,Dermatitis,../datasets/feed/train/Dermatitis/bacc1_jpg.rf.1a5c7a0dbf2e26cd119e1c3cfaf0285b.jpg,241450492edf8a93bd20e670fc2b3d9e,1
valid,Dermatitis,../datasets/feed/valid/Dermatitis/Hot-Spot-on-_Chance_-How-to-treat-a-dog-that-you-can_t-touch_-000625_png_jpg.rf.0aa14a5fc14840c4a94e8469d4230c62.jpg,24167302828710d067bf00012549e8b1,1
train,Fungal Infections,../datasets/feed/train/Fungal Infections/pic60_jpg.rf.239a69858a44891e72172c8e0418f1d1.jpg,2421bf5ab2051989e98c1fc9d54e2fd4,2
train,Ringworm,../datasets/feed/train/Ringworm/ringworm-100-_jpg.rf.43249fdc52d0b3c3e3ddfb9f74bd7d41.jpg,24231a20232bd3c44a841f47b2f31ac8,5
train,Hypersensitivity,../datasets/feed/train/Hypersensitivity/hps11_jpg.rf.05ce1c4e7d72f4776eb7b5a3f1dd0688.jpg,2437b6f30fb93478bfc86b48526e3661,4
train,Demodicosis,../datasets/feed/train/Demodicosis/scabies_119_png_jpg.rf.f604db4745f39f5301f3bf61602e59f4.jpg,244b24a0a31e4cb49f07610c6e1efffb,0
train,Healthy,../datasets/feed/train/Healthy/pic33_jpg.rf.0026e67bed848e81f345fe916ddca2ae.jpg,2470020ec4d98fac5015de9c89374644,3
train,Healthy,../datasets/feed/train/Healthy/dogs_153_jpg.rf.16c8a18e3972660dfb61f58130624eee.jpg,2472cd7744d6fa1638245359e69bfcad,3
train,Demodicosis,../datasets/feed/train/Demodicosis/IMG_5147_jpeg_jpg.rf.38ec037960bd97779b9e09529feba550.jpg,2483f256ea11244782c4dff44f201d99,0
train,Ringworm,../datasets/feed/train/Ringworm/436640642_811487460836132_6485568501349186497_n_jpg.rf.0dfecb7ed0726e5006063ecbb46dc2c7.jpg,248b3aea9bac8f41c1dab9e85f252348,5
valid,Demodicosis,../datasets/feed/valid/Demodicosis/2024-05-13-133853_2_jpg.rf.364987879bb933e98760e2b994c7e7d0.jpg,2497a66e3b6d13a6c07bc2e13b772e12,0
train,Ringworm,../datasets/feed/train/Ringworm/NEWR39_png_jpg.rf.df0bb4be1795634886ba3e772fd152ce.jpg,249bbb1065438b6d9d42e7e0836fd8ec,5
train,Demodicosis,../datasets/feed/train/Demodicosis/P50_jpg.rf.a2884abff4cd805e97aa0a0cdd87ab02.jpg,249e714db80ac503520cb5fac95f1fb9,0
train,Ringworm,../datasets/feed/train/Ringworm/ringworm-156-_jpg.rf.792ce87e3807d18a40acd31c6d90df97.jpg,24b54433c6209083772f260eca67388e,5
train,Ringworm,../datasets/feed/train/Ringworm/NEWR47_png_jpg.rf.5dddad8b6fb9cd516d1e5ffeb6d193ed.jpg,24d7279d16a2d0cebf72aafa9030dac1,5
train,Ringworm,../datasets/feed/train/Ringworm/ringworm-119-_jpg.rf.cc3c29ea70bfceb906411d5a0467a5e8.jpg,24da31b75c5999f542ddaae83f62eab5,5
train,Ringworm,../datasets/feed/train/Ringworm/ringworm-140-_jpg.rf.6f2c118c4f21c55a12685c16bf1bad6b.jpg,252058e30d63d2f4971487e64b50eca5,5
train,Dermatitis,../datasets/feed/train/Dermatitis/1000010634_x4_jpg.rf.f41c0230cf62cdd6872ff668a1817257.jpg,2531477c5306f8d48c4d0049a30a38b7,1
train,Dermatitis,../datasets/feed/train/Dermatitis/HOT-SPOT-IN-DOG-HOW-vet-treated-symptom-prevention_-flea-bite-moist-eczema_dog-itching-000502_png_jpg.rf.808429e218b5f87a0b8a8ca53fc9bd39.jpg,253c1c04fd83a0ed7b0c17246a5c6f33,1
train,Ringworm,../datasets/feed/train/Ringworm/751D91EA-5029-4605-908B-7BA9605612AC_jpeg_jpg.rf.61e2d2817fdb4e58a5730c66ccc71dde.jpg,254110410cfeac6114401da5acb63e4a,5
train,Demodicosis,../datasets/feed/train/Demodicosis/scabies_97_png_jpg.rf.1b914fb3e40e4088f9fe4fd19971317b.jpg,256f1dc75b1f5b0bf0945c707f7c85e6,0
train,Demodicosis,../datasets/feed/train/Demodicosis/IMG_5180_jpeg_jpg.rf.bdede5908ab99703d35e249ffe253059.jpg,257119eb2d8d9bc8c374614b00e62cfc,0
train,Demodicosis,../datasets/feed/train/Demodicosis/scabies_109_png_jpg.rf.247e07b6d9d6df303789dd98be9176b4.jpg,25796b2f1e8457f9b6e277003679a561,0
train,Dermatitis,../datasets/feed/train/Dermatitis/Thank-you-all-for-your-support_00001_jpg.rf.e675294843072a8cb50bc3207ddc6f08.jpg,25a552d8d6cf1a1da06d92947116c15a,1
valid,Demodicosis,../datasets/feed/valid/Demodicosis/1-45-_png_jpg.rf.666c2ed2f510b63396e60130a44aad86.jpg,25b6cef88fd49e292b426331e10e78c9,0
train,Ringworm,../datasets/feed/train/Ringworm/ringworm-115-_jpg.rf.603d8178ae6674828ff07484ca869b6a.jpg,25bfc74d1130651697fc8e368aa0d7e4,5
train,Dermatitis,../datasets/feed/train/Dermatitis/Owners-usually-don-t-get-a-good-vote-of-just-how-big-hotspots_00361_jpg.rf.8db24420c0926fa1a2ec921299da75ec.jpg,25c7b4bc7c323c0b9bc485fb34605df9,1
train,Healthy,../datasets/feed/train/Healthy/dogs_004_jpg.rf.9c588ed9de6fb6a18cac979019da5020.jpg,25f4e5db3b862b7c544385aaa0448650,3
train,Demodicosis,../datasets/feed/train/Demodicosis/2024-05-13-134130_3_jpg.rf.4da65d68c268e27488a983897a94a260.jpg,2600ea06f9770c4d9497930be018b782,0
train,Demodicosis,../datasets/feed/train/Demodicosis/1-38-_png_jpg.rf.f30562c49e191a8ff74ae9f33acbacf9.jpg,26015c4c676695d927a9ea77b6311b4c,0
train,Dermatitis,../datasets/feed/train/Dermatitis/bacc2_jpg.rf.fe398a14bf5384c491bf0f9f019f2236.jpg,26115057c632e0a601cf1f33e4a87788,1
train,Dermatitis,../datasets/feed/train/Dermatitis/May-is-allergy-awareness-month-here-at-The-Shot-Spot_02323_jpg.rf.7156ff906c51292d9170d129a18184ed.jpg,26157fbe0e3b02c5daa5dd3fd79a23c9,1
train,Ringworm,../datasets/feed/train/Ringworm/ringworm-78-_jpg.rf.341fea4a104fc6dba161663fb33e5645.jpg,263a5c0bcfb90974d31036b10acd2d5b,5
train,Demodicosis,../datasets/feed/train/Demodicosis/2024-05-13-155521_3_jpg.rf.b3f0b267b714a1cf60477a36fa4975c3.jpg,263b4731813b0995b3783bdc6445d8fc,0
train,Ringworm,../datasets/feed/train/Ringworm/1000010729_x16_jpg.rf.e98064ef7952489699ee4e0a6f6036fa.jpg,2655ab059209aa888fefb06064550ccb,5
train,Ringworm,../datasets/feed/train/Ringworm/NEWR23_png_jpg.rf.55706633db12d2548c442f6dfff6e20a.jpg,26948ed2c87b4172d8d20a107d1b18ae,5
valid,Ringworm,../datasets/feed/valid/Ringworm/ringworm-19-_jpg.rf.0af07dae75f86014a1b2d91730527f52.jpg,269b2b123cc46b70c1f8dc0fb84240a0,5
train,Ringworm,../datasets/feed/train/Ringworm/ringworm-77-_jpg.rf.6d6a941a5fddc8fd1e4f665cd0c1be78.jpg,26a665a686bbb388e81266106df74d19,5
train,Demodicosis,../datasets/feed/train/Demodicosis/IMG_5146_jpeg_jpg.rf.5564d1dac4c92bd4a0adc93b137a83f0.jpg,26bb5388fd5d4aaff9bc6e747f5d62f4,0
valid,Ringworm,../datasets/feed/valid/Ringworm/NEWR37_png_jpg.rf.de8706d667fe1097c895f9879b0865f1.jpg,26da2c68212c48e62415d9f231aa61ad,5
train,Demodicosis,../datasets/feed/train/Demodicosis/2024-05-13-162254_jpg.rf.40aaeebf7229d784b5daee2423d0f111.jpg,26f3ee980b57a393961c6ccf8a3c8099,0
train,Healthy,../datasets/feed/train/Healthy/dogs_106_jpg.rf.f521789741479f5db243cb56b381b447.jpg,27207de6a729b8a614f4cb49980de453,3
train,Fungal Infections,../datasets/feed/train/Fungal Infections/1090_jpg.rf.ef9cbf63932661f510dc2ff8c2d15e86.jpg,273806e680f353f21f8c659d2bdca2b2,2
train,Ringworm,../datasets/feed/train/Ringworm/ringworm-99-_jpg.rf.f882ff1c42793286a092fa7dc9149096.jpg,2747c25c49d7ea56a2a7a7a85074b283,5
train,Demodicosis,../datasets/feed/train/Demodicosis/IMG_5309_jpeg_jpg.rf.3cdbf4af73732a8a744b8ce81013651c.jpg,2754f37e38268410a7a1178a66691ad1,0
train,Dermatitis,../datasets/feed/train/Dermatitis/May-is-allergy-awareness-month-here-at-The-Shot-Spot_01972_jpg.rf.e3ce3562f79ab0246e8621072c06fa73.jpg,2756f88477f52dbc1cc2b3e3dc65e7af,1
valid,Demodicosis,../datasets/feed/valid/Demodicosis/scabies_111_png_jpg.rf.fa3393dd89edd9baa9c75b1bcfe617f6.jpg,275fbdf20fbfd07f99104c3920a39f51,0
train,Dermatitis,../datasets/feed/train/Dermatitis/pic7_jpg.rf.df2991418bd4b603c04ae57ac2718a8e.jpg,2765c8b566a050404cd29152aff445c1,1
train,Dermatitis,../datasets/feed/train/Dermatitis/May-is-allergy-awareness-month-here-at-The-Shot-Spot_02797_jpg.rf.7b58aa75ebc74f47064125c6ae1348a0.jpg,279d6bc9c8997742be69ec0f615cb2bd,1
train,Ringworm,../datasets/feed/train/Ringworm/ringworm-47-_jpg.rf.514d8c473db08fbb8e4b5d66867f081c.jpg,27d2e4fcb39fbcaf2553fe44dfe55b18,5
train,Healthy,../datasets/feed/train/Healthy/HEALTHY_009_jpg.rf.1e2ee7d54edf2343d6f39d414a15de48.jpg,27d3b1c24b11448c50e8a589422df17c,3
train,Hypersensitivity,../datasets/feed/train/Hypersensitivity/27_jpg.rf.8b300ccd1beed7d15dee25614591b295.jpg,27e2e8921a3be8c4dff516c65ed9e4e7,4
train,Fungal Infections,../datasets/feed/train/Fungal Infections/FUNGAL-INFECTION_009_jpg.rf.1f0294dc3a5268f1e12735b31598d156.jpg,27e8ccfd8bbd188952d2cb40ef07438d,2
train,Fungal Infections,../datasets/feed/train/Fungal Infections/FUNGAL-INFECTION_057_jpg.rf.3f86011bbb4d585e0199c4ba95aa26ae.jpg,27ec321e156304039207ac2a5b003d29,2
train,Ringworm,../datasets/feed/train/Ringworm/WIN_20240514_17_26_46_Pro_jpg.rf.e33077b9697af2ba56e93f1cd4a9b989.jpg,281a1f5ff7ea757c25d5e8efedfbf428,5
train,Demodicosis,../datasets/feed/train/Demodicosis/2024-05-13-164141_jpg.rf.12b360b6dff5af7d8ab6d751993e9e27.jpg,2848a3c1698bf91ac68cfd221ede2d73,0
train,Ringworm,../datasets/feed/train/Ringworm/R3_png_jpg.rf.47a2388710ce3b6ec7190c738dd2e46f.jpg,285442b952e56efe0291ff0d60b22cf1,5
train,Healthy,../datasets/feed/train/Healthy/dogs_119_jpg.rf.6ca3950b0a8aaabf88633eae8c865aa3.jpg,288cd61b6932ce08c5cc0ff7596acc51,3
train,Dermatitis,../datasets/feed/train/Dermatitis/217702707_549389272771952_6096969687785169247_n_jpg.rf.09a1635a69a5a0192d96bb2022bdaeb4.jpg,288faf4492843a7146e6b85e923256ad,1
train,Dermatitis,../datasets/feed/train/Dermatitis/HOT-SPOT-IN-DOG-HOW-vet-treated-symptom-prevention_-flea-bite-moist-eczema_dog-itching-000480_png_jpg.rf.c36d77283d7253f085d41912cd48d4a8.jpg,28b1a9a1691255a9ee152a567ac159b7,1
train,Demodicosis,../datasets/feed/train/Demodicosis/1-9-_jpg.rf.050138a6ba1a5a88f9607ca272787365.jpg,28fa4c36132cec8d90ca7f8e0bd1245e,0
train,Demodicosis,../datasets/feed/train/Demodicosis/IMG_5192_jpeg_jpg.rf.02b29c03386ee977a4bbe064e78af3e4.jpg,28ffef42d279af366e17ca1065049f4d,0
train,Healthy,../datasets/feed/train/Healthy/pic36_jpg.rf.0922de0e9b78a1e2461388d724fbc539.jpg,2905b018955330094f689f606a98d9b2,3
train,Dermatitis,../datasets/feed/train/Dermatitis/May-is-allergy-awareness-month-here-at-The-Shot-Spot_02803_jpg.rf.785523377c5326bfb7a76dc6b95991d0.jpg,2908c96ea1e1c24929f6b206f9623cfc,1
train,Fungal Infections,../datasets/feed/train/Fungal Infections/pic25_jpg.rf.973e0d624acbc00f6e4a5aa2f5399f70.jpg,292042e42fa7974650621ea30f2d300b,2
train,Ringworm,../datasets/feed/train/Ringworm/WIN_20240514_17_41_07_Pro_jpg.rf.927214125870003f27a904b7f92b3ea1.jpg,2929dab44d96bef8be042ec9e9b03f42,5
train,Ringworm,../datasets/feed/train/Ringworm/WIN_20240514_17_28_43_Pro_jpg.rf.dc83c310a34ce5aa3d12926507a22891.jpg,2939230562e6e06f47d4caa535ba14c5,5
valid,Dermatitis,../datasets/feed/valid/Dermatitis/1000_F_266925987_GoNkiLNIUXfRzYXf96Ngo00leArxL72S_jpg.rf.e7169b137a5c7d4458dfd3801c180a3c.jpg,294a893ca29cc41648586d8e1408b8e0,1
valid,Healthy,../datasets/feed/valid/Healthy/dogs_028_jpg.rf.8ccb5c8abc03765229d55779dbf1c464.jpg,2962fb30314c7bfad5b5b43984df54d9,3
train,Ringworm,../datasets/feed/train/Ringworm/ringworm-67-_jpg.rf.8a814681bc29ff2c0e52c7d9da4aabea.jpg,299145bac5b701af6df7f8ffdb289b07,5
train,Ringworm,../datasets/feed/train/Ringworm/ringworm-144-_jpg.rf.e21bb77965fc3b7ce8bb43368b533127.jpg,29b8e6b94242558ffe50f99c39457a7b,5
train,Hypersensitivity,../datasets/feed/train/Hypersensitivity/Hypersensitivity2_png_jpg.rf.74e6010e4408dc9c2a77c7712f1ed94a.jpg,29c18c351707e2c5a1e34b13fa0df3f7,4
valid,Dermatitis,../datasets/feed/valid/Dermatitis/1000010577_x4_jpg.rf.d3cf9d7f87b1bbf0b2699a013b33959c.jpg,29de14ee5e82edc7627628fc126486db,1
train,Healthy,../datasets/feed/train/Healthy/dogs_001_jpg.rf.3be4884ec332c5262247f33c25e708c3.jpg,29e0811f7f5a3949ebf02f7842ff3a75,3
valid,Healthy,../datasets/feed/valid/Healthy/dogs_074_jpg.rf.119e5ed7aa4af6e2871d02647d6a121d.jpg,29e3b353a0d2f2e3b2ee0b300efa9dfd,3
train,Ringworm,../datasets/feed/train/Ringworm/WIN_20240514_17_37_15_Pro_jpg.rf.8711c1a2d3e9683f08f8aaa62b0b560f.jpg,29e41767802cfedc238cb89516e927fe,5
train,Healthy,../datasets/feed/train/Healthy/dogs_060_jpg.rf.7abc128ff12c052fb7e4eb16ca9648ba.jpg,2a0fc2e1845e6dce9d8eedc9a77fa22d,3
train,Fungal Infections,../datasets/feed/train/Fungal Infections/pic87_jpg.rf.3b115c03f783e8476ea4456ba4719d0c.jpg,2a3b2e6d978fb8bd789f1a10648e03fa,2
valid,Dermatitis,../datasets/feed/valid/Dermatitis/1000010759_x16_jpg.rf.7bd54997966cf3e9e1d6a4b72360586e.jpg,2a60e51ebc2c6802145895d771ff8b18,1
train,Ringworm,../datasets/feed/train/Ringworm/ringworm-13-_jpg.rf.b9d0e8bbf40e23ed36e13650dce9b066.jpg,2a6c986ec85fafa4d0b062bb55b3244a,5
train,Demodicosis,../datasets/feed/train/Demodicosis/2024-05-13-162001_jpg.rf.ac70dff1cbda65fb64b88af8f11e5147.jpg,2a8efe7178d193b94ba698630f2f5955,0
train,Dermatitis,../datasets/feed/train/Dermatitis/May-is-allergy-awareness-month-here-at-The-Shot-Spot_01552_jpg.rf.d4cd32ee5fc8a5b4df015c324cf3a582.jpg,2a8fd1f6e2ee3f28dc41ac9c915b341f,1
valid,Ringworm,../datasets/feed/valid/Ringworm/ringworm-135-_jpg.rf.f712f2528a96f43831271cfd9f510797.jpg,2a97182fd1c1c385d5a586099043cc2a,5
train,Dermatitis,../datasets/feed/train/Dermatitis/hotspot-32-_jpg.rf.e6f58fde8343d985b49c93d37dac325d.jpg,2aca5b81e4f9ca739b4af9e5d0169bb6,1
valid,Ringworm,../datasets/feed/valid/Ringworm/ringworm-136-_jpg.rf.880b50a547dc1ff17032d332e7d3f321.jpg,2ae6e38899aaefc4c54c1fff7d6b2e5d,5
train,Ringworm,../datasets/feed/train/Ringworm/ringworm-52-_jpg.rf.b89bd14a699d99bc8e1028a96c9d9772.jpg,2af277118c5d7bf6db5a6bd592986cf3,5
train,Demodicosis,../datasets/feed/train/Demodicosis/2024-05-13-133332_2_jpg.rf.f75425578f68d75d5069f8cae1b7b0c5.jpg,2afc738f18c3774f85a2c94a3d4bfd9e,0
train,Demodicosis,../datasets/feed/train/Demodicosis/scabies_89_png_jpg.rf.652b9ba00b66f1072d02dc0f9ce438f6.jpg,2b0ff3fd63942253c1bfbbdd2bb66d7c,0
train,Healthy,../datasets/feed/train/Healthy/HEALTHY_005_jpg.rf.67b56b0314d46104cdeb4a8a5d0c056a.jpg,2b1e77ea50875d7ecc7a8686605ecfad,3
valid,Healthy,../datasets/feed/valid/Healthy/dogs_087_jpg.rf.782df1f9979db80ad9b34fb9dd376d11.jpg,2b282ff0240e9948dea34df3d3b75f51,3
train,Ringworm,../datasets/feed/train/Ringworm/ringworm-9-_jpg.rf.616d34ec2f0910e10ecca5a6c597b634.jpg,2b4c6b91b1423ff5442b2b06f71a9840,5
train,Hypersensitivity,../datasets/feed/train/Hypersensitivity/pic0_jpg.rf.7b79d37a71a57274da18ab5eaad44b20.jpg,2b748b32611400143d3e30a8a31fecd8,4
train,Hypersensitivity,../datasets/feed/train/Hypersensitivity/pic5_jpg.rf.be1789258e08015a0b88086eb11d2d61.jpg,2b75354d9aec36c9b75aa156d5f3be48,4
valid,Healthy,../datasets/feed/valid/Healthy/dogs_160_jpg.rf.ff67496c6d2432fcbb9adba006543623.jpg,2b7605fb6502af4b4db3745305fc7e83,3
train,Dermatitis,../datasets/feed/train/Dermatitis/1000010725_x16_jpg.rf.27496930951b86fce74ca59e16ed2278.jpg,2b8e2ef26cc4179241d3b24648619300,1
train,Healthy,../datasets/feed/train/Healthy/pic17_jpg.rf.5df1675cd8b7f39a9ea69e580f1f8e2a.jpg,2baaad174022ddfebd9bef91d6088c25,3
valid,Ringworm,../datasets/feed/valid/Ringworm/ringworm-6-_jpg.rf.6e2603c35524270d9af9a38e9218a883.jpg,2bbd9291045ec647ba852949f0e205e7,5
train,Ringworm,../datasets/feed/train/Ringworm/ringworm-135-_jpg.rf.fd8aab112bb70bd6a3eb92606e3765d1.jpg,2bc7f8c1ef912e4e78da6d8ccc969737,5
train,Healthy,../datasets/feed/train/Healthy/46_jpg.rf.f6da983b5c95e25282da43684789e5c6.jpg,2bc93fec76da4d76641dd88f09d1ab02,3
train,Demodicosis,../datasets/feed/train/Demodicosis/IMG_5286_jpeg_jpg.rf.26b6a5586cf080f61e77ee1fe0e010e6.jpg,2bd5a9f1462f2ca0bb2e64cc7e13ad38,0
train,Demodicosis,../datasets/feed/train/Demodicosis/IMG_5179_jpeg_jpg.rf.127534e8f44e1cf45abf81260611badd.jpg,2bdde6580939ba7544f6a7e8099efb79,0
valid,Ringworm,../datasets/feed/valid/Ringworm/72AF7C39-5E76-4D59-ABE8-A26A7A74B28B_jpeg_jpg.rf.d635645da2359a19d3bfd29efbf9583e.jpg,2bede7b27af8126a809b46e2c17f2c94,5
train,Demodicosis,../datasets/feed/train/Demodicosis/1-67-_png_jpg.rf.ac3a8d04470eb1cd16e420273814e9b1.jpg,2bfcb3ef5732645ca0972cdbe510db26,0
train,Healthy,../datasets/feed/train/Healthy/Image_3_jpg.rf.54d0722948133edd48299c425fa07e0e.jpg,2bffb6a3a0bf9f8720424b119bd49057,3
train,Fungal Infections,../datasets/feed/train/Fungal Infections/fungal3_jpg.rf.65a03308074e59050d8c5b0ebe928413.jpg,2c01db63fd7b5e746a7e036b6ac58f41,2
train,Ringworm,../datasets/feed/train/Ringworm/WIN_20240514_17_43_45_Pro_jpg.rf.8452d08c99d4a6262e3fa10df3649ed9.jpg,2c05a2a13213624e23c9680fb0693b9c,5
valid,Demodicosis,../datasets/feed/valid/Demodicosis/IMG_5290_jpeg_jpg.rf.51114cc13f82067af4dd10e82b6276ac.jpg,2c3b96ce0a60edb8d10b50a0d11c96e6,0
train,Demodicosis,../datasets/feed/train/Demodicosis/2024-05-13-164158_jpg.rf.9fc244a5cb92420b3bf25059c2576f89.jpg,2c6a4710a8fe9fd3477b6401ea0367ff,0
valid,Dermatitis,../datasets/feed/valid/Dermatitis/May-is-allergy-awareness-month-here-at-The-Shot-Spot_00688_jpg.rf.1b3b116aa125b0643850323ba517d1ad.jpg,2c8d914167806fcb55f14f989a7cb285,1
train,Ringworm,../datasets/feed/train/Ringworm/ringworm-102-_jpg.rf.b236d6214a4110cefe74321a78059cc9.jpg,2c912357956d66235bd5d7ddf6c7d29d,5
train,Ringworm,../datasets/feed/train/Ringworm/436827116_313204271618259_7494145659042912998_n_jpg.rf.89eac74862f58d9d424590154f5aec84.jpg,2cac5609ec9627dfd7d2722984e80a4a,5
train,Ringworm,../datasets/feed/train/Ringworm/Day-1-of-ringworm-treatment_00081_jpg.rf.153dc752f98789b89749124fe7ded016.jpg,2cba8b2b14149a3064714ec0dfb0d7c5,5
train,Dermatitis,../datasets/feed/train/Dermatitis/May-is-allergy-awareness-month-here-at-The-Shot-Spot_02323_jpg.rf.03393dc079dc692ca417c439efd6bada.jpg,2cbbe194254f2fc585b4b33c1dd24042,1
valid,Ringworm,../datasets/feed/valid/Ringworm/WIN_20240514_17_33_18_Pro_jpg.rf.73601557a5890e069ac3455bb6c0bc54.jpg,2cdb55c1f432de35a7480b0ebf300403,5
train,Dermatitis,../datasets/feed/train/Dermatitis/HOT-SPOT-IN-DOG-HOW-vet-treated-symptom-prevention_-flea-bite-moist-eczema_dog-itching-000494_png_jpg.rf.87637acca4ab27c63c5f72f537676a42.jpg,2cdf55706acf5df8b4ca9a1c3cd42648,1
train,Ringworm,../datasets/feed/train/Ringworm/1000010671_x16_jpg.rf.78906c3b2b08efe31dcbb8ba3dc1e474.jpg,2d0515af58dc07d95a2794889890ecf2,5
train,Fungal Infections,../datasets/feed/train/Fungal Infections/FUNGAL-INFECTION_044_jpg.rf.f9492ac3e6e9def35df42f1d6f81d118.jpg,2d2ceb7aa024237c966ee676651f3d52,2
train,Hypersensitivity,../datasets/feed/train/Hypersensitivity/B9781416056638000070_f007-041-9781416056638_jpg.rf.1692fb0cbdfd212c8355e26bc857a029.jpg,2d2f1f01374606168e02c8b05a0983ce,4
train,Fungal Infections,../datasets/feed/train/Fungal Infections/1005_jpg.rf.ac51755144e2c6c82881a8486f89b6e9.jpg,2d41d612b3c39c87d94bbd3fa1230c29,2
train,Ringworm,../datasets/feed/train/Ringworm/WIN_20240514_17_26_58_Pro_jpg.rf.5a5a0ae8cd30cbdf62313c5eb17279d7.jpg,2d5575879efe5ef0dc7accab04f5b807,5
train,Healthy,../datasets/feed/train/Healthy/Image_23_jpg.rf.e6d0dde5eebfd8117753b0d6b8a652aa.jpg,2d79054f33090cfd47b4a7c9a3352f5e,3
valid,Fungal Infections,../datasets/feed/valid/Fungal Infections/1776_jpg.rf.f39931b4d416b155fd65e7e3a0713731.jpg,2d98291e184920ecb1307bef1c079801,2
train,Hypersensitivity,../datasets/feed/train/Hypersensitivity/B9781416056638000070_f007-029-9781416056638_jpg.rf.55a8e239097205d3a2a58edf342aec15.jpg,2da040069f889ffa1735f5c8b375ade0,4
train,Fungal Infections,../datasets/feed/train/Fungal Infections/FUNGAL-INFECTION_028_jpg.rf.9c45f2c538aade87219a99f083be3734.jpg,2db224a7832fc5e3f015d92e25ec562c,2
train,Healthy,../datasets/feed/train/Healthy/dogs_025_jpg.rf.8cd028c7260e0d874713112b9cf6b638.jpg,2dc79b1b5ed45bc24705b29548885c6c,3
valid,Hypersensitivity,../datasets/feed/valid/Hypersensitivity/hs5_jpg.rf.3e7f44af45265a291648d5fe45214d23.jpg,2dd96aa4202d9270e0ce89b3b73a05f6,4
train,Fungal Infections,../datasets/feed/train/Fungal Infections/FUNGAL-INFECTION_041_jpg.rf.cd690b2f401a8f5e01576caa289c7a88.jpg,2ddaf8ee16b48ef0f639db91424c215b,2
train,Dermatitis,../datasets/feed/train/Dermatitis/hotspot-46-_jpg.rf.041db2b0ca0685d69c7e48d675da36bc.jpg,2de078c700ef86db90969d7ffd25ef62,1
train,Dermatitis,../datasets/feed/train/Dermatitis/HOT-SPOT-IN-DOG-HOW-vet-treated-symptom-prevention_-flea-bite-moist-eczema_dog-itching-000496_png_jpg.rf.d12dfcf68de12fbd48c07dec661c6089.jpg,2df46e6f02b1350446e99376a7157ca0,1
train,Healthy,../datasets/feed/train/Healthy/pic0_jpg.rf.7787977a1ae6a122fe5a72664e7985c2.jpg,2df5316187401e949c113d0a59d8d8e9,3
valid,Dermatitis,../datasets/feed/valid/Dermatitis/1000010751_x16_jpg.rf.1e5d8cd6b3ee96842eb9c27c84aa1802.jpg,2dfaae24de4dd00a41d3d52e6285b6b0,1
train,Ringworm,../datasets/feed/train/Ringworm/R33_png_jpg.rf.437f34f3cd1329084f332a4511a5c37e.jpg,2e18732896828dd76a06b21f0f269c97,5
train,Healthy,../datasets/feed/train/Healthy/dogs_028_jpg.rf.d545c8428abeb975305a563fab29b817.jpg,2e2068b151933a3a6c1c08514d835c99,3
valid,Healthy,../datasets/feed/valid/Healthy/dogs_074_jpg.rf.04e61fc72e4f80ae3484b550cc4f0d6e.jpg,2e301bbc89cbe63cca2c0cb413813ca9,3
valid,Healthy,../datasets/feed/valid/Healthy/dogs_008_jpg.rf.2693d08bfc8e83cb69a92ac0d763ad75.jpg,2e340b9b2d5d0b133bec6483bc5f7124,3
train,Ringworm,../datasets/feed/train/Ringworm/436798334_453016620424224_233944988678402855_n_jpg.rf.85bf6912e46b639440ae7889d5d9582e.jpg,2e35288d08dad20288c7385068688206,5
train,Fungal Infections,../datasets/feed/train/Fungal Infections/pic58_jpg.rf.c4891d27919ac878b307357f73796850.jpg,2e4033b14d881511d8e4695eccc5eaa5,2
train,Ringworm,../datasets/feed/train/Ringworm/ringworm-22-_jpg.rf.f6e0422553f14cb5c837fdc28e19f16f.jpg,2e72daaaa046f11f8b8abd42e83519c6,5
train,Healthy,../datasets/feed/train/Healthy/Image_30_jpg.rf.89b4bd191fd09e6a85b63d4259ec65e7.jpg,2e773715fa01c4f8e94dfe4125d26c99,3
train,Ringworm,../datasets/feed/train/Ringworm/ringworm-59-_jpg.rf.892f7cef1694b075655168ec1735bdc0.jpg,2e7937ba07e795c751eb7eea58b2d7c0,5
valid,Fungal Infections,../datasets/feed/valid/Fungal Infections/pic55_jpg.rf.f71f9e1ba51f367c6de33a1768a4c3bf.jpg,2ea1ab33564b9e0714040147fd78dfee,2
train,Ringworm,../datasets/feed/train/Ringworm/Day-4-of-ringworm-treatment_00171_jpg.rf.b25d75440a0c521d14198a7341ca20e3.jpg,2ea8866e8f290540fff9172876116eb4,5
train,Demodicosis,../datasets/feed/train/Demodicosis/IMG_5278_jpeg_jpg.rf.20f6792d9362d9405ed39376a36fc163.jpg,2eb983de468a8363d40e380a12a399c8,0
train,Hypersensitivity,../datasets/feed/train/Hypersensitivity/B9781416056638000070_f007-010-9781416056638_jpg.rf.8d64ba53c497f0a7bef5dacce2494e10.jpg,2ec17bde5a88646ef098eacb1f5556f8,4
train,Dermatitis,../datasets/feed/train/Dermatitis/1000011972_x4_jpg.rf.ea4eb71b460fd3021aadda800ab32f12.jpg,2ee6f253a2bbfc59ae641484eb0ce5aa,1
train,Demodicosis,../datasets/feed/train/Demodicosis/1-44-_png_jpg.rf.3b86a0b32e7648e7839154235ce13551.jpg,2efc939c5facd7603723085563102f7b,0
train,Dermatitis,../datasets/feed/train/Dermatitis/Atopic-dermatitis_Dog-chronic-lick-sore-on-leg_DermVets_jpg.rf.9647b621515968a25bc5f71a3eb3363c.jpg,2efdc50326ec82db7c23939b47d51af6,1
train,Ringworm,../datasets/feed/train/Ringworm/436646102_943880210611867_8407756000999041587_n_jpg.rf.0ee54edea278d9cb5df063950c36054f.jpg,2efe2a247d420db737e75d467e5a790e,5
valid,Healthy,../datasets/feed/valid/Healthy/dogs_122_jpg.rf.380037109b56e09bcbee071169244cf0.jpg,2f0698d34318ec040b63820750638422,3
train,Ringworm,../datasets/feed/train/Ringworm/ringworm-22-_jpg.rf.d5b88aa48f38b2841d0f371187be4cd9.jpg,2f08cbaad60174903f270ead907a9d3f,5
train,Dermatitis,../datasets/feed/train/Dermatitis/301504804_8729017157124164_3961058354446722962_n_jpg.rf.cd0a3d44f20c3748697e5ecb2a6d0184.jpg,2f1bf3bd6030eb0be3661a87fba1d153,1
train,Dermatitis,../datasets/feed/train/Dermatitis/May-is-allergy-awareness-month-here-at-The-Shot-Spot_00031_jpg.rf.8ba944a6f87bc3a074c1f199cf495bf6.jpg,2f31be7fdb4ce2a590562a20976edb34,1
train,Demodicosis,../datasets/feed/train/Demodicosis/1-8-_jpg.rf.1a7f09cdcca528e6ef1f5923b438076f.jpg,2f3319bb5128f4eec305de141a3fa0d7,0
train,Dermatitis,../datasets/feed/train/Dermatitis/May-is-allergy-awareness-month-here-at-The-Shot-Spot_00121_jpg.rf.4aafe42aea8fc100b6338a684728d7b3.jpg,2f3ba1ce6bd56cc68eb1663f8ce1bf05,1
valid,Hypersensitivity,../datasets/feed/valid/Hypersensitivity/1466_jpg.rf.d6c66f5492a25fc661dc0ad9addc7e08.jpg,2f3c649c7cde7a4d417a35f25c12db6b,4
train,Hypersensitivity,../datasets/feed/train/Hypersensitivity/6_jpg.rf.ef0a13a0cd8777138aea70e75bfd9ed3.jpg,2f50023011fb86470aebf9a5914568d8,4
train,Healthy,../datasets/feed/train/Healthy/629e20fa9b40083a59dcea34_Dog-zoomies_Hero_jpg.rf.20f8b2db91d4cd09875e1741067679b0.jpg,2f5bebd62189e5a11423f8e583be21eb,3
valid,Demodicosis,../datasets/feed/valid/Demodicosis/scabies_132_png_jpg.rf.c6f8fb466ef7cfcb5ec3f4d5795c7581.jpg,2f5f1a6702b7c1a7ee948f937337453c,0
train,Demodicosis,../datasets/feed/train/Demodicosis/IMG_5159_jpeg_jpg.rf.10bfd06d65346d50446dd667df60ac0f.jpg,2f9c00f4b77b273a6dcf6890fc754a80,0
train,Demodicosis,../datasets/feed/train/Demodicosis/scabies_135_png_jpg.rf.2442d1aed2d268b443dcfbafd2656d51.jpg,2f9c712613bb19ccf86d130bce7267b0,0
train,Dermatitis,../datasets/feed/train/Dermatitis/photo_jpg.rf.5b97d0bc09d434632ba45087def21e31.jpg,2fa80fa1bbb0c128c5aaecaf93976a4c,1
train,Healthy,../datasets/feed/train/Healthy/dogs_116_jpg.rf.c3dde0512dd62c0d441bb94435d00ba5.jpg,2faf78f41abd8ad99787fa45623d6f9e,3
train,Dermatitis,../datasets/feed/train/Dermatitis/1000010558_x4_jpg.rf.8306b2f553525d474b0ecfd573763f44.jpg,2fc07814c093047cc2aa91bcdf2622e9,1
train,Ringworm,../datasets/feed/train/Ringworm/WIN_20240514_17_28_35_Pro_jpg.rf.5853936faa8ab5b8baf324530d06417f.jpg,2fc14035e54da8ddb3850bf6c845b953,5
train,Healthy,../datasets/feed/train/Healthy/dogs_141_jpg.rf.6e1fbc6824ba5f1af87d980b63567215.jpg,2fcdbcc70fceaba6d80ebbf952587be9,3
train,Dermatitis,../datasets/feed/train/Dermatitis/HOT-SPOT-IN-DOG-HOW-vet-treated-symptom-prevention_-flea-bite-moist-eczema_dog-itching-000482_png_jpg.rf.8c6d4688f0f7246bed928684a27fbfe4.jpg,2fcfbe9b4b64cff7c825edc92728a574,1
train,Ringworm,../datasets/feed/train/Ringworm/ringworm-73-_jpg.rf.a16f9f16a175feb8c8e2e07b8e970fec.jpg,2fd5ee7a1b3706e10ea75772a004e9a0,5
train,Dermatitis,../datasets/feed/train/Dermatitis/HOT-SPOT-IN-DOG-HOW-vet-treated-symptom-prevention_-flea-bite-moist-eczema_dog-itching-000457_png_jpg.rf.b06fd0dead0fb6361145a626d7a5174f.jpg,2fdee7c7d00df2f542b3410c853e1f83,1
train,Dermatitis,../datasets/feed/train/Dermatitis/83553740_2666988543398149_7829973956135223296_n_jpg.rf.6cab2617ba7663bee86f85a9e1e907a4.jpg,2fe4e302a5dabd326d838e43d7816f2c,1
valid,Ringworm,../datasets/feed/valid/Ringworm/5A4BF21E-2505-406C-9A43-30E236CE08FE_jpeg_jpg.rf.623fdb4272cda8aa778ec7e7fea6b874.jpg,2fff2368cce8b34829ce48e525d044ed,5
train,Demodicosis,../datasets/feed/train/Demodicosis/IMG_5219_jpeg_jpg.rf.b1a72b1525a0336ab97c1e6aa3d7b709.jpg,3002444f59105a0439c8056a7ce9b282,0
valid,Healthy,../datasets/feed/valid/Healthy/images-49_jpg.rf.6c9fa4ddb8f36b4831d54d8d88e5f548.jpg,30142fbd90db291261b4f239fe4272fc,3
train,Ringworm,../datasets/feed/train/Ringworm/ringworm-128-_jpg.rf.62c01794692c41bc6ef37dfa34e93ed7.jpg,30215716cc5e1197f0b423ea2ca97c87,5
train,Ringworm,../datasets/feed/train/Ringworm/WIN_20240514_17_42_19_Pro_jpg.rf.9fcb18f9e80267278937ffb4c5c6d4bc.jpg,3026a16a0478fb3aa98fa675dbb6ea4a,5
train,Healthy,../datasets/feed/train/Healthy/pic28_jpg.rf.9bc6ced4ee3ece556ecd05e40265ab4f.jpg,303145330826e4592734fe2376edecc3,3
train,Demodicosis,../datasets/feed/train/Demodicosis/P39_png_jpg.rf.b7723fcfef92b5e4b2b4cc58e8686dca.jpg,3069ad40dd95a596d636c73dbe8fa606,0
train,Ringworm,../datasets/feed/train/Ringworm/WIN_20240514_17_26_36_Pro_jpg.rf.8c8a39b0488f950eb2ebd8075cff7c6a.jpg,306e231b302d8621585ad50f1250673d,5
train,Fungal Infections,../datasets/feed/train/Fungal Infections/1281_jpg.rf.37d82c769511b3636eb8c99a128cdd0c.jpg,3089ef82e8747f5e6e292f49150789ae,2
train,Healthy,../datasets/feed/train/Healthy/dogs_162_jpg.rf.1a4da29291216f387b580464cf9b068b.jpg,3090566dc178f6391890a7da563a1c6a,3
train,Healthy,../datasets/feed/train/Healthy/dogs_056_jpg.rf.0b13870f522fa0957197a2dd379885b9.jpg,309125a3fb82eb49d6d9dc2d5b20bf5b,3
valid,Demodicosis,../datasets/feed/valid/Demodicosis/scabies_130_png_jpg.rf.fa4680589e167734b51459bb026a7e89.jpg,309f83a5983ccc86cf329cd7cb175fd0,0
train,Hypersensitivity,../datasets/feed/train/Hypersensitivity/hs2_jpg.rf.59eb1e1a441e1ff493f34ff31f5f5b8c.jpg,30b7e55c6693a72394577fb57d72c3c4,4
valid,Healthy,../datasets/feed/valid/Healthy/dogs_039_jpg.rf.c5744fda3daa1701bab0e0e10223a5da.jpg,30c028df6021f1c35943088a9061c5b1,3
train,Demodicosis,../datasets/feed/train/Demodicosis/P3_png_jpg.rf.11c86c6b7fbf3e8c449d3ba1077acf05.jpg,30db1e65aa6a4a4b38ac1143cf82c971,0
train,Ringworm,../datasets/feed/train/Ringworm/R9_png_jpg.rf.8f816032c43dbe4e9d5e8a0cc013a374.jpg,30e376a07ca7f133ec991ba1d572135b,5
valid,Fungal Infections,../datasets/feed/valid/Fungal Infections/Fungal_Image_1_jpg.rf.19f058cabb229a781a3f840034c60e71.jpg,30ef0fe5ffafed97a71ce5bb96103d32,2
train,Hypersensitivity,../datasets/feed/train/Hypersensitivity/Hypersensitivity5_png_jpg.rf.9a1961240ee5193de0b77e7c817144af.jpg,310150fba515924888d3ea2d11aa48e2,4
train,Fungal Infections,../datasets/feed/train/Fungal Infections/fungal1_jpg.rf.5908ce96b729d6252da3371c42b9cf63.jpg,310dd57b54fe7bd7a5ad84d2343f483f,2
train,Healthy,../datasets/feed/train/Healthy/dogs_029_jpg.rf.edfcc1fbd322324f26466656853335a8.jpg,31163278ef2cb298b57e6701dcc0645e,3
valid,Dermatitis,../datasets/feed/valid/Dermatitis/OIP-3-_x16_jpg.rf.685f829f510221697b3412485d6d69cd.jpg,312f0311cf4a4d705909cae5e59fd77a,1
train,Ringworm,../datasets/feed/train/Ringworm/ringworm-17-_jpg.rf.e1fc80515e8aa36094b586a4f950c249.jpg,316a1b7e35a27b140fb591dcd6e26d9d,5
train,Healthy,../datasets/feed/train/Healthy/HEALTHY_060_jpg.rf.40cfeb8fc0d7c2a8f19a3083c4341793.jpg,316d78682ff59281ebb8a3757e55a0ab,3
valid,Fungal Infections,../datasets/feed/valid/Fungal Infections/FUNGAL-INFECTION_057_jpg.rf.49c6f1f5edfa34c23d721555f843128d.jpg,31775e1888381a9083df93e992f4c70f,2
train,Dermatitis,../datasets/feed/train/Dermatitis/83553740_2666988543398149_7829973956135223296_n_jpg.rf.f56d6940e10deaa8f17235925ea03e99.jpg,3177e65c7fda11a004149ce6a6810b9c,1
train,Demodicosis,../datasets/feed/train/Demodicosis/IMG_5264_jpeg_jpg.rf.caa975fb414cebf24a21523a279669e9.jpg,319190815f60023431e18a2cc7ad60ef,0
train,Dermatitis,../datasets/feed/train/Dermatitis/HOT-SPOT-IN-DOG-HOW-vet-treated-symptom-prevention_-flea-bite-moist-eczema_dog-itching-000153_png_jpg.rf.73045bd85734a051050f7247c85047a8.jpg,319209c8ab930f49e07ba169db8f7bfe,1
valid,Ringworm,../datasets/feed/valid/Ringworm/436659257_1400912270538983_2219402059155208617_n_jpg.rf.322387eced9ac139e05f677bc82e1961.jpg,3193d077a127f7f8b5d306fe7d627aa0,5
train,Dermatitis,../datasets/feed/train/Dermatitis/1000010573_x4_jpg.rf.1da0e54c3221c64f36f74b5e1dba51e5.jpg,31acd82b911f563b54697abfbb5567fe,1
train,Demodicosis,../datasets/feed/train/Demodicosis/IMG_5164_jpeg_jpg.rf.d8d3833d9b29fc82d489c421c315554a.jpg,31bec292a3348284ace7213fe59e3336,0
train,Dermatitis,../datasets/feed/train/Dermatitis/Canine_lick_granuloma_jpg.rf.8d232d2807c91bf219c6c412ea61b5ab.jpg,31c3a2607dc8dbd1cf852df6ac03b7e7,1
train,Ringworm,../datasets/feed/train/Ringworm/R10_png_jpg.rf.c117aec3936e0847edd94be70d643b88.jpg,31d685996f2f382db26a059944721e91,5
valid,Healthy,../datasets/feed/valid/Healthy/dogs_005_jpg.rf.6cd4402af1b5c93dcf5ebb7863e521d6.jpg,31da404d2630b0e7b15fac05d54dad8a,3
train,Dermatitis,../datasets/feed/train/Dermatitis/1000010502_x16_jpg.rf.4c2f52605f23ed3a5a1c3c4ea3c3f16a.jpg,31dd6783ae785f1551a52e06bc4692c3,1
train,Healthy,../datasets/feed/train/Healthy/pic5_jpg.rf.ac2a7b82941e05936463ad5fe3dfd6af.jpg,31e67513f0cb3b1882044c501312b212,3
train,Healthy,../datasets/feed/train/Healthy/images-1_jpg.rf.d1e130fe8ecebdefcfd637f093b1c3d3.jpg,31ed01516eb63eea6f36bcf8e4075854,3
train,Hypersensitivity,../datasets/feed/train/Hypersensitivity/B9781416056638000070_f007-004-9781416056638_jpg.rf.b64d9f89916cafacaef4b3bf5373e3e3.jpg,31fc27bcf26a344440d8ec58760e2a49,4
train,Ringworm,../datasets/feed/train/Ringworm/R3_png_jpg.rf.abee0be7cf0c0d9f49caf09e05a7f1a9.jpg,3209257193494f1e49059672b42f3866,5
train,Ringworm,../datasets/feed/train/Ringworm/ringworm-123-_jpg.rf.eeb4eb3185d6c4e9337e4fcedf6567af.jpg,3214b3309e3a39d83d067f81752c9b9c,5
train,Ringworm,../datasets/feed/train/Ringworm/436627664_402183386034908_3493737909200169023_n_jpg.rf.92495ff52c465b3996435502a93e5d55.jpg,322b784ea1f7b8b25ff94b47542158fb,5
valid,Ringworm,../datasets/feed/valid/Ringworm/ringworm-86-_jpg.rf.835be916e1452b703b2b447591c438c9.jpg,323e00d36984a67266fb158cc8a373d8,5
train,Ringworm,../datasets/feed/train/Ringworm/R28_png_jpg.rf.367d56d53452701fc259ae90347fb840.jpg,3254af5d13bd1a9e20dff913e714efcd,5
train,Ringworm,../datasets/feed/train/Ringworm/ringworm-17-_jpg.rf.70da4ff94db76f5b8c3abb812981efc2.jpg,3294cae5235d8d4dbe03cf46063f90b4,5
train,Demodicosis,../datasets/feed/train/Demodicosis/IMG_5171_jpeg_jpg.rf.f6fffc7f09362ca3982a206625b7bb6e.jpg,32ad457a5e2ad5f43d799543ebfd1fe0,0
valid,Ringworm,../datasets/feed/valid/Ringworm/435650633_3861504260748951_6666466989484237884_n-1-_jpg.rf.8e54e211a3b5c1cc18152f8449ea7733.jpg,32b40669327d776d31dd51ed5c40df5c,5
train,Demodicosis,../datasets/feed/train/Demodicosis/scabies_118_png_jpg.rf.9a54f16ccefaf6565f01f7cb99b2727c.jpg,32da6d4a43646afd77ea4a13ae6d12e5,0
train,Ringworm,../datasets/feed/train/Ringworm/ringworm-158-_jpg.rf.94dda76d56bf5238c6b08f5479b1c9d5.jpg,32ea16b91bc2fc4cbfe4ca04208b0dd4,5
train,Dermatitis,../datasets/feed/train/Dermatitis/Hot-Spot-on-_Chance_-How-to-treat-a-dog-that-you-can_t-touch_-000621_png_jpg.rf.eeb7c8f6a70878f1c96509da80c4ba9b.jpg,32ef7a5d029c226b1e6ab040bc089177,1
train,Fungal Infections,../datasets/feed/train/Fungal Infections/pic70_jpg.rf.f648873c3d35a9fd0463ad0de792413d.jpg,330c57b83783dfbd8a3ee16cc2ca2b9a,2
train,Demodicosis,../datasets/feed/train/Demodicosis/scabies_90_png_jpg.rf.0c8c28be1d3f3ace39668326172e2192.jpg,3333f08d6a1279f2645497d99ce82174,0
train,Fungal Infections,../datasets/feed/train/Fungal Infections/FUNGAL-INFECTION_026_jpg.rf.a8ebee0f6a9aa6e82b1958e4c9794dac.jpg,334237eb177f37cbbb96f1de0577e188,2
valid,Ringworm,../datasets/feed/valid/Ringworm/WIN_20240514_17_29_49_Pro_jpg.rf.042e8d559c9b8c4fe4449b1ff80278cd.jpg,33431e92439f07a691702f5516f9ce1b,5
train,Ringworm,../datasets/feed/train/Ringworm/NEWR16_jpeg_jpg.rf.d0f5273d58491bb2fa1d8d538a7a8d29.jpg,337df91159f0cbee75ad2c12b70665a9,5
train,Ringworm,../datasets/feed/train/Ringworm/436859036_407429032244109_5180510937797219633_n_jpg.rf.77815baf55abc28d47d8876af3a00100.jpg,33815799eb87f9fe0c4f2bfa11a6fc87,5
train,Demodicosis,../datasets/feed/train/Demodicosis/1-53-_png_jpg.rf.5d96ae57dc977bd3b8fe88d6a5f97eac.jpg,3383298c9bae12bed71d5309cd08df2c,0
valid,Dermatitis,../datasets/feed/valid/Dermatitis/May-is-allergy-awareness-month-here-at-The-Shot-Spot_00019_jpg.rf.97395bdf920e1fa574bb58bc3d6dc4dd.jpg,338c50431f2681eb357b84fec662f04b,1
train,Hypersensitivity,../datasets/feed/train/Hypersensitivity/1668_jpg.rf.e6803595fb87e54104cef1c9f01afcc0.jpg,339ce1e29dc73678ce8a5c0fa2c3c673,4
valid,Fungal Infections,../datasets/feed/valid/Fungal Infections/1173_jpg.rf.79aa6852bebf63edcd419008c18cd01b.jpg,33ae781b6a6b49943bdb026f3f2168eb,2
train,Ringworm,../datasets/feed/train/Ringworm/ringworm-128-_jpg.rf.e6d29334f9db5e99e19a8e4ccaaa0ec4.jpg,33b54d83d6390f1fce00d9c610621dcf,5
train,Ringworm,../datasets/feed/train/Ringworm/WIN_20240514_17_38_33_Pro_jpg.rf.771fc8fd9658324a0fbdbb334f4a92f7.jpg,33cb0df843b448e82bd7d0845c2c514b,5
train,Demodicosis,../datasets/feed/train/Demodicosis/2024-05-13-133458_1_jpg.rf.c53abc112bac94f17c43ecd68713436a.jpg,33d01d564e1b61d74595d304cfa4feaf,0
train,Fungal Infections,../datasets/feed/train/Fungal Infections/FUNGAL-INFECTION_047_png_jpg.rf.466b20f246e91452202f8a0053680b0e.jpg,33efe46de446e5d6dc81a63339225a0a,2
valid,Ringworm,../datasets/feed/valid/Ringworm/ringworm-157-_jpg.rf.e99bb0c2c5dd694228f699b833999754.jpg,343a103adbad16fd322b1fb1e3492c89,5
valid,Dermatitis,../datasets/feed/valid/Dermatitis/May-is-allergy-awareness-month-here-at-The-Shot-Spot_01675_jpg.rf.4d68e87723c7d50bd20353729d465c94.jpg,3457941b596a7b1a74bb969982ab3c40,1
train,Demodicosis,../datasets/feed/train/Demodicosis/D134_png_jpg.rf.37f083f4cd9e06d8d555f216b15f050a.jpg,348a73927a8333edc0d75ac071ba6e03,0
train,Ringworm,../datasets/feed/train/Ringworm/NEWR28_png_jpg.rf.e265a01cb4c0ddc28116fb810d8b80df.jpg,34957626a97ea27c36508869fca4dbb6,5
train,Ringworm,../datasets/feed/train/Ringworm/WIN_20240514_17_42_55_Pro_jpg.rf.9517b0527acf8961bb2cb237be0fe034.jpg,34977d452d21c36d4598e8097d8859cf,5
train,Demodicosis,../datasets/feed/train/Demodicosis/2024-05-13-164132_jpg.rf.a14a7019208605d5b74f0a1fd44323ea.jpg,34a171fcbf521b8ac0dda23328d9ccd9,0
valid,Healthy,../datasets/feed/valid/Healthy/dogs_032_jpg.rf.b65d02d6c14c8e555ae777af41bc3163.jpg,34ae5b2bce29a3e2a589e4dfef81e1dd,3
train,Ringworm,../datasets/feed/train/Ringworm/ringworm-19-_jpg.rf.77a322ef11a91e7f730319c452e404e6.jpg,34bed819601a102a093c08dcacf6f8ba,5
train,Dermatitis,../datasets/feed/train/Dermatitis/Thank-you-all-for-your-support_00091_jpg.rf.9aa0730272ab2f3bcd2271d1c61b8497.jpg,34c1e19010da702e3ebe8fca645d9b5e,1
train,Demodicosis,../datasets/feed/train/Demodicosis/IMG_5149_jpeg_jpg.rf.d9fcf855f7dfaa33a90a558043e890fb.jpg,34ccc22659d9c9784ac8f2a922392a92,0
valid,Fungal Infections,../datasets/feed/valid/Fungal Infections/1024_jpg.rf.c3642505ee71cafc58ca7bef64f0da96.jpg,34f52b0a27313df6c15598311bbf552d,2
train,Dermatitis,../datasets/feed/train/Dermatitis/hotspot-67-_jpg.rf.202cdd99652e274cd3c7d7cdacbf0ef0.jpg,3507bc917b736eedcc7f0e5eadd074ba,1
train,Demodicosis,../datasets/feed/train/Demodicosis/2024-05-13-161943_jpg.rf.f5c8f118cfb29b95b17a2d4e65dca1b1.jpg,35388983c6948f4029f671f5d8e91034,0
train,Healthy,../datasets/feed/train/Healthy/HEALTHY_054_jpg.rf.1df7c15aee03bd233e0faa672d62078e.jpg,353da55d1bc144e0d8bf2f1f65858213,3
train,Healthy,../datasets/feed/train/Healthy/Image_14_jpg.rf.d6cf06b8edf683d688d15b747dfdc6b9.jpg,3542e8cee04afd9ebf1f6a43853d8498,3
train,Dermatitis,../datasets/feed/train/Dermatitis/296327617_10223333354745759_96123069612573010_n_jpg.rf.e11f5c24da343caf2931b6cbeef3f08a.jpg,354c33984547c994c1367de69f2dab5b,1
train,Ringworm,../datasets/feed/train/Ringworm/R35_png_jpg.rf.d282e3b36f7b594d7b3048b1f50fbe95.jpg,35584b12745b047671b6f7d6ba9c8ec6,5
train,Healthy,../datasets/feed/train/Healthy/HEALTHY_056_jpg.rf.86bbb7a09fd89750ea36b76bfa840772.jpg,355db9b422800a2be2369c607dabfb8d,3
train,Fungal Infections,../datasets/feed/train/Fungal Infections/pic69_jpg.rf.100afbf87092910c3e338a801b52ebef.jpg,3568d7d9d1b3f407621ac82f30567881,2
valid,Healthy,../datasets/feed/valid/Healthy/Image_24_jpg.rf.909e14b45705d8717e07a508a9423dca.jpg,35b2ad81e18f24167a1800e4529ba234,3
train,Fungal Infections,../datasets/feed/train/Fungal Infections/FUNGAL-INFECTION_045_jpg.rf.7149f05bf00526418cee9b280d2b0c2f.jpg,35ba0407f35390c507ec1d1b83936d29,2
train,Ringworm,../datasets/feed/train/Ringworm/WIN_20240514_17_36_20_Pro_jpg.rf.b7d1be04589890988146029eae4e804e.jpg,35d7a101e2a34ed1819174b28171f35b,5
valid,Healthy,../datasets/feed/valid/Healthy/00_jpg.rf.989c3aa2f2efb8e45b6994ba3685e646.jpg,35fa8f159f1a876a1ceab2da71c5c737,3
train,Dermatitis,../datasets/feed/train/Dermatitis/May-is-allergy-awareness-month-here-at-The-Shot-Spot_02191_jpg.rf.fdda1b8b1d5d83beeb897cfa9297758d.jpg,360eecf6327886c32fc8e608d1de5fb9,1
train,Healthy,../datasets/feed/train/Healthy/HEALTHY_034_jpg.rf.54d856394d85dc34b1f34b6c00167ed7.jpg,3617023511808c1a0c57513a52db7bc7,3
train,Fungal Infections,../datasets/feed/train/Fungal Infections/Fungal_2_jpg.rf.c11f410dc33ad26a91519faec49693af.jpg,3617c15b61e59ab175e7e0cdf06895db,2
valid,Healthy,../datasets/feed/valid/Healthy/dog-with-beautiful-fur-e1520959404488_jpg.rf.8ccb1a71e8780c316087a364f5f7df7a.jpg,3617e601212f16dd68e449002fc4cc48,3
train,Ringworm,../datasets/feed/train/Ringworm/ringworm-133-_jpg.rf.ba0b7b66b144f8fc80930408f7e607cd.jpg,362eef5e6f571cb31729d844ac8bc451,5
valid,Hypersensitivity,../datasets/feed/valid/Hypersensitivity/Hypersensitivity5_png_jpg.rf.66ef2c83380032c85207a37a6b43cbf2.jpg,364ce6b48bd849798fb3bc64f4930060,4
train,Ringworm,../datasets/feed/train/Ringworm/WIN_20240514_17_38_47_Pro_jpg.rf.ac872979f5547c5fb8b61fd2b1c2ebd5.jpg,365342664dead13bab983c4b48632cea,5
train,Ringworm,../datasets/feed/train/Ringworm/WIN_20240514_17_25_20_Pro_jpg.rf.62476072c4473f62aba038f6452a1ee4.jpg,3695e0a9409b84ae908018d29dd5edb7,5
train,Dermatitis,../datasets/feed/train/Dermatitis/301504804_8729017157124164_3961058354446722962_n_jpg.rf.c9375f0b4a9bc9b28823ddde1bc027d8.jpg,369d30a5e44e8d9ad8b7902bfe362d11,1
train,Ringworm,../datasets/feed/train/Ringworm/ringworm-63-_jpg.rf.d2cb181704b7a2e6555affdb8d72408e.jpg,36a61808be280b5b19a434c96343be65,5
valid,Dermatitis,../datasets/feed/valid/Dermatitis/bacc2_jpg.rf.a7998f061f03e4592be1a91f7d749ca3.jpg,36a8b644a1f85b00063d4fa2674eafa9,1
train,Dermatitis,../datasets/feed/train/Dermatitis/bacterial_Image_3_jpg.rf.ef05de6f8284fe58b1b1666fc5ceda32.jpg,36b5d9e24713b5f2dbdb3b5cb384b72d,1
valid,Ringworm,../datasets/feed/valid/Ringworm/NEWR25_png_jpg.rf.b0be0874d81ff3a6b50fc1ec96255c09.jpg,36c30765fa8e017944b9e9e88a3c0e3b,5
valid,Ringworm,../datasets/feed/valid/Ringworm/ringworm-106-_jpg.rf.f90b9a77626ec498dc1408946f4017a3.jpg,36e4c6dc5d7dfb043f83cdbbc9f01a40,5
train,Healthy,../datasets/feed/train/Healthy/dogs_137_jpg.rf.044fcc1e5c8d46ad29e0b4409c9eb0e7.jpg,36fd686c3528ba120a647d8891aec925,3
train,Hypersensitivity,../datasets/feed/train/Hypersensitivity/B9781416056638000070_f007-040-9781416056638_jpg.rf.56d6b927627969b656d87e1492dcd274.jpg,3708335bb992f6b55769409957a487d1,4
valid,Fungal Infections,../datasets/feed/valid/Fungal Infections/1135_jpg.rf.9e977cd0ff54a82a3e9f7576c6cd6bb9.jpg,371e8eeed9bbde4dd2bfc679ed36edb3,2
valid,Demodicosis,../datasets/feed/valid/Demodicosis/scabies_118_png_jpg.rf.d241b32f73bd2c08eaab88089d2d6134.jpg,37392ea90ec86c57258e6fbc9ef2b19b,0
valid,Dermatitis,../datasets/feed/valid/Dermatitis/62521167_2293314700920873_300162319286009856_n_jpg.rf.35e98ef93432dfcf72a8831c33ef5b0c.jpg,373a73869ab4582263da6b02112b51f0,1
train,Healthy,../datasets/feed/train/Healthy/dogs_069_jpg.rf.c8daaa48774b3981124d2339e3cfc553.jpg,373ab8cbd210630e80a31b9e13adce67,3
train,Fungal Infections,../datasets/feed/train/Fungal Infections/FUNGAL-INFECTION_053_jpg.rf.e272bd09541bfb057a637a591731b7f0.jpg,376621c4e2885dff9703efd82293cd44,2
train,Hypersensitivity,../datasets/feed/train/Hypersensitivity/Hypersensitivity_1_jpg.rf.8d7ce134ddbe60189a2007ee4814140f.jpg,377773a4a75abdb01886a98cf541ea6d,4
valid,Fungal Infections,../datasets/feed/valid/Fungal Infections/FUNGAL-INFECTION_063_jpg.rf.8e6eb0aa0aee5b9a42869addeb640150.jpg,3794d53e55a459d300155cb4798de1cc,2
train,Ringworm,../datasets/feed/train/Ringworm/R28_png_jpg.rf.7a6bab6fc273aefc9d81035a50f3890f.jpg,3798af5663d55779639a80f9003cc4c5,5
valid,Healthy,../datasets/feed/valid/Healthy/Image_24_jpg.rf.0be95695f0d50fc25932d810bb14286b.jpg,37a003c89825186db9874d83570e7a5c,3
train,Dermatitis,../datasets/feed/train/Dermatitis/1000010778_x16_jpg.rf.df231704afc853384b0c4834f1f4b3c5.jpg,37a013cdd3d7085b5f2bf7fd7dded03c,1
train,Ringworm,../datasets/feed/train/Ringworm/NEWR19_png_jpg.rf.09665ca5b7afb4a069edaf851defdc27.jpg,37a15acf8313cfb16314df952e3c7a4c,5
train,Healthy,../datasets/feed/train/Healthy/dogs_007_jpg.rf.b9219a433d516a12113bb1fd4c3dd2dd.jpg,37a308f0af938ed96f8047799b11c789,3
train,Demodicosis,../datasets/feed/train/Demodicosis/2024-05-13-162811_jpg.rf.897a6b32c56662cb6ebb5d296977ecd1.jpg,37d3d48b87dcc298d7aa74747b18fec4,0
train,Fungal Infections,../datasets/feed/train/Fungal Infections/1134_jpg.rf.3596fa2f6c6593dda16a9ce7e29e4617.jpg,37e257eb661faed705d32554f4234b73,2
train,Ringworm,../datasets/feed/train/Ringworm/R3_png_jpg.rf.7debbcb292c3dd544bb20520a9cc3056.jpg,37ec111ecbcc67ebb843a02a452ded45,5
train,Healthy,../datasets/feed/train/Healthy/dogs_025_jpg.rf.5e44be4e6ed567c481c7ea43408978b6.jpg,3807bf0e7c2b970816b56164e00967d4,3
train,Fungal Infections,../datasets/feed/train/Fungal Infections/FUNGAL-INFECTION_018_jpg.rf.871d3d1b168e99410f52cfc6c3ed3873.jpg,383cb1250c4feed91f2720d518bb8e04,2
valid,Dermatitis,../datasets/feed/valid/Dermatitis/May-is-allergy-awareness-month-here-at-The-Shot-Spot_01918_jpg.rf.795333fd343d000de00554aac5d11926.jpg,3882e109a374a78ee1bd263077bc9b33,1
train,Demodicosis,../datasets/feed/train/Demodicosis/IMG_5247_jpeg_jpg.rf.0ce734653a8d56f7f9261d56e349e82a.jpg,38a320ed5808be10bb5bd123e2c3e6e1,0
train,Healthy,../datasets/feed/train/Healthy/HEALTHY_017_jpg.rf.98b39cd8029f8d43121a2baefd901dc9.jpg,38a7241439c4c1b90acb2c103c1f078c,3
train,Fungal Infections,../datasets/feed/train/Fungal Infections/FUNGAL-INFECTION_063_jpg.rf.23bda784cd53eca488c1b92eac30f43c.jpg,38b06897f6114d80afb3f75c97a2bca6,2
train,Demodicosis,../datasets/feed/train/Demodicosis/1-41-_png_jpg.rf.d5304ecba1de36019b34793a78013514.jpg,38b631325d34b24d8dd2ed76100b7bc8,0
train,Fungal Infections,../datasets/feed/train/Fungal Infections/Fungal4_png_jpg.rf.40443e0c1920709e8a8c023bbf529eff.jpg,38c56cd474c60f28b3f7d7c60a5780b1,2
train,Hypersensitivity,../datasets/feed/train/Hypersensitivity/B9781416056638000070_f007-014-9781416056638_jpg.rf.7e24bbdfb347d4c8b03219749b77b361.jpg,38ce9909567c55336fa246d9a81f0820,4
valid,Demodicosis,../datasets/feed/valid/Demodicosis/1-13-_jpg.rf.d802142f2b17b1bddf636328d745e7c2.jpg,38ddce9725f7b268ef521bf082142532,0
train,Demodicosis,../datasets/feed/train/Demodicosis/D123_png_jpg.rf.62edf505fa7ced8c41eb96e044973cd7.jpg,39008444732b6d2e13119f46aac0c738,0
train,Demodicosis,../datasets/feed/train/Demodicosis/D110_png_jpg.rf.e5463f4519e26c09e5bd96223f946cb2.jpg,3903f5efbda24c28223c0b5865203b52,0
train,Demodicosis,../datasets/feed/train/Demodicosis/2024-05-13-165130_jpg.rf.1ceda77bae4150080c88dea20980cf2b.jpg,39216ee3d469801842523387d31e3793,0
train,Demodicosis,../datasets/feed/train/Demodicosis/P50_jpg.rf.d3a89c6ab6c16824edc44a4151901fc0.jpg,3931cfb8c8089de20e6089548e365f94,0
valid,Healthy,../datasets/feed/valid/Healthy/HEALTHY_010_jpg.rf.2bee7dc42ec3b219a5166c7659b9fd21.jpg,3933cc8cb8a8a87f9de5a41c529ac391,3
valid,Dermatitis,../datasets/feed/valid/Dermatitis/hot-spots-suck_00241_jpg.rf.66e58c2f96504e4d7c6f6dff0d4c40a0.jpg,3941ea88745ce9fee2aea29c6c247966,1
train,Ringworm,../datasets/feed/train/Ringworm/R21_png_jpg.rf.2cab5511f8192a1cc42a37875f1d87cf.jpg,394d109ee836b71ae1acfa17cdff3c90,5
train,Demodicosis,../datasets/feed/train/Demodicosis/scabies_136_png_jpg.rf.1726e67309bcc2a0fc5134f739624fc2.jpg,395d091a18274bdaa615775ecbd03fb4,0
valid,Demodicosis,../datasets/feed/valid/Demodicosis/P34_png_jpg.rf.fb29a87d38083e66a52a213f7e47c89b.jpg,395d95d68512d80ae37e00d945728f87,0
valid,Fungal Infections,../datasets/feed/valid/Fungal Infections/pic61_jpg.rf.4a6cb99fc180e1245adddcd75207cda9.jpg,396ab0c884effe0589a37cb6a8bb68c9,2
valid,Fungal Infections,../datasets/feed/valid/Fungal Infections/FUNGAL-INFECTION_058_jpg.rf.1a8a6010d8334296ec83388e8947cd7e.jpg,39745a0ea805cec7ddb5ba22f3d4af64,2
train,Demodicosis,../datasets/feed/train/Demodicosis/1-14-_png_jpg.rf.bd7a2c3c58ebc8475863aa56e72039dc.jpg,39771e582a0c64f10a776dde89cb99f6,0
valid,Ringworm,../datasets/feed/valid/Ringworm/WIN_20240514_17_29_17_Pro_jpg.rf.c5cd009312a25bd23c649a1c5a61f764.jpg,39794a0ce88a3cf8121969521689ba44,5
train,Demodicosis,../datasets/feed/train/Demodicosis/1-27-_png_jpg.rf.52bdbfc4b43a62981a3f9fe4fdba2e06.jpg,3987d45d289f457e83e90f5102f3362a,0
train,Fungal Infections,../datasets/feed/train/Fungal Infections/FUNGAL-INFECTION_060_jpg.rf.9670f871a61c9de1b0762cc04b22207b.jpg,398b39af75dff3a942c7b8c68a20f3af,2
train,Healthy,../datasets/feed/train/Healthy/pic83_jpg.rf.adc352cff0d211210590426bf1d45686.jpg,398bfcbb13bc02a897258be8cf20f976,3
train,Demodicosis,../datasets/feed/train/Demodicosis/IMG_5330_jpeg_jpg.rf.ee900aea9a0d7a6762794b13a71758b9.jpg,398cbc5cb6be6f0d245b08d7b535b74b,0
train,Demodicosis,../datasets/feed/train/Demodicosis/1-62-_png_jpg.rf.6e7f507b2bf23a23e92c7f0f6d65b586.jpg,39ca2cc97f7468a59f42fe0f860dfd0a,0
train,Ringworm,../datasets/feed/train/Ringworm/ringworm-41-_jpg.rf.b1a97571f07347ad72b93d831d93f76a.jpg,39cfd0278aa5eedbed54cd4f6057e899,5
train,Demodicosis,../datasets/feed/train/Demodicosis/1-11-_jpg.rf.b6f0675e7595cdfab226b33a33e0232d.jpg,39dcad7755bc52763640b777d4e3791f,0
train,Demodicosis,../datasets/feed/train/Demodicosis/P38_png_jpg.rf.0c97458303d682f38cb3404d5691e8d9.jpg,39ddfea9efd9d0de6c6853bfc7e2bbb5,0
valid,Dermatitis,../datasets/feed/valid/Dermatitis/May-is-allergy-awareness-month-here-at-The-Shot-Spot_01387_jpg.rf.422cf3bb6ccd462b6ffa1385d8b87c80.jpg,39de9fcc7392b994218861d25fa14f15,1
valid,Ringworm,../datasets/feed/valid/Ringworm/436683782_1098077884800614_1582428900067857663_n_jpg.rf.c72201b06c78fdfd84a343a312572963.jpg,39e6b0f64ca5cb1dab285f1c64d07a92,5
train,Demodicosis,../datasets/feed/train/Demodicosis/D130_png_jpg.rf.5126765307f04af6f63da4770aab1b95.jpg,39e72080bf1f5730a6e3f9dd45490834,0
train,Dermatitis,../datasets/feed/train/Dermatitis/1000010646_x16_jpg.rf.59deac2a7f3080ea8a08a317b5344969.jpg,39edfbff8b9bc724a6c6fa70a4357368,1
train,Dermatitis,../datasets/feed/train/Dermatitis/1000010502_x16_jpg.rf.1dfce06eb3a86c35583ae4491b5e6046.jpg,3a0c2e5b11996b9a2da32c88b43a1aa7,1
valid,Fungal Infections,../datasets/feed/valid/Fungal Infections/pic39_jpg.rf.9766a013e4f94d2d9d64c56eafcce544.jpg,3a179dd35501eb05ba5b5cf84f354695,2
train,Healthy,../datasets/feed/train/Healthy/pic13_jpg.rf.ed94d4b10e451e6481b56dff85194662.jpg,3a1a3433c94dd9721bab1aeaaeaa19ba,3
valid,Healthy,../datasets/feed/valid/Healthy/dogs_041_jpg.rf.8bfb7815fb94236dd1db7fc87958a7c1.jpg,3a1c8abad5ec737f3d82724e1fc372f2,3
train,Healthy,../datasets/feed/train/Healthy/16_jpg.rf.e47b057e1f126a45b3a5f072da05a1ad.jpg,3a39e1dd5f84c3bdfdab802c6a80cafb,3
train,Ringworm,../datasets/feed/train/Ringworm/912FBEB4-6632-4756-9EB8-62D0C4BDCF6B_jpeg_jpg.rf.088130bbb841225a0992b5674b472c61.jpg,3a46147d0ecd896727b60f493f52fddd,5
train,Healthy,../datasets/feed/train/Healthy/625_jpg.rf.12ec851e21564d93cb7e1e7214cb7e50.jpg,3a66ffcbecb580a2d3cd15b0fad7426b,3
valid,Dermatitis,../datasets/feed/valid/Dermatitis/1000010590_x4_jpg.rf.7fe35a4b79710d7094eafa4f615ab3ad.jpg,3a874f8be828c681cd18b97b18b3f5ac,1
train,Healthy,../datasets/feed/train/Healthy/images-59_jpg.rf.7e1cfed43148900c4877b04f9de12e9a.jpg,3aa3f53ebafc7d4c15f5b7648a910299,3
train,Hypersensitivity,../datasets/feed/train/Hypersensitivity/B9781416056638000070_f007-004-9781416056638_jpg.rf.6d1fb9f45f27f08dd2fcdfb771e6bd49.jpg,3ab4191f7209ff88ef1f24cadecb2527,4
train,Hypersensitivity,../datasets/feed/train/Hypersensitivity/1277_jpg.rf.81f4edf51845d50f2cc7bee1670a1b03.jpg,3ad28d430d15786de4954648c8598dfa,4
train,Dermatitis,../datasets/feed/train/Dermatitis/Hot-Spot-on-_Chance_-How-to-treat-a-dog-that-you-can_t-touch_-000625_png_jpg.rf.00b2407b54625d8ff34ba8b789c23341.jpg,3ad52e51c16223ac81efcdb429ae22d5,1
train,Healthy,../datasets/feed/train/Healthy/c82ea9335c2a7303e5963f5c5bf6e5db_jpg.rf.1659cf26d0e46af60bdc9a25d1239e51.jpg,3b16f16af6e69b3805c3625b695ff4ac,3
train,Dermatitis,../datasets/feed/train/Dermatitis/hotspot-70-_jpg.rf.85300cc6e5122afa11fa14b1d39137fc.jpg,3b216c132a42539f9daa7f1f86bcc149,1
train,Ringworm,../datasets/feed/train/Ringworm/Day-28-of-ringworm-treatment_00151_jpg.rf.2249f1a09cbae924d438770b32986aa0.jpg,3b28d7c497fad880321840532dd7a5df,5
train,Healthy,../datasets/feed/train/Healthy/HEALTHY_044_jpg.rf.73e2c377b3b2da3382f42918c4bccc62.jpg,3b2afc6e16f1cd67ebe820ac6c0eab36,3
train,Dermatitis,../datasets/feed/train/Dermatitis/Hot-Spot-on-_Chance_-How-to-treat-a-dog-that-you-can_t-touch_-000614_png_jpg.rf.fd3ac40ba7c5ce519226838353121138.jpg,3b4130d508c857c8c835b7f0a1eb8118,1
valid,Dermatitis,../datasets/feed/valid/Dermatitis/1000011975_x4_jpg.rf.fbf6e5a7982ccb94f039fc78a7d692cf.jpg,3b7983f769aeb3c34bf0fdbe9fd601a6,1
train,Ringworm,../datasets/feed/train/Ringworm/436640003_939449091294830_7683376979877978508_n_jpg.rf.670ffa61b78128e74ca33c2f390da83f.jpg,3b79c8fa97095553b67414a95c961815,5
train,Healthy,../datasets/feed/train/Healthy/images-12_jpg.rf.b1c150117a23ccce046be84f1575bf8c.jpg,3b7e884a68e34bdc91fae31d3df39c33,3
train,Hypersensitivity,../datasets/feed/train/Hypersensitivity/Hypersensitivity_image_1_jpg.rf.b3380ad4b67d293fe22f66789778c686.jpg,3b86d80e4d70fb8467e36a04b15c95d8,4
train,Ringworm,../datasets/feed/train/Ringworm/WIN_20240514_17_33_27_Pro_jpg.rf.f6b65721a0fb078a6c5f3391f59b5e9d.jpg,3bbd7e17802571e98cfc890eec2decdb,5
train,Ringworm,../datasets/feed/train/Ringworm/436768273_980032929718301_6354120843627540406_n_jpg.rf.0a8e4d7fa6324e96a47f282eecf7b096.jpg,3bc9049b32a8b70900ea510999df689f,5
train,Dermatitis,../datasets/feed/train/Dermatitis/May-is-allergy-awareness-month-here-at-The-Shot-Spot_02251_jpg.rf.67a25847d7f36611f5a5a3f95267577c.jpg,3bd42ec13467d8fe5c9cf3cc64049b63,1
train,Hypersensitivity,../datasets/feed/train/Hypersensitivity/B9781416056638000070_f007-016-9781416056638_jpg.rf.50f7dc651eb15913cc920e2f2c83e824.jpg,3c2458a39091bed84e7b12a5a2115bb5,4
valid,Ringworm,../datasets/feed/valid/Ringworm/WIN_20240514_17_42_19_Pro_jpg.rf.104ee8b00261d1eb2707de51d79cc3f5.jpg,3c27e7d3687d1a39d215411352bd17f5,5
train,Fungal Infections,../datasets/feed/train/Fungal Infections/FUNGAL-INFECTION_069_jpg.rf.5cacbf9cb7e756e90dbb144610d897d5.jpg,3c4e0c4f927d95c57fe1d802f54eafb1,2
valid,Dermatitis,../datasets/feed/valid/Dermatitis/Bacteria4_png_jpg.rf.42e25758ac3c6a6bbcf036a21e2a36a1.jpg,3c538431d7478a4187eb0f4f9e4a64b7,1
train,Hypersensitivity,../datasets/feed/train/Hypersensitivity/B9781416056638000070_f007-039-9781416056638_jpg.rf.3b1867ab2026f28f140032b37218692e.jpg,3c5752f3e5adcfca28018cabf99d3961,4
train,Ringworm,../datasets/feed/train/Ringworm/ringworm-117-_jpg.rf.d52ba0f0b08c58c006ed324630007900.jpg,3c9daad8f966f3ce8b4a4362d462843b,5
train,Dermatitis,../datasets/feed/train/Dermatitis/1000010778_x16_jpg.rf.9ecd490e541caf6ca9cd3c63b44e712f.jpg,3ca4e8eb1fcc847d9cb87b026fdb7f32,1
valid,Demodicosis,../datasets/feed/valid/Demodicosis/P24_png_jpg.rf.13dc0d96cb8529c114bfde02fcaa7d07.jpg,3ca5d97abdd8d5829b755d6bb7e77368,0
train,Fungal Infections,../datasets/feed/train/Fungal Infections/pic80_jpg.rf.1da0c2d285e4a797686078570978e4ac.jpg,3cb795c6f3a831f4b3a6297956418398,2
train,Fungal Infections,../datasets/feed/train/Fungal Infections/1281_jpg.rf.3d2e834dee56da7f9e153c05d43a0cf4.jpg,3cbbca944c61817103c6d2f691ff5261,2
valid,Demodicosis,../datasets/feed/valid/Demodicosis/P5_png_jpg.rf.332b69c9cabb36d634f15bbbc3f55788.jpg,3ccfe99ec948724848c8b295fd6fbd16,0
train,Demodicosis,../datasets/feed/train/Demodicosis/IMG_5191_jpeg_jpg.rf.f655e9513def03b974979c8541ac6a43.jpg,3ce8b9a20afc28df8d1ef3b6ea3e2d1d,0
train,Ringworm,../datasets/feed/train/Ringworm/NEWR6_jpeg_jpg.rf.f7f7f24fa29b3981ce82567eddc01289.jpg,3cfba473aadf914628b47190d2e0930e,5
valid,Dermatitis,../datasets/feed/valid/Dermatitis/1000010727_x4_jpg.rf.8e41693849a5ef1fb788cef98669fae1.jpg,3d094edc97f4db94148335b05c924a8a,1
train,Dermatitis,../datasets/feed/train/Dermatitis/hot-spots-suck_00085_jpg.rf.2aae9bdb69aea70cbe8de6341bc59d9a.jpg,3d18888fb9ff08b29b6d2bad65a14ba4,1
train,Demodicosis,../datasets/feed/train/Demodicosis/IMG_5164_jpeg_jpg.rf.953315a501b8fcec0d251638ea523fe1.jpg,3d1fa65d5b1dff2a1342864e167df089,0
train,Healthy,../datasets/feed/train/Healthy/dogs_169_jpg.rf.92f44c253b9654ee9955393dd77b9b6b.jpg,3d2672709099d7d0c6a1cd73e32916c0,3
valid,Ringworm,../datasets/feed/valid/Ringworm/NEWR36_png_jpg.rf.eaccfb83cb7e1d1c781422abe31ded9e.jpg,3d34806fe8055c6645c41d46cdcbc0e5,5
train,Demodicosis,../datasets/feed/train/Demodicosis/2024-05-13-163800_jpg.rf.9a3bb557cc8709512a158ad67ed35fb7.jpg,3d362d9a9f63cfa8b48f074e0290a5ee,0
train,Dermatitis,../datasets/feed/train/Dermatitis/HOT-SPOT-IN-DOG-HOW-vet-treated-symptom-prevention_-flea-bite-moist-eczema_dog-itching-000477_png_jpg.rf.32a93274d759395679581871a6d5c71c.jpg,3d3c14795fcd948253279ec5811357d5,1
train,Demodicosis,../datasets/feed/train/Demodicosis/2024-05-13-133205_1_jpg.rf.bb26415224b52ed69454218054a45fab.jpg,3d4565997eabd4585cabe1df0b42af3e,0
train,Ringworm,../datasets/feed/train/Ringworm/ringworm-56-_jpg.rf.134799f74fb617340def81840adc5146.jpg,3d66592951beb5efa6d9e4ca5bcb057a,5
train,Ringworm,../datasets/feed/train/Ringworm/436815977_459940293272172_9180748049987512532_n_jpg.rf.9b8b62650cfb3a670769f78206f8f2b6.jpg,3d7da8d7fed6f6c55ecc84185751f7f7,5
train,Healthy,../datasets/feed/train/Healthy/046_jpg.rf.25841e2d91ba7dd1556c96e5198e1956.jpg,3d99beda0844e7ba1238fbae79428467,3
valid,Demodicosis,../datasets/feed/valid/Demodicosis/P24_png_jpg.rf.70b6e2e015ef742c4d59784deca97dc5.jpg,3daa458259ac71c106fad7ad1e5777b4,0
valid,Demodicosis,../datasets/feed/valid/Demodicosis/2024-05-13-165246_jpg.rf.bed650ed012f2acd490d22dd738cf69e.jpg,3dab12de7da70733fc5dfdc27063f21a,0
train,Demodicosis,../datasets/feed/train/Demodicosis/IMG_5291_jpeg_jpg.rf.d3f588df5fb1b9c5361b62145ce60af2.jpg,3dace33b6df081e82ea33d03032a68f8,0
train,Demodicosis,../datasets/feed/train/Demodicosis/1-24-_png_jpg.rf.9356779e32b0fc646e36e143ad4d188e.jpg,3db15ba098932d3806cff9b3646c4213,0
valid,Healthy,../datasets/feed/valid/Healthy/pic2_jpg.rf.7f647b24bfbca1cba094fe8c442ed6f3.jpg,3dc21a6a518404ebd06fd1a69920d346,3
train,Ringworm,../datasets/feed/train/Ringworm/1000010729_x16_jpg.rf.d5a64aaccca80a7731f75857120093f0.jpg,3de02ef383af79d7e7ec6966f2d22772,5
train,Ringworm,../datasets/feed/train/Ringworm/ringworm-111-_jpg.rf.ace7afb4bbf41cc1950091574e56a33e.jpg,3de2bc20ecca9cefc21a6c8eb46ea721,5
valid,Demodicosis,../datasets/feed/valid/Demodicosis/2024-05-13-162717_jpg.rf.18a53287ea40f2e105e9b6fb02fcbe0f.jpg,3de5c45373bcd5dcad46adc8c185df86,0
train,Dermatitis,../datasets/feed/train/Dermatitis/HOT-SPOT-IN-DOG-HOW-vet-treated-symptom-prevention_-flea-bite-moist-eczema_dog-itching-000484_png_jpg.rf.35ca8708a3683613932555811becb2bb.jpg,3df1ac60b7a2671c989e34079531aac6,1
train,Demodicosis,../datasets/feed/train/Demodicosis/2024-05-13-134130_2_jpg.rf.bd7f325194755816c8ae229d0fbca162.jpg,3e16127934d536ee738b8914c31fcafe,0
train,Hypersensitivity,../datasets/feed/train/Hypersensitivity/1850_jpg.rf.621a80a57f91e113de362d5f518e4082.jpg,3e1d3b90e67ec882d5f36bb73b2c6dcf,4
train,Healthy,../datasets/feed/train/Healthy/pic69_jpg.rf.96cfa2aa5e65000263b44a6da217fe34.jpg,3e30aaeba2bb42c99ac233196854eb0b,3
train,Healthy,../datasets/feed/train/Healthy/HEALTHY_052_jpg.rf.1f5c67512a87c561b1cfd0e5a4b61fcf.jpg,3e30ab4c1a3fdd0ba227df57b9daa9f5,3
train,Healthy,../datasets/feed/train/Healthy/dogs_125_jpg.rf.17692d25f410c040a31a45d0f4c3ef35.jpg,3e34e53fae6e3220e6b1a20daf6056d9,3
train,Fungal Infections,../datasets/feed/train/Fungal Infections/FUNGAL-INFECTION_017_jpg.rf.36a89ca105b416b5779f2e3e861965b2.jpg,3e3ca4fac55d66eef34a03141a1bde14,2
train,Fungal Infections,../datasets/feed/train/Fungal Infections/1024_jpg.rf.bcee7b3e818d8c6d8fa2280a8ecbd192.jpg,3e4b85d37ee0f234e8dafc7df8f29b5b,2
train,Hypersensitivity,../datasets/feed/train/Hypersensitivity/Hypersensitivity4_png_jpg.rf.d6b747d037b5217974defc8135569eae.jpg,3e4ebc4cf8901d572bebbc76ce7346b5,4
train,Healthy,../datasets/feed/train/Healthy/images_jpg.rf.a62401bd8ebad0279a0491db1fe5b3cb.jpg,3e51714d32aec3b5ccb61ac6ebd1e19f,3
train,Dermatitis,../datasets/feed/train/Dermatitis/Hot-Spot-on-_Chance_-How-to-treat-a-dog-that-you-can_t-touch_-000625_png_jpg.rf.24c717e02a693834f6878e4a537469fd.jpg,3e64999f643ca3d11888f0ee5f0428af,1
train,Fungal Infections,../datasets/feed/train/Fungal Infections/1116_jpg.rf.7a231ea70cafdbc2c06ab298655676a8.jpg,3e64c14242f60229d776a236c76479a2,2
valid,Demodicosis,../datasets/feed/valid/Demodicosis/IMG_5306_jpeg_jpg.rf.bdaf9c6a32a241324a66fe4cc68a3fae.jpg,3e65848673d152ed4c8d12f4dcc5dc6d,0
valid,Ringworm,../datasets/feed/valid/Ringworm/ringworm-54-_jpg.rf.2dc24df44083933f6f5d8c4158a43c54.jpg,3e65b33d7b2758fbdf2f4f0afe1f5e74,5
train,Demodicosis,../datasets/feed/train/Demodicosis/P2_png_jpg.rf.a1c1ee5190b04897941f5096f7f6f057.jpg,3e721c1617409b8a28c5e7f311daa889,0
valid,Ringworm,../datasets/feed/valid/Ringworm/NEWR27_png_jpg.rf.514655acabb68cd9753011dda1f0f276.jpg,3e81f1d1e6535abd93171a1cdf6c7193,5
valid,Healthy,../datasets/feed/valid/Healthy/HEALTHY_033_jpg.rf.f3ecbd6a2604b027533f1b1d63bb5314.jpg,3e99d1574dd69efb4c89b7508d10c61e,3
train,Demodicosis,../datasets/feed/train/Demodicosis/IMG_5165_jpeg_jpg.rf.e1fcc7aed4ca5ed2b0bfd1be4519d079.jpg,3e9e834e20e4700c08c5516843423265,0
valid,Dermatitis,../datasets/feed/valid/Dermatitis/May-is-allergy-awareness-month-here-at-The-Shot-Spot_00136_jpg.rf.cdc510802371da96e515fab7acbd85e7.jpg,3ebd685922cac74cb2c45110920bfc1c,1
train,Ringworm,../datasets/feed/train/Ringworm/436642085_969088174572761_2046691789216935979_n_jpg.rf.0891642313ae59f5dd4a316bc90493ec.jpg,3ebdcab8902b9a6a2af1a124a3859d3e,5
train,Ringworm,../datasets/feed/train/Ringworm/NEWR37-1-_png_jpg.rf.00e7d8a62219e05edc3fd3ce43bb75f3.jpg,3ee9b8805437404ea9b7b58ebcbc8fa1,5
train,Dermatitis,../datasets/feed/train/Dermatitis/HOT-SPOT-IN-DOG-HOW-vet-treated-symptom-prevention_-flea-bite-moist-eczema_dog-itching-000466_png_jpg.rf.6a44843831450fc7b6dec0ec42b47ed5.jpg,3eeaf07745f74974ef991caaa2576a0d,1
valid,Demodicosis,../datasets/feed/valid/Demodicosis/scabies_126_png_jpg.rf.549bf9cdca894c29d69706d498f8643a.jpg,3eed76dafadd2fd3b3b3cc5a42d3d2e8,0
train,Healthy,../datasets/feed/train/Healthy/dogs_147_jpg.rf.ded7012fa0926dcb251b834188228376.jpg,3efc14cf302f678886eb9b231aef9e6e,3
train,Ringworm,../datasets/feed/train/Ringworm/WIN_20240514_17_44_56_Pro_jpg.rf.c84d1fd472c391f231f4490102efaddf.jpg,3f29e180734ee0592d56b6a775d67484,5
valid,Ringworm,../datasets/feed/valid/Ringworm/NEWR53_jpeg_jpg.rf.a454ff1302565eef0cc18496d4a3c7e2.jpg,3f2accdd742d29b1a6d0699c2dd1a2b9,5
train,Demodicosis,../datasets/feed/train/Demodicosis/2024-05-13-134508_1_jpg.rf.4a6bd9e8786cc897f57083b0daf159df.jpg,3f34f49d36fb8ae8fb6350151148651e,0
train,Dermatitis,../datasets/feed/train/Dermatitis/HOT-SPOT-IN-DOG-HOW-vet-treated-symptom-prevention_-flea-bite-moist-eczema_dog-itching-000504_png_jpg.rf.e5e0bf8ce9d299e65d56332a9c451e4a.jpg,3f39cc904e205a4571cbf1f8854dae86,1
valid,Dermatitis,../datasets/feed/valid/Dermatitis/Bacteria4_png_jpg.rf.b8320991af1ff502e24c55b30bc28442.jpg,3f6d385db235274bcc98eeb19939f95e,1
train,Dermatitis,../datasets/feed/train/Dermatitis/May-is-allergy-awareness-month-here-at-The-Shot-Spot_01363_jpg.rf.d6bdb89a47fad7af51f7e0c474002861.jpg,3f7009a73ac71212e707779a5d192bdf,1
train,Ringworm,../datasets/feed/train/Ringworm/R5_png_jpg.rf.4a869355d1d2307d0f78a13d453201b0.jpg,3fb2981669ce35258a5c347ffe300297,5
train,Ringworm,../datasets/feed/train/Ringworm/R38_png_jpg.rf.41c7f133312d281a385f0d0b03b6dfaf.jpg,3ff76eac1d4ead15eaa8f2862954b099,5
train,Demodicosis,../datasets/feed/train/Demodicosis/P5_png_jpg.rf.b017f8536c5fce889b8c6880967b5717.jpg,3ff86de06cc9c3d803403ed6e477bca8,0
train,Ringworm,../datasets/feed/train/Ringworm/NEWR30_png_jpg.rf.34f485a6110c7e5085f360325d2f98c3.jpg,40129a5f570cfaed8c9255f92c8202f8,5
train,Demodicosis,../datasets/feed/train/Demodicosis/P32_png_jpg.rf.6200f35cec32b53681daa807cdd1c0db.jpg,40143d98664eda03a368917daadc1414,0
train,Ringworm,../datasets/feed/train/Ringworm/R23_png_jpg.rf.6e26029a05371612779da6925a56e4ef.jpg,403f9ca822430660de20eb9eeea7515f,5
train,Dermatitis,../datasets/feed/train/Dermatitis/1000010494_x16_jpg.rf.27270ae6ca262a313b7ee38d0bcd5cbb.jpg,404604d48b0d973558ca3c1b081ea1af,1
train,Hypersensitivity,../datasets/feed/train/Hypersensitivity/27_jpg.rf.7116754247db0c6b7f3eb80c59ee2245.jpg,4059dacc97a616d6651b5c518772cd5b,4
train,Demodicosis,../datasets/feed/train/Demodicosis/1-43-_png_jpg.rf.daa54fea5d7be314c4f921e1c14a9a5a.jpg,40637291501550de039ed7fc36ba09aa,0
train,Dermatitis,../datasets/feed/train/Dermatitis/1000010536_x4_jpg.rf.9db1723c86b2cc57aaf88c193cc135d3.jpg,4063a671f205b0fd4f4465b5ad0a7d17,1
train,Healthy,../datasets/feed/train/Healthy/055_jpg.rf.266a48340824fd37a9117261d06859c3.jpg,406e5b80506f6dc878c23aeb11bc7264,3
train,Demodicosis,../datasets/feed/train/Demodicosis/1-52-_png_jpg.rf.13a26b9bb9f76955349dfaf3ff0aed3a.jpg,407fd4a7f3f91ea4fc5d1feed2aacb7f,0
train,Healthy,../datasets/feed/train/Healthy/037_jpg.rf.7caee69399a0711eaddf98bb898c0a75.jpg,4086d7994b4c7c6008b6f040fc150b3e,3
train,Healthy,../datasets/feed/train/Healthy/Image_15_jpg.rf.6ada62418eb176fcef9fcba3077da8ed.jpg,4090e8d145f3bd5174f6e050539f3504,3
train,Demodicosis,../datasets/feed/train/Demodicosis/2024-05-13-162850_jpg.rf.2d840334f00f141b367adaf23638b0c5.jpg,4094810f3fc9184e033d252fd6e5785f,0
train,Healthy,../datasets/feed/train/Healthy/HEALTHY_059_jpg.rf.a7be8bcf79d136a87ec4c8203404a0e3.jpg,40a403cccee33a725fba99bbfbf90a72,3
train,Demodicosis,../datasets/feed/train/Demodicosis/scabies_131_png_jpg.rf.a8c0a4e50ab744cb8367ff296ce3e808.jpg,40a8fa674946a8fd1db91923a9409491,0
valid,Ringworm,../datasets/feed/valid/Ringworm/ringworm-34-_jpg.rf.1ec8dcea3808c54d00ec4dbf05ef64f4.jpg,40bd044ca9745322b6770867fb2d30ae,5
train,Demodicosis,../datasets/feed/train/Demodicosis/IMG_5185_jpeg_jpg.rf.b4b41259cde34d50946018fce3c58eb3.jpg,40bdba476e4a1514d7a51a8578a1b588,0
train,Healthy,../datasets/feed/train/Healthy/GettyImages-91782737-57113e1e3df78c3fa2acad08_jpg.rf.cc46eba4b9513fff3554fca176ee390e.jpg,40be4784d7e73bea99001b874d34d80c,3
train,Ringworm,../datasets/feed/train/Ringworm/436725347_1267272264230513_1308802681305425637_n_jpg.rf.968d0280475dc40869765dd99c266a9e.jpg,40c14b287b629fb5f8266665c392f108,5
valid,Fungal Infections,../datasets/feed/valid/Fungal Infections/19_jpg.rf.92631ea4956ca0a6ae14db7a6aed910b.jpg,40ec29e7df809278382097cecc2d28bf,2
train,Healthy,../datasets/feed/train/Healthy/pic50_jpg.rf.1ccee71983192be93453f23f403ecf02.jpg,40edb22673f6c771cf0051ae62aeb47c,3
train,Dermatitis,../datasets/feed/train/Dermatitis/hotspot-73-_jpg.rf.e9a0e1f27ec3b3f2a35203023251ec35.jpg,40f4adb690a3420e6d4df264279a70b1,1
train,Ringworm,../datasets/feed/train/Ringworm/1000010501_x4_jpg.rf.79804bd1f38a2a63319de66e4196ba83.jpg,41233d6a8632a3d7dba4ae427ed40ffd,5
valid,Demodicosis,../datasets/feed/valid/Demodicosis/1-68-_png_jpg.rf.2f23ed18e90658100456b415f2dbd67b.jpg,412eb2c9a9711a390ee557e4b96c1177,0
valid,Demodicosis,../datasets/feed/valid/Demodicosis/1-67-_png_jpg.rf.4f04a1c72878e3cc0e0a5938e58ec504.jpg,413a487433b34b3775c6e86e49bd73a6,0
train,Healthy,../datasets/feed/train/Healthy/HEALTHY_055_jpg.rf.910ae1877e951e138131ee9944166b8e.jpg,414d93e20bf9aa595b3caa50e3017cb7,3
train,Demodicosis,../datasets/feed/train/Demodicosis/P50_jpg.rf.39ea83c6844f2540cd1f18caee786a33.jpg,4160b902235b55e6682a446ada902b4e,0
train,Ringworm,../datasets/feed/train/Ringworm/WIN_20240514_17_41_35_Pro_jpg.rf.9acc5a6c259ab08cfc219ddcac895421.jpg,41680ce6da2abbc1c7ebc2389610d23d,5
train,Demodicosis,../datasets/feed/train/Demodicosis/D123_png_jpg.rf.b2478afd778ca38ee1d6416cb5410910.jpg,417dfcc306955d7f90456abad8d98a6e,0
train,Fungal Infections,../datasets/feed/train/Fungal Infections/Fungal1_png_jpg.rf.e662dcec259ce51b6d6ba47efc484aab.jpg,4192040bee079edeb52712fdddc13e3e,2
valid,Hypersensitivity,../datasets/feed/valid/Hypersensitivity/B9781416056638000070_f007-032-9781416056638_jpg.rf.b68f6e6a9c8b8f1338836eda097cf33e.jpg,419f42dc8b6f672cbadb071e9edd30fe,4
train,Fungal Infections,../datasets/feed/train/Fungal Infections/fung1_jpg.rf.e1356e9123cbef05c23adb0785a48015.jpg,41a2495dbeaa84b61d51344f5b9e6012,2
valid,Ringworm,../datasets/feed/valid/Ringworm/R34_png_jpg.rf.770242f71d94e94257aafd066916fef3.jpg,41a2b2159f383da9c154bff956f3bb52,5
train,Demodicosis,../datasets/feed/train/Demodicosis/P35_png_jpg.rf.6ff88f99b657472be62cae001c738b0b.jpg,41e0f594322538bc1cd770ca99baf6de,0
train,Healthy,../datasets/feed/train/Healthy/HEALTHY_015_jpg.rf.d80ffff106ed3c939751f3a54fd4dfd7.jpg,41f5d2637f08f60150220d85e4610539,3
train,Healthy,../datasets/feed/train/Healthy/dogs_008_jpg.rf.d266bbbe26c8d5a358f367796f0850b4.jpg,41f747acf592dbf8b02733cbaf6c7d3e,3
train,Fungal Infections,../datasets/feed/train/Fungal Infections/1633_jpg.rf.313cd9a32b19d0ef6d829a667e8044c3.jpg,41f9ae247d051f2e0220cb1a0214bc70,2
train,Fungal Infections,../datasets/feed/train/Fungal Infections/FUNGAL-INFECTION_019_jpg.rf.501293e66493e8cdb69813925331e306.jpg,4213ba27de1e2782326aad82f63f400d,2
train,Hypersensitivity,../datasets/feed/train/Hypersensitivity/27_jpg.rf.84f139a04edcdddbb90411780a8a16d2.jpg,4232baa8fd3c86609946b77ed8291ad1,4
train,Ringworm,../datasets/feed/train/Ringworm/R51_png_jpg.rf.c4cf0fb158c1bdf34f19fe71b72fbf17.jpg,4261c90cb45fdc9713821523a076dfe8,5
train,Dermatitis,../datasets/feed/train/Dermatitis/Thank-you-all-for-your-support_00064_jpg.rf.a23b9edcc0e1ccc71d1fd0643a9d5e8c.jpg,42793956a6dc5e2256818949b93cda1c,1
valid,Demodicosis,../datasets/feed/valid/Demodicosis/2024-05-13-165037_jpg.rf.ac0fa3c743dca5254f7c14bf87b3e2d1.jpg,4297167a1c4d30e13d41a48a1e8793b2,0
valid,Ringworm,../datasets/feed/valid/Ringworm/WIN_20240514_17_31_40_Pro_jpg.rf.d5cf97f5479bdf711d8bd6fda9f17917.jpg,42add7d91c6bb1210b3d033fce04c795,5
train,Ringworm,../datasets/feed/train/Ringworm/436683782_1098077884800614_1582428900067857663_n_jpg.rf.f3c9f55439dcf9dec9fcf8a43592d81b.jpg,42b740f02e894e94a39fe4a5b3e09d23,5
valid,Hypersensitivity,../datasets/feed/valid/Hypersensitivity/B9781416056638000070_f007-019-9781416056638_jpg.rf.149a908fb31828da34245b971f9afee0.jpg,42df7edf23d73026c5d4b45cf37466ce,4
valid,Healthy,../datasets/feed/valid/Healthy/dogs_145_jpg.rf.5afc07c36f851887f7bceafa89454a3e.jpg,42f24607b58d3c336fb55c72b3d1be80,3
train,Dermatitis,../datasets/feed/train/Dermatitis/1000010710_x16_jpg.rf.ecbe932e9088807ef926edc7a1db4800.jpg,430d5b9948d831babe8b3d1d0142da0e,1
train,Hypersensitivity,../datasets/feed/train/Hypersensitivity/1334_jpg.rf.ce13ca62ecf7bb76896c12e2640c9e61.jpg,4314395ee9c0b9ea6958628217c14f4f,4
train,Ringworm,../datasets/feed/train/Ringworm/R31_png_jpg.rf.e87d82aea54fe283e597b3c9530d758f.jpg,431b7530d37280a91a76affa6aca1249,5
valid,Ringworm,../datasets/feed/valid/Ringworm/R12_png_jpg.rf.57080d219c676311bab9fd1285a7904f.jpg,432205bd57da0dfd822998d75fd32b0b,5
valid,Fungal Infections,../datasets/feed/valid/Fungal Infections/FUNGAL-INFECTION_067_jpg.rf.ca02ac7e04af3e2cdaf9c681049e47ec.jpg,4328d6561a3957b91c0028d69353d503,2
train,Fungal Infections,../datasets/feed/train/Fungal Infections/pic63_jpg.rf.ba0bef76d9f54990bc8a0c524fd00964.jpg,432bf2cb2a32826dd725eb6e81166639,2
train,Dermatitis,../datasets/feed/train/Dermatitis/May-is-allergy-awareness-month-here-at-The-Shot-Spot_01456_jpg.rf.4cee630ba39188f70742ffb8bc0feded.jpg,43367f8bdc6b3845c23c77d6549a1862,1
valid,Ringworm,../datasets/feed/valid/Ringworm/flea_allergy-45-_jpg.rf.5112339519060d247081b684008266a1.jpg,4340760ff9350c704d8c6120c5fb3951,5
valid,Ringworm,../datasets/feed/valid/Ringworm/Day-1-of-ringworm-treatment_00001_jpg.rf.be2edb397c9b92973112593edcabd4a5.jpg,43490e72a1bed3ef5732956b33b3f197,5
train,Ringworm,../datasets/feed/train/Ringworm/R58_png_jpg.rf.6d8a61c206ea58a193b61d0c6dea6773.jpg,43577a0681504ccf2340eb748f2c3442,5
train,Demodicosis,../datasets/feed/train/Demodicosis/IMG_5186_jpeg_jpg.rf.11fe0e2c9a80ef81873196eb6d1925d8.jpg,435e4185fde3f1163ff3105c6f2b233a,0
train,Healthy,../datasets/feed/train/Healthy/HEALTHY_025_jpg.rf.8c963580e97073541b0f201ff5191276.jpg,43797e1ff0284d3e19d6177a6e3e1b9a,3
train,Ringworm,../datasets/feed/train/Ringworm/NEWR49_png_jpg.rf.754353464eebcb71b6ae34e56b74b772.jpg,437a903b2554670b501e0c14804d934b,5
train,Dermatitis,../datasets/feed/train/Dermatitis/hot-spots-suck_00298_jpg.rf.3c24494bfd6704270bb440ace26e3b6a.jpg,437bb0ffbf846665ec78e115999eb74b,1
valid,Dermatitis,../datasets/feed/valid/Dermatitis/HOT-SPOT-IN-DOG-HOW-vet-treated-symptom-prevention_-flea-bite-moist-eczema_dog-itching-000358_png_jpg.rf.588214b1f23b0d1db4edaf021fa579a6.jpg,439cee0826336529ebdffae37d6b5b39,1
train,Ringworm,../datasets/feed/train/Ringworm/ringworm-6-_jpg.rf.366cd0abd2e1c240f61d7f0f2fa93f90.jpg,43a4328ab58489476e9d59edb87ee832,5
train,Demodicosis,../datasets/feed/train/Demodicosis/D115_png_jpg.rf.a4936622a854e02430c6f97e5dc73976.jpg,43c3a7ae57a10f703ec6f1d6023c68dd,0
train,Demodicosis,../datasets/feed/train/Demodicosis/2024-05-13-162811_jpg.rf.8ce909230e149ccf20a14ae377d60075.jpg,43d49942bd05c8562899ed82bf47dba5,0
train,Healthy,../datasets/feed/train/Healthy/dogs_003_jpg.rf.4fbdd0fe529e5bc4d5066cce50696ec7.jpg,43d51c336b0240f99deeedf27e1c6cff,3
train,Demodicosis,../datasets/feed/train/Demodicosis/2024-05-13-162013_2_jpg.rf.96ba4664a535e95752cdc17b770bf11a.jpg,43e6d99145d2e7a002bb00f2bf779c68,0
train,Ringworm,../datasets/feed/train/Ringworm/R20_png_jpg.rf.49f89e51b437193fc12a9eb50c2c9fe8.jpg,43eccd9713cb1560b6d85ceeda896c39,5
train,Hypersensitivity,../datasets/feed/train/Hypersensitivity/1337_jpg.rf.61df1779e5321cc175e49ce0f1978327.jpg,43fc71171a216f2c047c1410f06d0ef3,4
train,Demodicosis,../datasets/feed/train/Demodicosis/2024-05-13-165139_jpg.rf.bb3ff04f9b0a6ff19c980398dbc46137.jpg,4402c628da1a6e521c516c68bfda13b5,0
valid,Demodicosis,../datasets/feed/valid/Demodicosis/IMG_5167_jpeg_jpg.rf.841d2866db925ea420232f63bfb3cfa2.jpg,4414efd259cc960d066a66f914c4d60c,0
train,Ringworm,../datasets/feed/train/Ringworm/436788724_2640165772801792_3956631987323566222_n_jpg.rf.846b851209cb81ad13ddc45b878e9864.jpg,443142a24fc283febac25bfde0bf3d51,5
train,Fungal Infections,../datasets/feed/train/Fungal Infections/FUNGAL-INFECTION_008_jpg.rf.f5bb03a2cf589d3cb7550fadf2ea5ad2.jpg,4439b0d723c05276b2fe2a014e92ce8c,2
train,Ringworm,../datasets/feed/train/Ringworm/R59_png_jpg.rf.7933f2b94467887f3cc19ff8156d13e0.jpg,445c375bbdcfff0c6a1df58075dec322,5
train,Healthy,../datasets/feed/train/Healthy/dogs_105_jpg.rf.ea0cab56c2ff1a84743c481404cd7571.jpg,446648ba4ec9d36df87fa02b2e546701,3
train,Dermatitis,../datasets/feed/train/Dermatitis/8_jpg.rf.e68442c163575c135e4c75d68f66cead.jpg,4472d6a8a98d62beaa69b1a6572e984f,1
train,Ringworm,../datasets/feed/train/Ringworm/NEWR51_png_jpg.rf.d7dd95ec9307cbd931889bef1c0e86d9.jpg,448ced921447f95bb932615604d3df11,5
train,Fungal Infections,../datasets/feed/train/Fungal Infections/fung2_jpg.rf.cc3d2411712ad74ad0a650d9b96aafe0.jpg,44abad5767ef34054c6f437843dbb904,2
train,Demodicosis,../datasets/feed/train/Demodicosis/IMG_5257_jpeg_jpg.rf.835e4ce4a78be21ffce0c21fa0f7667c.jpg,44ad94c5df3b264146e67883a89bcf4d,0
train,Fungal Infections,../datasets/feed/train/Fungal Infections/pic81_jpg.rf.40cf696d773ecbf91c877502e2b31676.jpg,44b501a66770e9e79c280b11a5868d11,2
train,Healthy,../datasets/feed/train/Healthy/dogs_041_jpg.rf.886da56b2e76922b396ba29d46f385b6.jpg,44b95b830c45f69920cc5c6b9bf76d94,3
train,Ringworm,../datasets/feed/train/Ringworm/436683782_1098077884800614_1582428900067857663_n_jpg.rf.4dec215dcd96f85f350d98f02c4470e7.jpg,44d4d696b2968041da780b2a3477c141,5
train,Healthy,../datasets/feed/train/Healthy/pic56_jpg.rf.58304a5fb896391461cb8cc17edb6077.jpg,44e47d1b7098cab3ff01e2108d7e2711,3
train,Fungal Infections,../datasets/feed/train/Fungal Infections/Fungal4_png_jpg.rf.672fade40d710724763412ba4c279ac2.jpg,44ee47116755342052d6571a83fc4682,2
train,Fungal Infections,../datasets/feed/train/Fungal Infections/Fungal_Image_4_jpg.rf.2ac86bb60848535443e68c34606ef3e4.jpg,44f5ed64136eeca9225b11ecec96b54f,2
train,Hypersensitivity,../datasets/feed/train/Hypersensitivity/1525_jpg.rf.9bba31ec2e6487b5a0fdff9f6d328d33.jpg,45002ace114f087e0a2bb8dde61fc4c8,4
train,Hypersensitivity,../datasets/feed/train/Hypersensitivity/1621_jpg.rf.32556dba38c727843a988e74658af5f7.jpg,4500fec83658a3cb6b06a449130c1685,4
train,Dermatitis,../datasets/feed/train/Dermatitis/55_jpg.rf.e1995f64188f2e0f8ca7140eaf8bfb1e.jpg,450c295daf67f828feedfc6114c5637f,1
train,Ringworm,../datasets/feed/train/Ringworm/WIN_20240514_17_28_54_Pro_jpg.rf.5c95fec97c83ae25c005bef27cbc2f25.jpg,450faeda92b03f07c125e5902e1d939b,5
train,Fungal Infections,../datasets/feed/train/Fungal Infections/Fungal3_png_jpg.rf.b2b0debccc1d98d74dbeacee4ef7823e.jpg,451bde1023630f3cd8ba410faeee4dfe,2
train,Ringworm,../datasets/feed/train/Ringworm/NEWR58_jpeg_jpg.rf.5c1afff1d5443c5e7338ae59794e9e13.jpg,45278f1fc8d81f13114ff5283a02961f,5
train,Healthy,../datasets/feed/train/Healthy/dogs_236_jpg.rf.2fc45a11d8d1a1377e5cef6774015558.jpg,45358362b104ee1401aa6654f885ba3b,3
train,Hypersensitivity,../datasets/feed/train/Hypersensitivity/20_jpg.rf.11b2c00268a427e0d67cd6c7909d914a.jpg,4546c210fc7115327805d2d93c0e6532,4
valid,Demodicosis,../datasets/feed/valid/Demodicosis/2024-05-13-165349_jpg.rf.10987608d3d0df095ea708c578ef6ab8.jpg,455c3d9ba780bd64441335dfe0028f71,0
valid,Dermatitis,../datasets/feed/valid/Dermatitis/May-is-allergy-awareness-month-here-at-The-Shot-Spot_00013_jpg.rf.781004c11cfe671c00f00ffd49d4f17e.jpg,45776c0034ecce9b0d9b77999b256207,1
train,Healthy,../datasets/feed/train/Healthy/images-44_jpg.rf.32128ebeb8281332820ccbbafb0e717d.jpg,4579b1a88a2d5610fcd87e471ae97b87,3
train,Demodicosis,../datasets/feed/train/Demodicosis/1-30-_png_jpg.rf.e10a963e7fb4d7465068d2ff2df0fc29.jpg,457ae00736a798242c6c4c31b0e7d59b,0
valid,Hypersensitivity,../datasets/feed/valid/Hypersensitivity/1309_jpg.rf.55283027e78d6987fe5831442e7c9dbb.jpg,457f53f5c3cb3de30a43c65e3c0539d6,4
train,Demodicosis,../datasets/feed/train/Demodicosis/1-31-_png_jpg.rf.8735cc86198474386cd5e7354343477c.jpg,4583c6f0950320dda93f94d9c0f4b929,0
train,Ringworm,../datasets/feed/train/Ringworm/ringworm-50-_jpg.rf.0026c3746a1c218e0419e53fc37d45f8.jpg,4584fc6d0700945e137adf2b398cde88,5
train,Healthy,../datasets/feed/train/Healthy/pic38_jpg.rf.fcc1748afa4f28880d4dc42f1cd48d22.jpg,458d044b911d2d17b34cde0042edf376,3
train,Ringworm,../datasets/feed/train/Ringworm/ringworm-2-_jpg.rf.ee51e43da6d2a7522fec737f54964286.jpg,458f5c06bf1c3e515b5f848b54ef29ec,5
train,Hypersensitivity,../datasets/feed/train/Hypersensitivity/Hypersensitivity_image_1_jpg.rf.fa0f2cd0fd52b5da1716aa3213d9195d.jpg,45b63a3d400a69ca079d015e6c16ceca,4
valid,Ringworm,../datasets/feed/valid/Ringworm/1000010654_x16_jpg.rf.53052338c26647d10031551245c60ef8.jpg,45babebc15b213c145bbabd9277f0869,5
valid,Healthy,../datasets/feed/valid/Healthy/dogs_010_jpg.rf.9adddf9be8996a5cb11ac11b3de22121.jpg,45e715bebe235237de74739e9c0bf4bf,3
train,Dermatitis,../datasets/feed/train/Dermatitis/HOT-SPOT-IN-DOG-HOW-vet-treated-symptom-prevention_-flea-bite-moist-eczema_dog-itching-000459_png_jpg.rf.9879448ae9ebc87bd252f386e942f399.jpg,45e81079f7397f304dac6622219ba13d,1
train,Demodicosis,../datasets/feed/train/Demodicosis/2024-05-13-161952_jpg.rf.f6d13dfdf74baa25fab85c5288cd9373.jpg,45f1b705bfeca76d871f3a5ca24ad55d,0
train,Ringworm,../datasets/feed/train/Ringworm/R24_png_jpg.rf.583fb5c07acd2ef09f976b3410e70d55.jpg,45f98809f2c377ee53fa981a143933e8,5
train,Dermatitis,../datasets/feed/train/Dermatitis/fungal_dermatitis_4935_11_600_webp_jpg.rf.1bb2d83b194f9b693e7015070d847b07.jpg,4601053bdbf90dc674730837e965c91a,1
valid,Ringworm,../datasets/feed/valid/Ringworm/NEWR17_png_jpg.rf.1d31ee6b6efa1bfb4425799771cb8c11.jpg,461084ea96e51bac41bf04b951f1412e,5
valid,Demodicosis,../datasets/feed/valid/Demodicosis/1-37-_png_jpg.rf.797c915af4e70a329d34f834ce0fb42d.jpg,462028a9eaf4a6a8d9c1bbd0d2da8e5d,0
train,Hypersensitivity,../datasets/feed/train/Hypersensitivity/Hypersensitivity_2_jpg.rf.a441e4b91dc1032f7e7e895deb8b3ae3.jpg,462440e2143071b9a88680f989622c44,4
train,Demodicosis,../datasets/feed/train/Demodicosis/1-10-_jpg.rf.d8877fd2d14646b426b4216b8fc8f9eb.jpg,462b7062e23931fe022d38745a1c1b8c,0
valid,Demodicosis,../datasets/feed/valid/Demodicosis/IMG_5214_jpeg_jpg.rf.e674171f1c446cae04b3f937dd43b81d.jpg,466af37d8b0e780385b008fffccecba0,0
train,Ringworm,../datasets/feed/train/Ringworm/436660568_816714827062296_2603836073731005890_n_jpg.rf.dc92a2216765e91c7d492c94236ea6a7.jpg,46731ab4dc45859309c84e8f39fdc914,5
valid,Ringworm,../datasets/feed/valid/Ringworm/WIN_20240514_17_29_17_Pro_jpg.rf.1412bee08f5bbe1b9d83088b359655fc.jpg,469d293bf7e7e47b04b29c111f02207e,5
train,Dermatitis,../datasets/feed/train/Dermatitis/hot-spots-suck_00328_jpg.rf.1d0fea8daac2b2da8fc89058110dccdf.jpg,46b25fabfda773311544e854c84b9511,1
valid,Demodicosis,../datasets/feed/valid/Demodicosis/P28_png_jpg.rf.ae684dbe6ab00f9892f6e8071782c092.jpg,46b77993713ade8c4638f0434a0d46de,0
train,Fungal Infections,../datasets/feed/train/Fungal Infections/pic63_jpg.rf.32dfedbff84d18c341640689153b40cb.jpg,46eca33eff25bce84ee637c5fb9239f4,2
train,Demodicosis,../datasets/feed/train/Demodicosis/1-51-_png_jpg.rf.5a0668a196e841047ab3cc325d5f2ed2.jpg,46f9a6369a5c5056f0ddb10c9e39d449,0
train,Healthy,../datasets/feed/train/Healthy/dogs_134_jpg.rf.35ed6e38447aadb646c34f105ea48a8c.jpg,46faa0778a20ca0389eb2622f25f6116,3
train,Dermatitis,../datasets/feed/train/Dermatitis/May-is-allergy-awareness-month-here-at-The-Shot-Spot_01567_jpg.rf.2c1dcb3ad906cd8624e9e021e2bd16dc.jpg,473c17c8d33ccb78869ebd4760a5993f,1
train,Demodicosis,../datasets/feed/train/Demodicosis/1-14-_png_jpg.rf.4e5694c1519e5c601949e60b54125ae6.jpg,474252c321d1d2aa6d1ebadf26ec95b5,0
train,Ringworm,../datasets/feed/train/Ringworm/R16_png_jpg.rf.e1f03f49892b9e502c54d602be9ff2d2.jpg,47515bfe8468ede29563aef238e6d431,5
valid,Healthy,../datasets/feed/valid/Healthy/HEALTHY_032_jpg.rf.1a079cf1996575c07d258c5d1b8d7ed9.jpg,47618fa204dcdf15dbb9ffdbfe79e2a0,3
train,Ringworm,../datasets/feed/train/Ringworm/WIN_20240514_17_26_32_Pro_jpg.rf.350d2a4c2af6888dfca5ead9e0f8aa09.jpg,476b9f2a98c4b4ad0d412d651363105a,5
train,Healthy,../datasets/feed/train/Healthy/Image_7_jpg.rf.f0efd9623850b8e83ad5c803282018eb.jpg,4784b7623436038b6777e941ca29ac06,3
train,Hypersensitivity,../datasets/feed/train/Hypersensitivity/1392_jpg.rf.cf218caaaac13dcf6ba29b9802fdfcd1.jpg,478afeee54ebe910c1f040be7da8f40f,4
train,Ringworm,../datasets/feed/train/Ringworm/NEWR48_png_jpg.rf.8fbffbfd69d65f6dccdce4767695c064.jpg,47b5e6ca0d204c999aef998839cabb9a,5
train,Fungal Infections,../datasets/feed/train/Fungal Infections/pic74_jpg.rf.2c7be0a3cb3095114ed16fbfcc925c50.jpg,47bac843edacb7cf09d87844304038c2,2
train,Demodicosis,../datasets/feed/train/Demodicosis/1-8-_png_jpg.rf.b3ff7ccbebbcdadcea9c5ef84e90bb86.jpg,47cbd3dd1cc7030933beadb82b74076f,0
train,Demodicosis,../datasets/feed/train/Demodicosis/1-49-_png_jpg.rf.cc1eb4fd08f0357dcf36b814b35954a4.jpg,47d6b9bd34c5b264b4392b01ac7c2d32,0
valid,Ringworm,../datasets/feed/valid/Ringworm/R24_png_jpg.rf.49f7d07ec23ddd443c539835b17e48e9.jpg,47e7266eab0b91ec52e5bdd7957bd1d4,5
train,Dermatitis,../datasets/feed/train/Dermatitis/1000010759_x16_jpg.rf.69ec64dd6538c8cae73201cdba200567.jpg,47e7d7f1954d6a7d81becac9f9f4c4c1,1
valid,Healthy,../datasets/feed/valid/Healthy/082_jpg.rf.b6914e657357ac23c2f619e3a06c67f4.jpg,4802366c457e2393b377a511a72b911c,3
train,Dermatitis,../datasets/feed/train/Dermatitis/hot-spots-suck_00103_jpg.rf.bbd452ea024a9238a9bedf0751c6eaf7.jpg,481e11a22710b17b798b49fb239e852f,1
valid,Fungal Infections,../datasets/feed/valid/Fungal Infections/FUNGAL-INFECTION_055_jpg.rf.80684a12af966f95db8d7066b1708714.jpg,485077847a8b009725dcd35e003f078b,2
train,Healthy,../datasets/feed/train/Healthy/dogs_179_jpg.rf.6b0e0fce20042f31eca5168d9adb42cb.jpg,4870d0fe52cfd4878a7f59a00cbbe2b5,3
train,Dermatitis,../datasets/feed/train/Dermatitis/1000010511_x16_jpg.rf.2b5f0b4a6f5131d3ace70beb6a030989.jpg,4874b94b0c632885b2c70253e27fb0de,1
train,Healthy,../datasets/feed/train/Healthy/Image_9_jpg.rf.d9d7140a2f77b9b342b74e93b91a46ca.jpg,487bffc3b1da923bb962c6d1122f5ac5,3
train,Demodicosis,../datasets/feed/train/Demodicosis/1-11-_jpg.rf.643953b45247b42350cefdcc1945c00c.jpg,487bfff03d68fe06f2b09454fa18493c,0
train,Hypersensitivity,../datasets/feed/train/Hypersensitivity/1713_jpg.rf.8fed6bb415ac3312d8f1ef7972d36a05.jpg,4885b2d908663465d3506c45c788fa7c,4
valid,Ringworm,../datasets/feed/valid/Ringworm/ringworm-31-_jpg.rf.d737cb5d61b670845c2ce8a1b9887550.jpg,48a219683c9617e3633eb430e6fc11b9,5
train,Healthy,../datasets/feed/train/Healthy/HEALTHY_039_jpg.rf.4229ec7f88d6be14f7a89d5b355de7b7.jpg,48bddab0ee15dccef3c7659786228bb3,3
train,Dermatitis,../datasets/feed/train/Dermatitis/hotspot-41-_jpg.rf.57b9fe3527ccd557ab71bc913c928f00.jpg,48ccfdfedcea51a8e340ce8d9210b1b2,1
train,Ringworm,../datasets/feed/train/Ringworm/ringworm-126-_jpg.rf.dde04c0f58f2972377cb132b2ed68a55.jpg,48d3c9ecd0a251720afb5d9b413f20ff,5
valid,Healthy,../datasets/feed/valid/Healthy/images-7_jpg.rf.44cee5b5e5b1fd901dc1fcb8aab422f0.jpg,48e7a7283c9754d30511009fd6814708,3
train,Demodicosis,../datasets/feed/train/Demodicosis/IMG_5290_jpeg_jpg.rf.04f516e667b1073c641792ba46cffc7d.jpg,490077b9ad0959686d0c2ee701f34851,0
valid,Demodicosis,../datasets/feed/valid/Demodicosis/IMG_5176_jpeg_jpg.rf.ff7393925ee61d30cc1982265dd0d55e.jpg,4900e023d3f52b3db4283396cbca8e50,0
train,Fungal Infections,../datasets/feed/train/Fungal Infections/FUNGAL-INFECTION_041_jpg.rf.df413edcbe06f690427ecd9d0cf76e2a.jpg,493b5cb334a071e7145a25df07aece8f,2
train,Fungal Infections,../datasets/feed/train/Fungal Infections/FUNGAL-INFECTION_018_jpg.rf.cbd29599138a275bb73143114533126f.jpg,4952f375fa1750ca413bc6725750c571,2
train,Ringworm,../datasets/feed/train/Ringworm/436701099_994061025387216_3841232665235162802_n_jpg.rf.c5df412f2e8e3588f010718877a90699.jpg,49569a2f8e162de070ca80e36e8f14ca,5
train,Ringworm,../datasets/feed/train/Ringworm/ringworm-151-_jpg.rf.369bea8eec116c6eedd191ad185c7419.jpg,498884ec752e2bf2692645645bbf2258,5
valid,Ringworm,../datasets/feed/valid/Ringworm/R7_png_jpg.rf.d3d5f977bfe063875044f78c2c1a2b3a.jpg,498930c3e6b0fa3005bcaf04e09878b1,5
train,Ringworm,../datasets/feed/train/Ringworm/E64D9F1D-0C27-42C1-9A7F-B0F6755F7913_jpeg_jpg.rf.a3921bbe23920be29c76c2d5da8028d8.jpg,499fcd7faeb2a3131a5657a3d775d5fb,5
train,Dermatitis,../datasets/feed/train/Dermatitis/hot-spots-suck_00322_jpg.rf.e9679600aec99c09c70f83f3fce141fe.jpg,49b801768123ec3ef14748d4e38076fc,1
train,Ringworm,../datasets/feed/train/Ringworm/R21_png_jpg.rf.0efd279049ae298c87c1067d1cc34945.jpg,49e8828f5acd705d569581609cf49875,5
train,Healthy,../datasets/feed/train/Healthy/dogs_082_jpg.rf.6d81559aab69a8d14904054f2d8821d0.jpg,4a074155c39fe6fb2ecb9702b090e824,3
valid,Demodicosis,../datasets/feed/valid/Demodicosis/1-63-_png_jpg.rf.4ff833146d4c16716203a009219b6bd3.jpg,4a077d1ecbd5955eafc43b374dbef4f9,0
train,Healthy,../datasets/feed/train/Healthy/HEALTHY_039_jpg.rf.c6ccf0ace799b4da58d063c88172f952.jpg,4a09317cf083d0d28160c49e02f95596,3
train,Dermatitis,../datasets/feed/train/Dermatitis/May-is-allergy-awareness-month-here-at-The-Shot-Spot_02290_jpg.rf.59f4d25f1fb0b19dbaafd4aea17b3213.jpg,4a129b5bac309a6aa0a9d4f328724b5f,1
valid,Demodicosis,../datasets/feed/valid/Demodicosis/2024-05-13-161905_jpg.rf.44ecaf0a94e1ed54c41cead05c069a37.jpg,4a59fa1de09efe65c51ddd0d593394cf,0
train,Hypersensitivity,../datasets/feed/train/Hypersensitivity/B9781416056638000070_f007-016-9781416056638_jpg.rf.b0abf61c8cbeb6b15554f9af5497288d.jpg,4a65342baa1826185a04462b4c32d4db,4
valid,Demodicosis,../datasets/feed/valid/Demodicosis/IMG_5150_jpeg_jpg.rf.6e3ece1652ceb5d4bd71530ab5bb7866.jpg,4a73ebdec1b7f12e5e97b45d01a57580,0
train,Hypersensitivity,../datasets/feed/train/Hypersensitivity/B9781416056638000070_f007-016-9781416056638_jpg.rf.295c60f5265b179a9aa3e1be437e9318.jpg,4a865aa9c718752f2b48130000752af5,4
train,Ringworm,../datasets/feed/train/Ringworm/ringworm-11-_jpg.rf.b512908de8332510275cb88fd22c3edf.jpg,4a8df620c37cb41a958140b810c07595,5
train,Fungal Infections,../datasets/feed/train/Fungal Infections/Fungal_Image_4_jpg.rf.92093f83269a1b0121f7b0a4d0d977e7.jpg,4a9173d0943476751b59fb5ee1935eb9,2
valid,Healthy,../datasets/feed/valid/Healthy/HEALTHY_020_jpg.rf.c824e8c72f8ef628301a1663688e227e.jpg,4a94b08e86d1e237c5e395f8536518ef,3
train,Hypersensitivity,../datasets/feed/train/Hypersensitivity/B9781416056638000070_f007-001-9781416056638_jpg.rf.f4622042e64ef69f3dabf3ffa5bcf154.jpg,4aa80125970a7d896c8660ea8cddb40d,4
train,Hypersensitivity,../datasets/feed/train/Hypersensitivity/hs5_jpg.rf.55ca66521e012e4026bc1b7022a9781d.jpg,4aaeca912ce2b943fb20d54e099172f7,4
train,Healthy,../datasets/feed/train/Healthy/Image_4_jpg.rf.91ad37c33491d13d7d62cadd06d0c11a.jpg,4ab074042c965751ff4858a4f4601925,3
train,Ringworm,../datasets/feed/train/Ringworm/WIN_20240514_17_43_16_Pro_jpg.rf.91fe776d5e554f9094735aac677f476a.jpg,4abfcc9ff002e67f9f5f70c6bb224790,5
train,Dermatitis,../datasets/feed/train/Dermatitis/HOT-SPOT-IN-DOG-HOW-vet-treated-symptom-prevention_-flea-bite-moist-eczema_dog-itching-000460_png_jpg.rf.8d66d834ba05ff1c18278875a01fc520.jpg,4acec3b63c01e33de51bccb7845457ec,1
train,Healthy,../datasets/feed/train/Healthy/mota-ru-cute-dog-1477384405_jpg.rf.a9b675506bd30852784c1dbea73bf9d3.jpg,4ae4267c6f227902822007718071c76b,3
train,Demodicosis,../datasets/feed/train/Demodicosis/scabies_116_png_jpg.rf.f6a6f72a6183c2cf3094032051c24c4d.jpg,4af6e58f9078005dd9a7d902be8df83d,0
train,Fungal Infections,../datasets/feed/train/Fungal Infections/FUNGAL-INFECTION_012_jpg.rf.0ede3fe4202c46b2d266ae4aeef3a89e.jpg,4afb5098be2b68800e32eb3f348f1c27,2
valid,Demodicosis,../datasets/feed/valid/Demodicosis/scabies_136_png_jpg.rf.a68cc4a5c58a57cc9ae3678c4e8de793.jpg,4afcf9c64a30a8f2575b1a1fae63abf8,0
train,Dermatitis,../datasets/feed/train/Dermatitis/hotspot-37-_jpg.rf.db71654068e4b579d1768b24a280fcdc.jpg,4b0d5da4f4603abce81d06a13e874adb,1
train,Healthy,../datasets/feed/train/Healthy/021_jpg.rf.9915cc4874f6a3b692deb9a7990ac4bf.jpg,4b157868bcdf24bf0c720d94fd391c3f,3
train,Dermatitis,../datasets/feed/train/Dermatitis/HOT-SPOT-IN-DOG-HOW-vet-treated-symptom-prevention_-flea-bite-moist-eczema_dog-itching-000499_png_jpg.rf.f5cf68272ec743b2266fb35d45fdc3ca.jpg,4b3894cd6c6345d4e58405fa66d40b21,1
valid,Dermatitis,../datasets/feed/valid/Dermatitis/1000010680_x16_jpg.rf.b5338ca7ac926e695a854a068b056597.jpg,4b3c185a75e4ad0fb5e8bd2207d3f987,1
train,Demodicosis,../datasets/feed/train/Demodicosis/D120_png_jpg.rf.855708715824a704649b9bc84b887d55.jpg,4b620ef88734af9ca553d791805dfe1a,0
train,Dermatitis,../datasets/feed/train/Dermatitis/1000011978_x4_jpg.rf.03032710c4a877cda381c68e310580c8.jpg,4b802b94ad16e7a360b7560e3f6e1e6a,1
train,Ringworm,../datasets/feed/train/Ringworm/ringworm-139-_jpg.rf.6ef1a2f7170286378b8599a73a3a67c6.jpg,4baffef5ad7672409e6c92488a940dea,5
train,Dermatitis,../datasets/feed/train/Dermatitis/hotspot-88-_jpg.rf.6e411775904c7ae9980add5841d50e33.jpg,4bb25c1697a004af93fdfe954bac207b,1
valid,Demodicosis,../datasets/feed/valid/Demodicosis/1-66-_png_jpg.rf.fd422f6e994e3b62c106865346f9e2e6.jpg,4bb33b4fe32f024767d8962a400d50fa,0
train,Ringworm,../datasets/feed/train/Ringworm/751D91EA-5029-4605-908B-7BA9605612AC_jpeg_jpg.rf.e97ff171de80a85d825f0d91db32b5a9.jpg,4be21ede084d98498b8d7091d073fda4,5
valid,Fungal Infections,../datasets/feed/valid/Fungal Infections/fung1_jpg.rf.3409e720e9273e40796fb5ef7c1d2af5.jpg,4be78835e62c33834318359307865779,2
train,Healthy,../datasets/feed/train/Healthy/HEALTHY_041_jpg.rf.4e72c7279aec0c0d5db58345a5661866.jpg,4bebfd779c9a8ee49c34dc765de2449a,3
train,Dermatitis,../datasets/feed/train/Dermatitis/HOT-SPOT-IN-DOG-HOW-vet-treated-symptom-prevention_-flea-bite-moist-eczema_dog-itching-000486_png_jpg.rf.b81cf522cac9be0e7e64d7b5b90fa1ef.jpg,4c0bfd2d3847229e79db4f1416f260e8,1
train,Demodicosis,../datasets/feed/train/Demodicosis/1-34-_png_jpg.rf.f5bf0f37acf770fe2c57b99bdf24e921.jpg,4c296b264a5d84e929adf66b667579ee,0
train,Ringworm,../datasets/feed/train/Ringworm/ringworm-95-_jpg.rf.dce0f7353b413bccc3f46bdeb56adb7b.jpg,4c506faf392fb097995f030f8feb2ddf,5
valid,Hypersensitivity,../datasets/feed/valid/Hypersensitivity/26_jpg.rf.3ad5481098f60ab17bebf5cae9f08b3f.jpg,4c5b4b605e947fd970dacc26e2e6d10f,4
train,Demodicosis,../datasets/feed/train/Demodicosis/1-70-_png_jpg.rf.384e623348a182cbe88de1f131ef4a06.jpg,4c5f1c6144e3d52000cbd1668fde4bbf,0
train,Demodicosis,../datasets/feed/train/Demodicosis/2024-05-13-134130_1_jpg.rf.58ac92e0468543f1ae7341201f34b35c.jpg,4c7f4cffbf3113989c29e9e1fecf1464,0
train,Healthy,../datasets/feed/train/Healthy/pic63_jpg.rf.a63a0b6a44563cf914b75671a254e315.jpg,4c94e56e754803d2946b3979dc8ae73b,3
train,Healthy,../datasets/feed/train/Healthy/images-42_jpg.rf.64ef419717fed4b22da42a096bc6e528.jpg,4cc46b9a4835e381187b6421efab5a16,3
train,Hypersensitivity,../datasets/feed/train/Hypersensitivity/B9781416056638000070_f007-042-9781416056638_jpg.rf.6d6d8d8e535a338122bf57b81fe9c4d4.jpg,4cdb98ea3315aa901fc326644e3c1ac7,4
valid,Demodicosis,../datasets/feed/valid/Demodicosis/P31_png_jpg.rf.d6f4c3d6620d4d1cf180e6d85ceefd00.jpg,4cf0340e264931d6d0efde7f3d37b585,0
valid,Demodicosis,../datasets/feed/valid/Demodicosis/2024-05-13-165432_jpg.rf.ed3b0398dcd6ec8e19981e9354379f3f.jpg,4cfed02e20261fe0ce7fcb629fb97c5a,0
train,Dermatitis,../datasets/feed/train/Dermatitis/hot-spots-suck_00034_jpg.rf.d73af1aaf3ec1ce5a0bbe7529f155ffb.jpg,4d08b2726159edf80d849e26926743b5,1
train,Dermatitis,../datasets/feed/train/Dermatitis/1000010710_x16_jpg.rf.7bea7dbe4b16e7e5d1975735a17cf09d.jpg,4d0fa875da42c452a01da922ef248521,1
valid,Hypersensitivity,../datasets/feed/valid/Hypersensitivity/Hypersensitivity_1_jpg.rf.b0e985c6cf8abb9fc06a94256a453b13.jpg,4d425ff2035aa1cbf4df0d7e0f9d764f,4
valid,Dermatitis,../datasets/feed/valid/Dermatitis/HOT-SPOT-IN-DOG-HOW-vet-treated-symptom-prevention_-flea-bite-moist-eczema_dog-itching-000152_png_jpg.rf.0c7bb84d77646ce2d29c196004f907e6.jpg,4d511210c58222cd26c9730d30e85a89,1
train,Dermatitis,../datasets/feed/train/Dermatitis/HOT-SPOT-IN-DOG-HOW-vet-treated-symptom-prevention_-flea-bite-moist-eczema_dog-itching-000459_png_jpg.rf.2bf91de8f14b277376d17b86b89a4256.jpg,4d557755efb254ecbfb1f628ab47eb41,1
valid,Fungal Infections,../datasets/feed/valid/Fungal Infections/FUNGAL-INFECTION_049_jpg.rf.c93197d6b116f9b7bbe6b5ede406dde6.jpg,4d6a1e14efa82d19e9bdec8bf41e142a,2
train,Dermatitis,../datasets/feed/train/Dermatitis/1000010761_x4_jpg.rf.c79bab509986a90e16d77f1cd3cb374c.jpg,4d6cca758ca87059aa3e4e1df884d2b7,1
train,Ringworm,../datasets/feed/train/Ringworm/R14_png_jpg.rf.d8ec7b5c804343627bbe0b61127fa909.jpg,4d7874f9c9f36c081bb75e8113e7e5dd,5
valid,Ringworm,../datasets/feed/valid/Ringworm/ringworm-117-_jpg.rf.4c332d6f5fa12f03e6efda02019dc7b0.jpg,4d7e7a6401ea35de3adcc5a8c6abc4ac,5
train,Demodicosis,../datasets/feed/train/Demodicosis/IMG_5257_jpeg_jpg.rf.84946f0935e0d24b61a6ab0d99a17786.jpg,4da39e2fbb96367f7b71920c03d83414,0
train,Hypersensitivity,../datasets/feed/train/Hypersensitivity/B9781416056638000070_f007-036-9781416056638_jpg.rf.90173da4396b95c1471c90bfb60f4d31.jpg,4dc0d0dd4e9fb88ffd306b6b8d73ae9c,4
train,Healthy,../datasets/feed/train/Healthy/dogs_125_jpg.rf.7e835d24db5ea090f93ca3b03fa323fc.jpg,4dc66b4f5cb394ef8b23decc0f476f10,3
train,Demodicosis,../datasets/feed/train/Demodicosis/2024-05-13-133205_2_jpg.rf.bef8945dfb0d31f17c17810aff8ff9aa.jpg,4dd6693df69affc8151c7cac77e045f2,0
train,Dermatitis,../datasets/feed/train/Dermatitis/May-is-allergy-awareness-month-here-at-The-Shot-Spot_01666_jpg.rf.dd62dd31d17405e151c49ecf65090020.jpg,4dde8461b922e89e6bf90e2205bb613d,1
train,Fungal Infections,../datasets/feed/train/Fungal Infections/fungal3_jpg.rf.d8f16866bb40d3218a7b515158ec038d.jpg,4de8017daf924fbae51773a95b004f4b,2
train,Demodicosis,../datasets/feed/train/Demodicosis/scabies_102_png_jpg.rf.7124ce907fb55a55d85e610da740645e.jpg,4dfec4b9e5825548e123b944ff290043,0
valid,Dermatitis,../datasets/feed/valid/Dermatitis/hotspot-83-_jpg.rf.02880e526134603926e8c3a31bc58f97.jpg,4e207d637c2db4ec35eba0ccbb3ab756,1
valid,Hypersensitivity,../datasets/feed/valid/Hypersensitivity/B9781416056638000070_f007-036-9781416056638_jpg.rf.d08b41b82082642b9493c3b3c0c35092.jpg,4e34f0ba96e7660de42579187e72744d,4
train,Dermatitis,../datasets/feed/train/Dermatitis/May-is-allergy-awareness-month-here-at-The-Shot-Spot_02176_jpg.rf.58bec5f6d7a0f2960e0862ff20ce5004.jpg,4e3854bb1ce930888b17f8b63830cbf2,1
valid,Healthy,../datasets/feed/valid/Healthy/HEALTHY_020_jpg.rf.a22fa26da6dcb6254edae8f89e60afac.jpg,4e46a1bf23df8e2fbd3585c769e5cca2,3
train,Dermatitis,../datasets/feed/train/Dermatitis/HOT-SPOT-IN-DOG-HOW-vet-treated-symptom-prevention_-flea-bite-moist-eczema_dog-itching-000501_png_jpg.rf.e32d6c74daf39611c9a979facf8ffee8.jpg,4e8ecdb56c726e0392bc0350cf9e5dee,1
valid,Demodicosis,../datasets/feed/valid/Demodicosis/2024-05-13-165025_jpg.rf.8e3d1ab3ac46bbdb4573044be9cbd546.jpg,4e9a51cd2a0c878860feca7b96943895,0
train,Ringworm,../datasets/feed/train/Ringworm/436996564_1168053864147468_7935871064142461185_n_jpg.rf.fddf1d1e4e2ce4d20a2ab3543520f45c.jpg,4eb86d14ccbe2cc9c3a1d45a41ee78c1,5
train,Ringworm,../datasets/feed/train/Ringworm/R30_png_jpg.rf.04b5406f6bb0b3f462fcd74d770dd596.jpg,4ec4a685569bb8b91b8f4532fdf48413,5
train,Ringworm,../datasets/feed/train/Ringworm/1000010498_x16_jpg.rf.e70f8b2ecd0597aaf3d5e35b8f4db392.jpg,4ec5d644d75a2f20c688af035a2e0b72,5
train,Healthy,../datasets/feed/train/Healthy/Image_28_jpg.rf.d6f095b598c1109ce39ce2ff59029a9b.jpg,4ec9304e6533b6b9311755cee70228f1,3
train,Healthy,../datasets/feed/train/Healthy/HEALTHY_060_jpg.rf.6c4a814384975ab20b9a225ae66d0b97.jpg,4ed35f4d52418da83ff94716fd3871be,3
train,Demodicosis,../datasets/feed/train/Demodicosis/P12_png_jpg.rf.90fa5debfc6953ac1f598e1de5888782.jpg,4eec0f59a99fc10b294c7a652cd9edf7,0
train,Ringworm,../datasets/feed/train/Ringworm/ringworm-27-_jpg.rf.1d112a8a1231092594527b0df4a77392.jpg,4ef17b8b50f681dc95ad0cca150aafc5,5
valid,Dermatitis,../datasets/feed/valid/Dermatitis/May-is-allergy-awareness-month-here-at-The-Shot-Spot_00469_jpg.rf.a9fb34684a815ede41cd1bb3809241f1.jpg,4efb9283ace063c506e9d3649673f45d,1
train,Ringworm,../datasets/feed/train/Ringworm/ringworm-60-_jpg.rf.c88275a7eb47a7bb01679789b546379e.jpg,4f1c01263117a88224743d4493d6a9d2,5
train,Healthy,../datasets/feed/train/Healthy/pic4_jpg.rf.dcd1badaf45275bb22373b2d4c78ad3d.jpg,4f22bdfe96293edf2330e4e5f8efde67,3
train,Demodicosis,../datasets/feed/train/Demodicosis/P20_png_jpg.rf.8e8325a9440fda69871e72565680f345.jpg,4f4b571b460588c741faf3092c0b3a52,0
train,Dermatitis,../datasets/feed/train/Dermatitis/Bacterial1_png_jpg.rf.c067c35df703eaa1353b534a8111d86e.jpg,4f63a44f0766aecaa9adc5afbfa1e1d7,1
train,Demodicosis,../datasets/feed/train/Demodicosis/IMG_5197_jpeg_jpg.rf.7792aaeb0569cd65a87e4d2e6a327b21.jpg,4f7567e9dfd3567557379c95163fddf1,0
train,Fungal Infections,../datasets/feed/train/Fungal Infections/1154_jpg.rf.f71b62aaaba47c76040ba88e55a65ab7.jpg,4f7603deba84be426f0a7032331b1938,2
train,Demodicosis,../datasets/feed/train/Demodicosis/P33_png_jpg.rf.cf58996a508b5ae62d3ae92ca5337cf4.jpg,4f84d23288e321970a401cb507c6bacf,0
valid,Demodicosis,../datasets/feed/valid/Demodicosis/2024-05-13-133458_4_jpg.rf.c2d7843ad6dd693fcb66169ff60d948f.jpg,4fbc051622f6106e4d17b50aa0b27fc0,0
train,Ringworm,../datasets/feed/train/Ringworm/436639986_413245831496612_2113964065260756871_n_jpg.rf.c334a25f1bb4e38ee1e042d98b658213.jpg,4fd06af4eb9b7f08c2fef29c236ea171,5
train,Healthy,../datasets/feed/train/Healthy/dogs_124_jpg.rf.0d032ad60cf5804fb03cfe3b4428a071.jpg,4fe16c5d1426bd617f13e0aab7e6ce2a,3
train,Healthy,../datasets/feed/train/Healthy/dogs_130_jpg.rf.140efb8e7ed60826a8acd07e95da2c90.jpg,4ff07292ba6c9580842c6d9b93ca3d88,3
train,Ringworm,../datasets/feed/train/Ringworm/ringworm-157-_jpg.rf.b988c4afb86309a7b8dce0405c949d54.jpg,4ffe717f0fe39b26350f2a22510daf46,5
train,Demodicosis,../datasets/feed/train/Demodicosis/scabies_117_png_jpg.rf.4334343f3672d46546ff4d86f6fb7b60.jpg,50029d289fb007210f4247812c75f885,0
train,Ringworm,../datasets/feed/train/Ringworm/ringworm-157-_jpg.rf.982d1bf4c6ad27c0bb5dfde14eba064c.jpg,500a186ce04a849a260651f80a9bd6d2,5
train,Fungal Infections,../datasets/feed/train/Fungal Infections/1147_jpg.rf.9a4dfe6b7933144ae78b9a0fb059cc6b.jpg,500c5f0916116d61c77870d1e335d66e,2
train,Demodicosis,../datasets/feed/train/Demodicosis/1-55-_png_jpg.rf.1212f2d172dcceb648b33500c685ae09.jpg,501054f85574dab6eef0e9dd45a75cfb,0
valid,Fungal Infections,../datasets/feed/valid/Fungal Infections/pic68_jpg.rf.6cbb0a04c0107b060612803e66a2ac9c.jpg,501325ff423cfd1d680c6cf49b91ab59,2
train,Fungal Infections,../datasets/feed/train/Fungal Infections/FUNGAL-INFECTION_058_jpg.rf.c0e93f64a910a432c7b626ff08339134.jpg,5017a44f0fa7e21f6268b384eba243c5,2
train,Dermatitis,../datasets/feed/train/Dermatitis/50_jpg.rf.cbbd73cfa95427ffe841766366fbd242.jpg,501b1cd33c3ab4b0b3bd6e59f62776ec,1
train,Ringworm,../datasets/feed/train/Ringworm/1000010696_x4_jpg.rf.9990e2d900a52ef720b3a913bebd2f4f.jpg,501f1df665a8cdbca28cc7e42278e772,5
train,Healthy,../datasets/feed/train/Healthy/dogs_168_jpg.rf.3fe33d8fce32191604cb2734aa8027dc.jpg,5029ba5b01ac66421043f2159663cc3f,3
train,Healthy,../datasets/feed/train/Healthy/dogs_105_jpg.rf.7ce081ef02d3e5f7fe521297c39cdec3.jpg,502a094ff9edb6773b345ff609334a58,3
valid,Dermatitis,../datasets/feed/valid/Dermatitis/May-is-allergy-awareness-month-here-at-The-Shot-Spot_00139_jpg.rf.6688747a7af963ce9e6e66ea954068de.jpg,503f220298af35698b6f050030a7cf1f,1
train,Ringworm,../datasets/feed/train/Ringworm/436704541_463761649559966_3525937843103121136_n_jpg.rf.decbc297e3391d0d32959a4831f2b04b.jpg,504180c52be3de84cf7187e545315831,5
train,Dermatitis,../datasets/feed/train/Dermatitis/May-is-allergy-awareness-month-here-at-The-Shot-Spot_00025_jpg.rf.4a83dfda564e01493d4ba637505cad5e.jpg,505710dab907a56158b798e22cff511b,1
valid,Demodicosis,../datasets/feed/valid/Demodicosis/2024-05-13-164346_1_jpg.rf.58381b5b89649da7fab353135dfbdb69.jpg,506590aaf77ae59c9aac792c3d2fe567,0
train,Dermatitis,../datasets/feed/train/Dermatitis/296327617_10223333354745759_96123069612573010_n_jpg.rf.fe5dc159782aa200feb2bddbf10e0075.jpg,506c0ad7a321de21a38946629fb3e47e,1
train,Dermatitis,../datasets/feed/train/Dermatitis/1000010701_x16_jpg.rf.a8326c084d80b2c572679d6229253c14.jpg,507639383bcb608291bb90f387e24f34,1
train,Hypersensitivity,../datasets/feed/train/Hypersensitivity/B9781416056638000070_f007-011-9781416056638_jpg.rf.1c3c018e4e7f07076f5087f0d6831c9e.jpg,507960a1f2cb32c41975718d4ec414dd,4
train,Demodicosis,../datasets/feed/train/Demodicosis/D123_png_jpg.rf.f052f7a24ae71f2f388c8e91a9ac5014.jpg,5089c72696cfa8a0c58b19027d78dfea,0
train,Ringworm,../datasets/feed/train/Ringworm/NEWR29_png_jpg.rf.4d744c06c81127250fd4132bece8d9ab.jpg,509ef99d87b21038d486af8547d05e7a,5
train,Fungal Infections,../datasets/feed/train/Fungal Infections/Fungal2_png_jpg.rf.ba023f2803036bc1f6dad5d00fd66423.jpg,50a55091522290b0c957fe372ac90af5,2
valid,Demodicosis,../datasets/feed/valid/Demodicosis/1-8-_png_jpg.rf.6a230bd945dbca9af5173007c2fdb2cc.jpg,50cd496190393bf4d3c4904cc51ec3ea,0
train,Ringworm,../datasets/feed/train/Ringworm/R48_png_jpg.rf.394156c86780821a3aa5bf13c6874523.jpg,50f9580cce5d7cd795a98a9a3d3fbf38,5
train,Demodicosis,../datasets/feed/train/Demodicosis/2024-05-13-133458_1_jpg.rf.af38feb7654d05863551ff20f875619b.jpg,511d40d690e8a473674687bec1e4daa0,0
train,Hypersensitivity,../datasets/feed/train/Hypersensitivity/1850_jpg.rf.72ded8342c5145f5abfca30c586669bf.jpg,511eba1e6091ab4971a2e8c3aa3c893f,4
valid,Dermatitis,../datasets/feed/valid/Dermatitis/Reply-to-don-t-let-your-dog-suffer-in-silence_00005_jpg.rf.511163d24819e3783d011c8453c62f52.jpg,5129207068bce9fb5bcf79888a722b03,1
train,Ringworm,../datasets/feed/train/Ringworm/R47_png_jpg.rf.ac5c72f741029cef49040616dea1e9f6.jpg,5143a78b93d49f88f4827e7586ef55f2,5
train,Dermatitis,../datasets/feed/train/Dermatitis/1000010628_x4_jpg.rf.7c46eafe895cf20860590f7bd3ab76f2.jpg,51480564db7730c0b50e49581ede296c,1
train,Demodicosis,../datasets/feed/train/Demodicosis/2024-05-13-162700_jpg.rf.81ec0273372db3295f09389a101c32ff.jpg,516553b91b08e1d31137fa36093f9d40,0
train,Ringworm,../datasets/feed/train/Ringworm/80b5eb_799a7e6d4c1444318ee3e4280_jpg.rf.3d44c2824b829a41312b8484fc7af2fc.jpg,5168deb0d16fcd4f983e506351d4a548,5
train,Fungal Infections,../datasets/feed/train/Fungal Infections/Fungal_Image_2_jpg.rf.ea0de73de8b8e2b3c7d013201a07b683.jpg,51888e4a1cf990dd78ebc50ad96a148d,2
train,Ringworm,../datasets/feed/train/Ringworm/ringworm-138-_jpg.rf.7f732e7e273f7249f225dd605d74b1c0.jpg,518c0f56d1c93fd266148b2bf8f9f19c,5
train,Demodicosis,../datasets/feed/train/Demodicosis/2024-05-13-134258_3_jpg.rf.c11d874105b3e5907f62c8734a8a4861.jpg,51908df17a432032749f31254ed7ada2,0
train,Dermatitis,../datasets/feed/train/Dermatitis/1000010628_x4_jpg.rf.596e109522f4ff677d53fdbe1b9e0df1.jpg,519e51bff52f299f85e64b2ed08a7cf9,1
train,Dermatitis,../datasets/feed/train/Dermatitis/HOT-SPOT-IN-DOG-HOW-vet-treated-symptom-prevention_-flea-bite-moist-eczema_dog-itching-000481_png_jpg.rf.0a7306d93decdcac74a36c39c54dd32f.jpg,51b2462cebe5534c5b5122fd6d6d0fe1,1
train,Healthy,../datasets/feed/train/Healthy/Image_9_jpg.rf.823ea8c986a5eead0c4c4d0a74159fe7.jpg,51d5f3a887a5dc9372aa09d300c8602b,3
train,Dermatitis,../datasets/feed/train/Dermatitis/HOT-SPOT-IN-DOG-HOW-vet-treated-symptom-prevention_-flea-bite-moist-eczema_dog-itching-000503_png_jpg.rf.000cf030fad1bfecf6b5fb806942fbac.jpg,51da7b5b7576c408269e99509427cbc8,1
train,Dermatitis,../datasets/feed/train/Dermatitis/296327617_10223333354745759_96123069612573010_n_jpg.rf.f94df9b5c124e31582ed0714db451afe.jpg,522a7f1012fabd20a402014a82e65b1c,1
train,Healthy,../datasets/feed/train/Healthy/HEALTHY_033_jpg.rf.5fb92eb13edcb8ed8e841b50598fb521.jpg,522a8b5f0fa8306c1cd65ddb928ad5ec,3
valid,Ringworm,../datasets/feed/valid/Ringworm/R30_png_jpg.rf.cd40b5c0464f59246fd0e4583aace38a.jpg,522ac2d02153093767188c727e44466b,5
train,Dermatitis,../datasets/feed/train/Dermatitis/Hot-Spot-on-_Chance_-How-to-treat-a-dog-that-you-can_t-touch_-000620_png_jpg.rf.151669fc860eb0c5d95966d52644b6a4.jpg,522d3882af31f066c68f3d92fb2d1dc0,1
train,Ringworm,../datasets/feed/train/Ringworm/WIN_20240514_17_33_18_Pro_jpg.rf.89df12579e20481034c154b856399804.jpg,522e9ac6989a3bd6ca74bdc5cb9520ae,5
train,Dermatitis,../datasets/feed/train/Dermatitis/May-is-allergy-awareness-month-here-at-The-Shot-Spot_00019_jpg.rf.2f436a4a8c842e870ab2621cc3a8d8b2.jpg,523e3a71df95c8958c11c936b5ae50e3,1
train,Healthy,../datasets/feed/train/Healthy/094_jpg.rf.91220fbabb151fb08904f793ec3d42e0.jpg,52604de42d3a017d5fafce04345744dc,3
train,Ringworm,../datasets/feed/train/Ringworm/WIN_20240514_17_38_10_Pro_jpg.rf.dc779c1b4c8e433cf4c02e20f748980f.jpg,52691493fd55066ed61ae42009cf1034,5
train,Demodicosis,../datasets/feed/train/Demodicosis/IMG_5223_jpeg_jpg.rf.a72c06b79b31d3f26fec8ff70776f7a8.jpg,526ae6c14dc48ed5b3a0173673edee4f,0
train,Healthy,../datasets/feed/train/Healthy/HEALTHY_010_jpg.rf.f406420133aaaa70bd566ce97afcc6c4.jpg,5275d74f3c47fb7ee581b6ab6147ff9b,3
train,Fungal Infections,../datasets/feed/train/Fungal Infections/1161_jpg.rf.34b3de638a3fa8170850a3b471dcacdb.jpg,528746ecd74348d452b0569796cf84bf,2
train,Dermatitis,../datasets/feed/train/Dermatitis/HOT-SPOT-IN-DOG-HOW-vet-treated-symptom-prevention_-flea-bite-moist-eczema_dog-itching-000496_png_jpg.rf.f50b35295e66899621f1dc97d0a8912a.jpg,52acbc65d8e8244c596dcda204d78c8c,1
train,Fungal Infections,../datasets/feed/train/Fungal Infections/pic57_jpg.rf.f424fda9c7d3cafb40a2404fc7a48912.jpg,52c8de96c4663f777a2200553080a88e,2
train,Fungal Infections,../datasets/feed/train/Fungal Infections/pic84_jpg.rf.039fe2d258d5309c1310e2008fafd487.jpg,52cf408c2498b8d3cc0f26c544d0fea9,2
train,Dermatitis,../datasets/feed/train/Dermatitis/HOT-SPOT-IN-DOG-HOW-vet-treated-symptom-prevention_-flea-bite-moist-eczema_dog-itching-000360_png_jpg.rf.d956794fb6fc5bb6ba28d63d5847303b.jpg,52d14c2d55c811cab017c75b497834e4,1
train,Healthy,../datasets/feed/train/Healthy/HEALTHY_005_jpg.rf.291f8cd8481e8d9ac40e6378120a3af3.jpg,52e784810c99fa77f2bd4de744b53aeb,3
train,Fungal Infections,../datasets/feed/train/Fungal Infections/Fungal_Image_2_jpg.rf.a644ed0eed98c32ef69b6ebae8fc7b18.jpg,53114b55b54db5d3f546b1890886e98c,2
train,Hypersensitivity,../datasets/feed/train/Hypersensitivity/1080_jpg.rf.33cc07fbba386dddb86514ca1f540c8e.jpg,5319a9c3a9b91a438f711f89d68209e6,4
train,Demodicosis,../datasets/feed/train/Demodicosis/IMG_5176_jpeg_jpg.rf.e69fcb6a918c65697305d7a3b70f7554.jpg,534b6a6162a073dbf19ef186b873ecd2,0
valid,Demodicosis,../datasets/feed/valid/Demodicosis/1-71-_png_jpg.rf.ace6d6b4f198036cb817844ff0d519d1.jpg,534b9afe787f7bcef4dee6f8b914735d,0
train,Dermatitis,../datasets/feed/train/Dermatitis/Dog-hot-spot_jpg.rf.853abee384f22906394c59e4717a4f52.jpg,5377a49970beb41844675b577dbcc132,1
train,Ringworm,../datasets/feed/train/Ringworm/NEWR5_jpeg_jpg.rf.c4ed5059bc47d3d4a89c462878192197.jpg,538b3ef4bbe50bd173ce3133cdfa30d8,5
train,Ringworm,../datasets/feed/train/Ringworm/R4_png_jpg.rf.33c6392ff116ec1a3232a60ddd6068a2.jpg,5393281861d51eb5145bbbb066ba341a,5
train,Ringworm,../datasets/feed/train/Ringworm/R59_png_jpg.rf.c8ca579acb1ea56263be85396e1e99b6.jpg,5399f8c2078a3f26d92e4a33f0ec9b98,5
train,Hypersensitivity,../datasets/feed/train/Hypersensitivity/Hypersensitivity2_png_jpg.rf.78d6979bd66e637689e74d8eaedea204.jpg,53b0576d0b6d33734319629b49d1992e,4
train,Demodicosis,../datasets/feed/train/Demodicosis/scabies_124_png_jpg.rf.753e6f508aeca1ecd41fd0a002035dac.jpg,53bb8b1a64f588591e2056a85faa4da5,0
valid,Dermatitis,../datasets/feed/valid/Dermatitis/bac1_jpg.rf.8e473e5ff2ea2309a2ffcefc53a4beac.jpg,53c80389819defe3ce36f134026be237,1
valid,Dermatitis,../datasets/feed/valid/Dermatitis/1000010653_x16_jpg.rf.a57bd714474a46cafee5b63fea36b303.jpg,53dba257f2db23ff9100c34a0d87d8a2,1
valid,Demodicosis,../datasets/feed/valid/Demodicosis/scabies_135_png_jpg.rf.c4d3cffdeebafa9b3933c17e6dbcbcb8.jpg,53f2aa02e3ede621ebcb3cead3b3855a,0
train,Ringworm,../datasets/feed/train/Ringworm/1000010541_x16_jpg.rf.b239762195313e4cf4c0dca09f98f659.jpg,540162ddec37397e4848e577ff97ca14,5
train,Dermatitis,../datasets/feed/train/Dermatitis/OIP-20-_x4_jpg.rf.c4d5acf30063e1b9e15170469ee14d63.jpg,5403326af61d36f644f13c0c183ceffd,1
valid,Dermatitis,../datasets/feed/valid/Dermatitis/HOT-SPOT-IN-DOG-HOW-vet-treated-symptom-prevention_-flea-bite-moist-eczema_dog-itching-000495_png_jpg.rf.56f5a980f28c61778df4c82769050964.jpg,541f0af6ecedabb40d7be23f9e30d73d,1
train,Healthy,../datasets/feed/train/Healthy/dogs_147_jpg.rf.520bb4bfbdcdcf1c8313535fe93a5535.jpg,542a7778074de4b29d3f740e7c2f8c57,3
train,Demodicosis,../datasets/feed/train/Demodicosis/2024-05-13-162235_jpg.rf.21b2bac0061e97c0197a975c65bb8029.jpg,5432c04713bc3b48d096f7766b9e0c97,0
train,Hypersensitivity,../datasets/feed/train/Hypersensitivity/hs2_jpg.rf.349061971ac4b49022c1b6b71e68f77d.jpg,5432d95e10be02ae2cecb966322bd26f,4
train,Fungal Infections,../datasets/feed/train/Fungal Infections/FUNGAL-INFECTION_015_jpg.rf.fab286aa22bfdc51b6237f0950abc644.jpg,544479c7fb38d7e280aa6753043057e3,2
valid,Demodicosis,../datasets/feed/valid/Demodicosis/IMG_5147_jpeg_jpg.rf.9afb63d431fd40969017f7cb19e8f1e2.jpg,54453f72009188c7ea377ce76f389bf8,0
valid,Ringworm,../datasets/feed/valid/Ringworm/NEWR53_jpeg_jpg.rf.0a8759aba977fc8fc44df4e9bd9cab30.jpg,5449a25b19435834a28f1a234d7a5637,5
train,Hypersensitivity,../datasets/feed/train/Hypersensitivity/20_jpg.rf.8014623676a4f47d87852a6e875a2d8f.jpg,544da0292341b6ceb3d4cb80f2063bbc,4
train,Healthy,../datasets/feed/train/Healthy/pic19_jpg.rf.1b33cc506aada56b69d650d45ffa4dcc.jpg,544df0056e5d53cf58e5a81071e0677f,3
train,Healthy,../datasets/feed/train/Healthy/636_jpg.rf.8c5053ff6ff61c7ef9d3bd3e41d9b33c.jpg,5473c624b9025c833c68db700fc5282a,3
train,Ringworm,../datasets/feed/train/Ringworm/NEWR30_png_jpg.rf.526c72337fe647fdc6ac834491aa3593.jpg,548d98afe3f693769cfcbee0aeef4277,5
valid,Ringworm,../datasets/feed/valid/Ringworm/ringworm-61-_jpg.rf.3ebd99ec3d6efc5caa2698100925ae01.jpg,5498e7e58ea8253e60ab48f845fe2b46,5
train,Ringworm,../datasets/feed/train/Ringworm/1000010655_x16_jpg.rf.412e1b7f560d2516108e5acf26585055.jpg,549eb40fb16c50ab96ff198d92e8577e,5
valid,Ringworm,../datasets/feed/valid/Ringworm/ringworm-95-_jpg.rf.ec216cafc1ad1abb821384b9b6b8e293.jpg,54a62f04ce10eaf47bac1394a88d1aae,5
train,Ringworm,../datasets/feed/train/Ringworm/ringworm-63-_jpg.rf.f0cb8d31eb5d3bb34c780ec3c9181602.jpg,54a81da0fb8bd24d250c20251ee54117,5
train,Fungal Infections,../datasets/feed/train/Fungal Infections/Fungal3_png_jpg.rf.1cee1a4d4163b142709f6690ff65f57b.jpg,54b7765ab189d65e82db75baeb926422,2
train,Demodicosis,../datasets/feed/train/Demodicosis/2024-05-13-163749_jpg.rf.a6e846283a1486e3c663bca4d2657a48.jpg,54b81c8f05c96c6cb758a20be8fa949a,0
train,Demodicosis,../datasets/feed/train/Demodicosis/2024-05-13-155521_2_jpg.rf.b8ed2ae2fc9eeda313bd9f388ef5c312.jpg,54c608aecadb40a4ef6dabdc12a72aa5,0
train,Demodicosis,../datasets/feed/train/Demodicosis/2024-05-13-161803_jpg.rf.6e4b885208eb2a5ac537538d89b6f937.jpg,54e4c10742745bf43e223c1a289efcc3,0
train,Ringworm,../datasets/feed/train/Ringworm/436636046_360111827071591_750719804675544335_n_jpg.rf.13f5f5363ca74fbeb4fd803a148a200d.jpg,54ea36d8dcd5dd0dd592efe43fbeae9c,5
valid,Dermatitis,../datasets/feed/valid/Dermatitis/May-is-allergy-awareness-month-here-at-The-Shot-Spot_00133_jpg.rf.81edc21535fdf3669123d67aa1227dc4.jpg,555872fb899ce7aa94d43ccb0e7336a6,1
train,Ringworm,../datasets/feed/train/Ringworm/R9_png_jpg.rf.6066d351a96d89907170bc38e867861c.jpg,5559bd43c6bcc10142b3958cf1cfee82,5
train,Hypersensitivity,../datasets/feed/train/Hypersensitivity/Hypersensitivity_2_jpg.rf.03eba3e57dd2275a3aab2248ff7cf25f.jpg,56009392cd90b1d1d6afcfcdb852b9a7,4
train,Dermatitis,../datasets/feed/train/Dermatitis/1000010701_x16_jpg.rf.ef07a7770a2902ee591f2ed15822376e.jpg,5616324f59dcd5e48c6807cf1471f290,1
train,Demodicosis,../datasets/feed/train/Demodicosis/2024-05-13-163942_jpg.rf.b1ec4166dce4b2cacbbc583599dc2bbf.jpg,561abf3dec743eaecc27477c1045cbf1,0
train,Fungal Infections,../datasets/feed/train/Fungal Infections/FUNGAL-INFECTION_011_jpg.rf.ab987a16deee5f036759edf5918d1405.jpg,5631795252cc81727e9726d5b2a2c177,2
train,Ringworm,../datasets/feed/train/Ringworm/R33_png_jpg.rf.bc60cbd6a62bd9c7ed12df037d4f3b7b.jpg,5632b0354250a7c932b3dfb7b229ae68,5
valid,Demodicosis,../datasets/feed/valid/Demodicosis/2024-05-13-161905_jpg.rf.9e9593a17f5b7321fee2252d257036b7.jpg,56365d61e1e4d3133ab30c5c29fe9465,0
train,Fungal Infections,../datasets/feed/train/Fungal Infections/pic2_jpg.rf.6f40f875e9582138f997eabdef20b423.jpg,56375c7581277ed506b164b4fa3a32d8,2
train,Healthy,../datasets/feed/train/Healthy/HEALTHY_019_jpg.rf.549b6b055839a650618afc821a235202.jpg,564063062b7ba2f02d99a438cc8bfbc2,3
train,Fungal Infections,../datasets/feed/train/Fungal Infections/pic29_jpg.rf.c0ac9a1518ed0cbc04af74af519d4b9c.jpg,564fe338c69ae6a96692ff2a38c08a44,2
train,Ringworm,../datasets/feed/train/Ringworm/R54_png_jpg.rf.120e789c217da15c01231af172d97e8d.jpg,566a53d9761f17ee45f71f131cfc0ae8,5
train,Demodicosis,../datasets/feed/train/Demodicosis/P15_png_jpg.rf.bb33f95ede093e1766256243578f893a.jpg,566b4859167dbdea9ee9ff46c5d7d3b0,0
valid,Healthy,../datasets/feed/valid/Healthy/dogs_046_jpg.rf.1652d696f49319457443f2adade1eb7a.jpg,566ba9dd9eefb68db990315e1e0f2c39,3
train,Demodicosis,../datasets/feed/train/Demodicosis/2024-05-13-163942_jpg.rf.73e216a5ebcd1b07ebcb1a84d04996e6.jpg,566dddd3ebd7e219c2ac1217966f721f,0
train,Demodicosis,../datasets/feed/train/Demodicosis/IMG_5244_jpeg_jpg.rf.fc09ec285fa36a339363a25520f5f614.jpg,566ee7f3c384c9f262727bcab8b36e79,0
train,Demodicosis,../datasets/feed/train/Demodicosis/1-39-_png_jpg.rf.2b4f2a69db8d1a6b317425862f36eaf9.jpg,5672938f41dc777ad9769b0eadd3b21e,0
valid,Healthy,../datasets/feed/valid/Healthy/HEALTHY_023_jpg.rf.1b4b9d3b08cf2d663444ed1dd0f17525.jpg,56755d98e80e212bbb145c91fbbe164a,3
train,Demodicosis,../datasets/feed/train/Demodicosis/IMG_5175_jpeg_jpg.rf.cae3da06f8ac19d855455312efe67dbe.jpg,567d6ba1b76903930bfd6a977a47b63f,0
train,Healthy,../datasets/feed/train/Healthy/dogs_163_jpg.rf.5a7289eef15aca3a418fea935a3c607a.jpg,567dacac8b8f67de467f43fb450308bf,3
train,Ringworm,../datasets/feed/train/Ringworm/ringworm-134-_jpg.rf.7f372f7497a8c33d0eb7c264a1f4a07f.jpg,5691bdb48cbd99aa3638909929aac2c7,5
train,Demodicosis,../datasets/feed/train/Demodicosis/P18_png_jpg.rf.978c767f22d311dfed02ed80fe41639b.jpg,5693038763ace77071ee9714b8acd70e,0
train,Ringworm,../datasets/feed/train/Ringworm/ringworm-113-_jpg.rf.cbf6a4cd0cdaa4b1ee4c0052b1e72ca6.jpg,56a96c02c40935936cf24b3866d6d361,5
train,Hypersensitivity,../datasets/feed/train/Hypersensitivity/B9781416056638000070_f007-019-9781416056638_jpg.rf.8e2b1d2ada23611bfa0539ae61c65007.jpg,56ab14bc5499e216045bad73b1293105,4
train,Hypersensitivity,../datasets/feed/train/Hypersensitivity/Hypersensitivity5_png_jpg.rf.bb15e93c1c3fb6f775e37977eb636ea3.jpg,56b5d10cd17eaa24636338cf07a0ed5c,4
valid,Hypersensitivity,../datasets/feed/valid/Hypersensitivity/B9781416056638000070_f007-036-9781416056638_jpg.rf.e482fc439f53b3f5f59ce107a38d66fc.jpg,56d29b8f164b6cd24f571329a4342738,4
train,Healthy,../datasets/feed/train/Healthy/Image_2_jpg.rf.e271a17a19e12b08cf205022ddac625d.jpg,56d5f85dbd8bb856837265be3aeaedaa,3
valid,Demodicosis,../datasets/feed/valid/Demodicosis/IMG_5185_jpeg_jpg.rf.bee7df0634c7cfac003030d45ca64277.jpg,56f55710a7e69c2ee568fa83a4f90976,0
train,Healthy,../datasets/feed/train/Healthy/HEALTHY_051_jpg.rf.89fbc7373aaefed89efbc56da30ad74c.jpg,570054e959364554571bf8a1487291af,3
train,Fungal Infections,../datasets/feed/train/Fungal Infections/pic30_jpg.rf.3e362fb06c5a9a4575faea8618810f60.jpg,571133c288475a4a0754adb28e7dc570,2
train,Ringworm,../datasets/feed/train/Ringworm/ringworm-141-_jpg.rf.27cc390453a97891cbcc99d71f734acf.jpg,573412379501d4b8a99079aff42d0288,5
train,Healthy,../datasets/feed/train/Healthy/HEALTHY_040_jpg.rf.8d26bb63e8d39cdca3e199b2d945cab0.jpg,5738d835ad5674d735dc8714cea89ac2,3
train,Demodicosis,../datasets/feed/train/Demodicosis/scabies_132_png_jpg.rf.1b7352217e5ef3217d7f7e981a8facc7.jpg,5738e0f4c33bb6f99a518bd10cf60ded,0
train,Fungal Infections,../datasets/feed/train/Fungal Infections/FUNGAL-INFECTION_070_jpg.rf.bf2405fd870a58facdbf4f192e7e0f26.jpg,573af9d9474af4296702b9393bc934d8,2
valid,Healthy,../datasets/feed/valid/Healthy/dogs_014_jpg.rf.2119c262b15b2264727357124b118439.jpg,573cc6b7f1981544c743585238057544,3
train,Ringworm,../datasets/feed/train/Ringworm/ringworm-49-_jpg.rf.542c5fdf76cfc080e48e7db77e211959.jpg,5757c0defb1de75317810b14b8d6d44b,5
valid,Dermatitis,../datasets/feed/valid/Dermatitis/hotspot-49-_jpg.rf.7432104c5b2c2c65cae666e749c4173c.jpg,576531f30d3726bd5fbd66ef860d7630,1
train,Ringworm,../datasets/feed/train/Ringworm/R6_png_jpg.rf.98c57725d5a50fc10486602a6e5f3222.jpg,5768d202f856caadda3cc47b4f19786a,5
train,Ringworm,../datasets/feed/train/Ringworm/436859036_407429032244109_5180510937797219633_n_jpg.rf.3848a62653f2f49778d13931e485b4fe.jpg,576bb738f2b4a543fe0963b10b8a5c33,5
train,Ringworm,../datasets/feed/train/Ringworm/ringworm-89-_jpg.rf.3f89acca36ada59cb31ea57b577f0eab.jpg,576bf90b10a9a4b13288af8495c700fb,5
train,Ringworm,../datasets/feed/train/Ringworm/WIN_20240514_17_43_19_Pro_jpg.rf.b122d9c3861288744d84a3baf9bf0de8.jpg,5772f91ab189554629c14a038f22d0a2,5
train,Fungal Infections,../datasets/feed/train/Fungal Infections/fungal2_jpg.rf.041b37fccda2a88b88ad54ba17435c08.jpg,577672606868cdc47d1cf6d3a62ee0c9,2
train,Ringworm,../datasets/feed/train/Ringworm/WIN_20240514_17_34_06_Pro_jpg.rf.c424e8f72a71b8e5f9861f44a25f3ee9.jpg,5784c17e19ed14f77e22c868ad935b2c,5
train,Fungal Infections,../datasets/feed/train/Fungal Infections/pic52_jpg.rf.2369a2b412ba9f68fdf76b9af03e1974.jpg,578ab9795208df694e784b92c40d13f0,2
train,Healthy,../datasets/feed/train/Healthy/666_jpg.rf.a57296a4c12c4b0ce2403d5e9a2caa3c.jpg,5794bab941dd51e904e8ceb33f9157b1,3
train,Hypersensitivity,../datasets/feed/train/Hypersensitivity/1337_jpg.rf.8c653e23ffa15dcd7d3e5e8d35b1920c.jpg,57aec9c0d579fa21caa72b2eb333a6a5,4
train,Fungal Infections,../datasets/feed/train/Fungal Infections/1328_jpg.rf.8f1e6161da34c81a24f61d5110be32b8.jpg,57cc251b8ba2efa364a0b71a27116824,2
train,Hypersensitivity,../datasets/feed/train/Hypersensitivity/1850_jpg.rf.c535cec1cec2b05a621e6a6fbde8e408.jpg,57e77e67118fdedc28cb9e21408a94be,4
train,Demodicosis,../datasets/feed/train/Demodicosis/IMG_5218_jpeg_jpg.rf.6062cecbbddd75ffbc949065b4f81c03.jpg,57f06d13c622a8c683a6f15abd72fdba,0
train,Ringworm,../datasets/feed/train/Ringworm/ringworm-64-_jpg.rf.a5fae9c0e9edd26030694ee875e083b4.jpg,5826db805b0c2a49909c247d0c941773,5
train,Hypersensitivity,../datasets/feed/train/Hypersensitivity/B9781416056638000070_f007-020-9781416056638_jpg.rf.ead4d6fceb9ca2a6757761ca28d27a1d.jpg,58464f1d843431c08db7a1e633bb1109,4
train,Fungal Infections,../datasets/feed/train/Fungal Infections/fung4_jpg.rf.c54a139059dbe179b34884c9b2568982.jpg,585a6551e679561abf4e542beca8d078,2
train,Healthy,../datasets/feed/train/Healthy/HEALTHY_053_jpg.rf.d80483943bf526ccd01f3bc32ee49396.jpg,58624be08ae1bdcf19d9d730d6f9aa49,3
train,Ringworm,../datasets/feed/train/Ringworm/ringworm-61-_jpg.rf.99cc25d26c71830dc14bc2763d7d3072.jpg,5864cc3a06b99d66bef14334ee1b3fe7,5
train,Demodicosis,../datasets/feed/train/Demodicosis/1-47-_png_jpg.rf.a2bd1f9075451b8153462aae5da460d7.jpg,58797bef9a0d4740932111d4af3ea091,0
train,Dermatitis,../datasets/feed/train/Dermatitis/1000010597_x4_jpg.rf.e9ccc64314fe4b9fcb186f4d04167b9a.jpg,588b9c0cdb849075d7138b57d511709e,1
train,Dermatitis,../datasets/feed/train/Dermatitis/May-is-allergy-awareness-month-here-at-The-Shot-Spot_00121_jpg.rf.7966092e577a15b193a748ffe11bd5de.jpg,58af50965a035ea9349187325092c3a4,1
train,Dermatitis,../datasets/feed/train/Dermatitis/hot-spot-dog-paw-sh_1862261590_jpg.rf.3b336ccd707ca16360a64dd88304456f.jpg,58b4915cded6a79df49930915064e020,1
train,Ringworm,../datasets/feed/train/Ringworm/R11_png_jpg.rf.e9ca8cc32094f1ca11c1a9d94d956ff4.jpg,58bd62f4af3d70e4d687fcbc7ef010ad,5
train,Healthy,../datasets/feed/train/Healthy/dogs_141_jpg.rf.32e9278189250480210fa6faacca0ec0.jpg,58c0631b1198d4ed104545df0482bb6a,3
valid,Fungal Infections,../datasets/feed/valid/Fungal Infections/1147_jpg.rf.13beef8307c6d4fe97428d62c4d75dd5.jpg,58f71a191678cad5ac7eefb0264cc062,2
train,Healthy,../datasets/feed/train/Healthy/009_jpg.rf.1fd488f91d5c31fe42c60a0d377563aa.jpg,592157195b5ee2b2bd62631b8c85adf7,3
train,Ringworm,../datasets/feed/train/Ringworm/WIN_20240514_17_41_00_Pro_jpg.rf.9b18063d219a938260be1c5f5f929419.jpg,592cb587bcf80ef9f26f32c18a2cbb01,5
valid,Dermatitis,../datasets/feed/valid/Dermatitis/OIP-3-_x16_jpg.rf.ea7c039fc165c35b21cd2361155442d6.jpg,59391e9ee725ad8dc5b789d9533c73e9,1
valid,Dermatitis,../datasets/feed/valid/Dermatitis/1000010516_x16_jpg.rf.957c619749cee2f8d50664286dfbc64b.jpg,594b7a5157e691e6ccf84057b7616bff,1
valid,Healthy,../datasets/feed/valid/Healthy/HEALTHY_041_jpg.rf.57bb5b12d5cc5559268c608bf1d62c87.jpg,59a7e72dfee457b6da9684d388c0ea5d,3
train,Dermatitis,../datasets/feed/train/Dermatitis/May-is-allergy-awareness-month-here-at-The-Shot-Spot_00070_jpg.rf.111d7e61755aee69bd880b814fd666bb.jpg,59b4c188b63de66c5951c0a4fc6a4ab7,1
train,Ringworm,../datasets/feed/train/Ringworm/Day-1-of-ringworm-treatment_00211_jpg.rf.a49edf4c25b6d07e071ecf5c47310b49.jpg,59bc17de91549dfb643cd32db4255fd7,5
train,Healthy,../datasets/feed/train/Healthy/dogs_046_jpg.rf.5c33c5678cdc567792cec8fb03c935a3.jpg,59c2716438ac3fe06f7f5e88184accae,3
valid,Ringworm,../datasets/feed/valid/Ringworm/436640642_811487460836132_6485568501349186497_n_jpg.rf.8e2a732c9401c46b04f52c51ce3a22ce.jpg,59c771864488238fc4d75322cfc949e6,5
train,Fungal Infections,../datasets/feed/train/Fungal Infections/fung5_jpg.rf.b537b24af192966d93cbc3b6e9fa4e2b.jpg,59ed3210d4e47392c1bce511768fb23b,2
train,Demodicosis,../datasets/feed/train/Demodicosis/scabies_115_png_jpg.rf.5a781a28d9fa72cee73e6092adc862b0.jpg,59ef8520ee8ce4d43f72dd40ccf9c411,0
train,Dermatitis,../datasets/feed/train/Dermatitis/HOT-SPOT-IN-DOG-HOW-vet-treated-symptom-prevention_-flea-bite-moist-eczema_dog-itching-000152_png_jpg.rf.4bf4d3bd26d9a845f78caff7b1be2d59.jpg,5a2950c010da177c9fe68941e2fd1226,1
valid,Dermatitis,../datasets/feed/valid/Dermatitis/hotspot-100-_jpg.rf.2d729d5ffef647658dd940ad649a7703.jpg,5a36741d0f15e513094e70c4026f441e,1
train,Hypersensitivity,../datasets/feed/train/Hypersensitivity/B9781416056638000070_f007-038-9781416056638_jpg.rf.d1f3813f7f317bf407895aabeb5c4a04.jpg,5a8fc411d03872fbea863dcb2e0c2eea,4
train,Healthy,../datasets/feed/train/Healthy/018_jpg.rf.84897d9718862888046180a957575c38.jpg,5a9b2adad6bec080dc404ab52c379dc6,3
train,Hypersensitivity,../datasets/feed/train/Hypersensitivity/B9781416056638000070_f007-025-9781416056638_jpg.rf.b7e8807d2a01e391b421438d7b93f261.jpg,5aa9dcdc661434bcfbfab6a8a496552c,4
train,Ringworm,../datasets/feed/train/Ringworm/ringworm-102-_jpg.rf.832c6fac54b4b90a6c10713b6f9a5ebc.jpg,5aec27592fa9621b47690b908ba61b7c,5
valid,Fungal Infections,../datasets/feed/valid/Fungal Infections/pic12_jpg.rf.eae3b5a8dd1bd2eafd35d01c514b2b59.jpg,5b1622505a568f91a1cd53c60a301152,2
train,Fungal Infections,../datasets/feed/train/Fungal Infections/FUNGAL-INFECTION_025_jpg.rf.b79b2e86f60dfb822c8239a0f8d9e69b.jpg,5b2b3f73073b182b88d28f7a12baa2ce,2
train,Ringworm,../datasets/feed/train/Ringworm/WIN_20240514_17_31_24_Pro_jpg.rf.d6a5bc34f31702f185c1e4d813d4c55c.jpg,5b338447e09b81391a6e706f09d95d2e,5
train,Ringworm,../datasets/feed/train/Ringworm/ringworm-109-_jpg.rf.7e5b73d3e7c6e3bde3ab5615e15a5757.jpg,5b4c5034d93c6c27a4d649eb54da2ba0,5
train,Demodicosis,../datasets/feed/train/Demodicosis/scabies_133_png_jpg.rf.bdc9e3afe3b41e23b1e5cacebdd1fd57.jpg,5b575a965e8c872bb4b0f67faeb4b412,0
valid,Dermatitis,../datasets/feed/valid/Dermatitis/HOT-SPOT-IN-DOG-HOW-vet-treated-symptom-prevention_-flea-bite-moist-eczema_dog-itching-000150_png_jpg.rf.393c2d4d6ca282cad3ce9fe4a3ce6160.jpg,5b79bda931978c84a17f0760d0784429,1
valid,Demodicosis,../datasets/feed/valid/Demodicosis/scabies_130_png_jpg.rf.e185df8ce3df1534f46ea37bb0475762.jpg,5b7b2fa30ceb102195cc9ef62840699f,0
valid,Healthy,../datasets/feed/valid/Healthy/HEALTHY_014_jpg.rf.dcd40805b369e00b063c664b0dc97650.jpg,5b851da7f7444fd8bcc29202a2c79203,3
valid,Dermatitis,../datasets/feed/valid/Dermatitis/HOT-SPOT-IN-DOG-HOW-vet-treated-symptom-prevention_-flea-bite-moist-eczema_dog-itching-000504_png_jpg.rf.40fd475c03dd89bbaf46f29d51a48348.jpg,5ba3a72bd7d0108bd4dafe04356242b6,1
train,Ringworm,../datasets/feed/train/Ringworm/R8_png_jpg.rf.6f9e0e1d209e049698303d25f00f0a7f.jpg,5ba9925b25c06994d7bf1aeb1565ca6a,5
train,Ringworm,../datasets/feed/train/Ringworm/1000011983_x4_jpg.rf.1cd323fca81036e5fb19003e2f053856.jpg,5bc715f65cb5024efe50484095ccb475,5
train,Demodicosis,../datasets/feed/train/Demodicosis/IMG_5214_jpeg_jpg.rf.374f6284abcf54b8985661a02909f9a7.jpg,5bce3b24c546130f5942be06fae80b0d,0
valid,Ringworm,../datasets/feed/valid/Ringworm/ringworm-73-_jpg.rf.e208e93049b065e1e2d4fbb8c715c387.jpg,5bda7582b8f4f026838ba3c5339de051,5
train,Ringworm,../datasets/feed/train/Ringworm/WIN_20240514_17_28_21_Pro_jpg.rf.b2dba78403ef990604177e8f6df87eda.jpg,5be61deace8e5f40951f3775f6ea5caa,5
train,Demodicosis,../datasets/feed/train/Demodicosis/P36_png_jpg.rf.f7ea93ff37ff2d6d2f79a0c403f61d89.jpg,5bf74f565eb04783b7d4770f215c61e6,0
train,Demodicosis,../datasets/feed/train/Demodicosis/P23_png_jpg.rf.71950497d002e373883b0d16a4e5a00a.jpg,5c01c9b680e37e543c7357c0419e3309,0
train,Healthy,../datasets/feed/train/Healthy/HEALTHY_011_jpg.rf.d046d1850b7b73ce886f2cb971bb8290.jpg,5c09ac8d5137cb7e8a7d3cdd329f8e9b,3
train,Healthy,../datasets/feed/train/Healthy/dogs_011_jpg.rf.88489bba0d3278a75407196007ffc62f.jpg,5c1269143ddff3f45bba00db30528a34,3
train,Healthy,../datasets/feed/train/Healthy/HEALTHY_040_jpg.rf.61f4aa1743b98418ac7dfa1af072deeb.jpg,5c182a0139de9359a67ba926d169ac38,3
train,Healthy,../datasets/feed/train/Healthy/dogs_053_jpg.rf.750a008ca0417acfb65e8f2dfdec4672.jpg,5c1d547248365ff3e40aa4099cc2a521,3
train,Healthy,../datasets/feed/train/Healthy/dogs_082_jpg.rf.2641e9074ab43dae48bb90dad3ecc58d.jpg,5c23b0b03841c75e4a8c45c1eeba3c79,3
train,Hypersensitivity,../datasets/feed/train/Hypersensitivity/Hypersensitivity_image_4_jpg.rf.dc4ad1d02d1770dbe05a0f71dfa0659d.jpg,5c3007266e0b186418f10c1891dc7789,4
valid,Demodicosis,../datasets/feed/valid/Demodicosis/2024-05-13-162303_jpg.rf.f52a67fcc58fd3c0e1a4ae8ff6d27f18.jpg,5c347896a0f645cfaeebfc9bea81edbf,0
valid,Dermatitis,../datasets/feed/valid/Dermatitis/HOT-SPOT-IN-DOG-HOW-vet-treated-symptom-prevention_-flea-bite-moist-eczema_dog-itching-000355_png_jpg.rf.4f8d1b90c83a3bea1629c5cbc065ac14.jpg,5c7e3be4e2311f8350fe73646e56d54d,1
valid,Ringworm,../datasets/feed/valid/Ringworm/NEWR24_png_jpg.rf.2dd8b324ef96d5f63d1a271d20541539.jpg,5c8596303d5ad6aee08063844251d62b,5
train,Fungal Infections,../datasets/feed/train/Fungal Infections/fung2_jpg.rf.c1fc13dbd93d023712326f86932ebfc6.jpg,5c8b5160ee903af2df09a4c4e6c4056a,2
train,Ringworm,../datasets/feed/train/Ringworm/R22_png_jpg.rf.a56f5cab0715d88226106598f769575d.jpg,5c8ca4fb66744c5a784cdd91d79789c4,5
valid,Fungal Infections,../datasets/feed/valid/Fungal Infections/Fungal2_png_jpg.rf.cd5f6a944db616d2cd9932729148b409.jpg,5c8dabc800ab73ec5d82b1c31eb6cbf3,2
train,Fungal Infections,../datasets/feed/train/Fungal Infections/pic78_jpg.rf.3504ef4877dc221f23bc4a8177747a8b.jpg,5cc317c20d3cb96debd639bcb97c012e,2
train,Healthy,../datasets/feed/train/Healthy/0094_jpg.rf.7d56cdbd09af197c59b67c68990edef4.jpg,5cee61230e7a2762fe9333b70ba6a618,3
train,Demodicosis,../datasets/feed/train/Demodicosis/1-69-_png_jpg.rf.3b044e6f20489304909f731220a14cd4.jpg,5d0364efe00803e4c45e6ce1486722ab,0
train,Healthy,../datasets/feed/train/Healthy/HEALTHY_054_jpg.rf.442ca2f07a7752f385f00f7d6554eefa.jpg,5d1beb0c0afc2fbbddfe47e5fa8e4583,3
train,Demodicosis,../datasets/feed/train/Demodicosis/2024-05-13-134529_2_jpg.rf.e8aa46615b94444d3ac58c2d3fc92fee.jpg,5d34220fda1ad48fc4f8cfbfe8d58064,0
train,Fungal Infections,../datasets/feed/train/Fungal Infections/FUNGAL-INFECTION_016_jpg.rf.caf683d484b9dedd5c48018d36366680.jpg,5d72175885fae519c0556a7cf943dc05,2
train,Hypersensitivity,../datasets/feed/train/Hypersensitivity/Hypersensitivity_image_3_jpg.rf.f892312a863b1748dd1fe3c53ce89e63.jpg,5d785808a3eb80ea985425146e7a67f8,4
train,Ringworm,../datasets/feed/train/Ringworm/1000011963_x4_jpg.rf.012cd4c55464e447e3b654a8b2ef8369.jpg,5d79854bc768b4bc674ac9db38c15c0d,5
train,Ringworm,../datasets/feed/train/Ringworm/R25_png_jpg.rf.20bdaacd4425770d1f220d236244d020.jpg,5d9e6052f2d6b90ae7f8ce9bc448d1b8,5
train,Demodicosis,../datasets/feed/train/Demodicosis/1-23-_png_jpg.rf.249c419a6b65ae4ebebd45a90726ea52.jpg,5da7c5b597cd2f0b8c0c3388a510cb68,0
train,Fungal Infections,../datasets/feed/train/Fungal Infections/pic14_jpg.rf.e74c03fe29593e51a30018ef5ff45d61.jpg,5dca6737e4f5409cbe39fb054fab3815,2
train,Ringworm,../datasets/feed/train/Ringworm/ringworm-9-_jpg.rf.f8710f16c5a7ca70a12c32283318f669.jpg,5dd11ed6fc6425f42ba92f1b4b80a961,5
train,Ringworm,../datasets/feed/train/Ringworm/WIN_20240514_17_38_52_Pro_jpg.rf.a0787472e06f43e1591dfc668a969ff1.jpg,5ddcfd1ba6438e0a894f14351a2aea09,5
train,Healthy,../datasets/feed/train/Healthy/vet-skin-issues-s_1667594728-678x381_jpg.rf.5a4d945784d18b5cbaa6bbdbd0738517.jpg,5df04619c7d395d1391938f8660b6965,3
train,Demodicosis,../datasets/feed/train/Demodicosis/2024-05-13-134214_4_jpg.rf.a5348ef49e70868822aeb67dbd7a72b8.jpg,5e31e9a0915cb2cf6bc91fc1dd781d3b,0
valid,Healthy,../datasets/feed/valid/Healthy/dogs_172_jpg.rf.429ac597985b0513806d934e8e24668f.jpg,5e3209b82def2f423d2679581d8ab481,3
train,Dermatitis,../datasets/feed/train/Dermatitis/May-is-allergy-awareness-month-here-at-The-Shot-Spot_00025_jpg.rf.732dd2b98cefb40d02fefba2aa9f0e46.jpg,5e362bd42f9c1ea3e673bcc1415165f8,1
valid,Ringworm,../datasets/feed/valid/Ringworm/1000010534_x16_jpg.rf.9a5d864b266abbd19ae4cf4f3265cf9b.jpg,5e3e90722ef55dc5bbcb2dcf6a4398aa,5
train,Healthy,../datasets/feed/train/Healthy/HEALTHY_009_jpg.rf.e12615fb91b82cef6930cedd4a28551f.jpg,5e47888a435e609804c6e73b8d065204,3
train,Dermatitis,../datasets/feed/train/Dermatitis/pic8_jpg.rf.bb93793df837834a2c989212d4b96ac9.jpg,5e57fb0a8e0af3314cc6feef8a8718ae,1
train,Dermatitis,../datasets/feed/train/Dermatitis/Bacteria3_png_jpg.rf.68789f423d4039c4287de8feace79cd5.jpg,5e5d8552c69fbf9e1a448c90894ed0b9,1
train,Fungal Infections,../datasets/feed/train/Fungal Infections/Fungal_Image_2_jpg.rf.1a03291cf9db90a209eb234b83f7a528.jpg,5e6b909acada2b8d0a965ffa52a6f1b4,2
train,Fungal Infections,../datasets/feed/train/Fungal Infections/Fungal_Image_2_jpg.rf.cae59cd109cd75a2d66214fafc49033e.jpg,5e6d3b5767da9576c72223bb7dca2680,2
train,Hypersensitivity,../datasets/feed/train/Hypersensitivity/B9781416056638000070_f007-044-9781416056638_jpg.rf.e023e71d2268d8d5eba9b95ebae23f35.jpg,5e90c7597266347b37fb1a8f54685dd8,4
train,Healthy,../datasets/feed/train/Healthy/Image_6_jpg.rf.89b18a058c16cc4e464f167d3651e3ab.jpg,5ea1ff8c23acb187f4efe2521ee0af9a,3
train,Demodicosis,../datasets/feed/train/Demodicosis/IMG_5198_jpeg_jpg.rf.443ce78a58bdad5a93b30e1b9303926f.jpg,5ead4ad9405fb28ad3d80978373383d6,0
train,Fungal Infections,../datasets/feed/train/Fungal Infections/Fungal3_png_jpg.rf.c9490fdd7f2761212466db165f9cb111.jpg,5eaf61042573ebc841bfc22217c35554,2
train,Fungal Infections,../datasets/feed/train/Fungal Infections/1555_jpg.rf.593ddf3c23725b72290c762550821b1a.jpg,5eb5fa93fb11b0ff148784b78396e3c0,2
train,Dermatitis,../datasets/feed/train/Dermatitis/1000010538_x16_jpg.rf.0f5e9af4d555b743a8173e680dc82c9d.jpg,5ebf7f828874203a997b53f2b226cd4d,1
train,Dermatitis,../datasets/feed/train/Dermatitis/hot-spots-suck_00286_jpg.rf.7f77318c758ce6e5f0f3ec9fb310a9a7.jpg,5ec0d35408dd47e3ec91958af93b5d50,1
train,Demodicosis,../datasets/feed/train/Demodicosis/1-57-_png_jpg.rf.946805334b444f8273bb75f46f403071.jpg,5ec2185644722057c6f5d8f86f5bd796,0
valid,Hypersensitivity,../datasets/feed/valid/Hypersensitivity/Hypersensitivity_image_4_jpg.rf.2ffcad14a47812293585c38721a12e20.jpg,5ec7eb658b155d4b3d3053a4c46dd5ab,4
train,Ringworm,../datasets/feed/train/Ringworm/ringworm-57-_jpg.rf.6eaafbf19a64dddfa6d533cc99a1beea.jpg,5ed106fcfb3a55677c6c004a504bf8f9,5
train,Demodicosis,../datasets/feed/train/Demodicosis/2024-05-13-162923_jpg.rf.e4acc9c2be8df3afb41a4dbab0a0a1aa.jpg,5edf6392df47e7921d146d7f28162159,0
train,Dermatitis,../datasets/feed/train/Dermatitis/HOT-SPOT-IN-DOG-HOW-vet-treated-symptom-prevention_-flea-bite-moist-eczema_dog-itching-000480_png_jpg.rf.4459f8a90debad673de8f01f873e701b.jpg,5ee2c42f70546dbf545020ea61e9c645,1
valid,Dermatitis,../datasets/feed/valid/Dermatitis/May-is-allergy-awareness-month-here-at-The-Shot-Spot_01552_jpg.rf.291842f24a238e845bb5348154338d61.jpg,5eef1171a44eeceee6a491aaf6c2c1c6,1
train,Healthy,../datasets/feed/train/Healthy/Image_11_jpg.rf.5d7f760bdf0387e03a6f91c0ab6c948b.jpg,5efbf241238499514a9ccd94df2d7abc,3
train,Dermatitis,../datasets/feed/train/Dermatitis/83482425_2666988283398175_4819098995697647616_n_jpg.rf.d31a29439a1f7f24803739b90a931ae8.jpg,5f133261a6069aad827972cd1b4449c9,1
train,Healthy,../datasets/feed/train/Healthy/HEALTHY_042_jpg.rf.bfd8b3ab4dc32248376f9e602819d41a.jpg,5f2614a0d26519f6bbf1ce035d2c1d1c,3
train,Ringworm,../datasets/feed/train/Ringworm/R7_png_jpg.rf.35b021ca45d501056a3738d0b0931488.jpg,5f4481afba339670d500a6e090196e37,5
valid,Dermatitis,../datasets/feed/valid/Dermatitis/May-is-allergy-awareness-month-here-at-The-Shot-Spot_00547_jpg.rf.cbabf7e0bd43d80d9456d59983fa4198.jpg,5f5ff69c9f79e3c9f50db5daa2e845ad,1
train,Ringworm,../datasets/feed/train/Ringworm/ringworm-59-_jpg.rf.e023e8b7b847781c0d4556ee0ff35bb9.jpg,5f71fee55eeace0310932e4b02610863,5
train,Ringworm,../datasets/feed/train/Ringworm/436768270_412696705044184_4681296294994857344_n_jpg.rf.6cf38370e1edd4da91baf461a622c1bc.jpg,5f81a27386f8b068bee02761f4394b07,5
train,Fungal Infections,../datasets/feed/train/Fungal Infections/pic77_jpg.rf.8572810c2c13bdd9d9c5fe7a10950caf.jpg,5f85b12f5f696f1a4ec6c3e710b05cf1,2
train,Ringworm,../datasets/feed/train/Ringworm/R30_png_jpg.rf.22e4ce3bb385eaba65b6aff38ea654bb.jpg,5fa1f3dc011c7a71c122affc5056b1ac,5
train,Healthy,../datasets/feed/train/Healthy/images-35_jpg.rf.051b1aad40859ee6ce83dde035cc3722.jpg,5fb5207e8d6043bae11a1a63124e4b66,3
train,Hypersensitivity,../datasets/feed/train/Hypersensitivity/B9781416056638000070_f007-009-9781416056638_jpg.rf.b2c9fff3dcf75a255fc2e13061c9d510.jpg,5fb6d468d722e7565be06319684abb14,4
train,Ringworm,../datasets/feed/train/Ringworm/NEWR20_png_jpg.rf.99bf4a8f0b7bf13a0ee9e9fc4d3c4ebd.jpg,5fb971683e7d55277a733893d01bae6d,5
valid,Hypersensitivity,../datasets/feed/valid/Hypersensitivity/1525_jpg.rf.d022c178eaf2529327c5644844418e86.jpg,5fc31bc06f460ecabe919288970231ea,4
train,Fungal Infections,../datasets/feed/train/Fungal Infections/1867_jpg.rf.ace5602dabbbfa3834bafa3c869f3c79.jpg,5fcd0213b4254ceee9bbd68c584c6341,2
train,Dermatitis,../datasets/feed/train/Dermatitis/May-is-allergy-awareness-month-here-at-The-Shot-Spot_01453_jpg.rf.4febfc41f7921d56e9dd1ad692fcd5fe.jpg,5ff3c380d13c07d5e2800548408fb966,1
train,Demodicosis,../datasets/feed/train/Demodicosis/2024-05-13-162741_jpg.rf.b7ce7c6a18b7f604bdfca7286b67dc9c.jpg,5ff52e6ecad15e247516d935a6404e36,0
train,Healthy,../datasets/feed/train/Healthy/HEALTHY_004_jpg.rf.07052a32ccfc3bed830ce478e83cb8ef.jpg,6004c4fe604c260901aff10c31a23dd2,3
train,Healthy,../datasets/feed/train/Healthy/Image_8_jpg.rf.cd2328cd9621f521d3b8e17cfd47640c.jpg,602ed645db9202ef08979832e095b789,3
train,Healthy,../datasets/feed/train/Healthy/Image_24_jpg.rf.0b7763c46c7aadd6db409a03ad33a2cb.jpg,6051a09a2772b266f856ff7812f1c49a,3
train,Demodicosis,../datasets/feed/train/Demodicosis/P19_png_jpg.rf.e913201fc38fec384e38d13bd99538c5.jpg,605762216bb7f3560b2bb7d503b9837d,0
valid,Hypersensitivity,../datasets/feed/valid/Hypersensitivity/Hypersensitivity_2_jpg.rf.c0f8f53217122ca204c1ddaacafbde3d.jpg,6067b34235213c2d77359ea0b645ed56,4
train,Dermatitis,../datasets/feed/train/Dermatitis/hotspot-40-_jpg.rf.e014c7a2f4cab632ee05b3ff297fbd08.jpg,607f4a3659a375417d94d6d45e3749d1,1
train,Hypersensitivity,../datasets/feed/train/Hypersensitivity/1642_jpg.rf.a0a8442fa7c95f0d3d74321dd919c038.jpg,60833bceb448f5dfb086edbbfd6eeccb,4
train,Demodicosis,../datasets/feed/train/Demodicosis/2024-05-13-134258_3_jpg.rf.0d84599f1c205b03cf61b7bee7e06c4a.jpg,6086e399a4cc61fecc9dd9a659e91469,0
train,Ringworm,../datasets/feed/train/Ringworm/436660548_1639307846606648_2894340731526839056_n_jpg.rf.5fe717216a0ddb2e5cf09349f35dd9f7.jpg,60aee443754ecca1023e90c9b286f48a,5
train,Demodicosis,../datasets/feed/train/Demodicosis/IMG_5179_jpeg_jpg.rf.8cea02221fd889d4c6ab565ddfa33afe.jpg,60ca60b033708542eb554f90b555d6f5,0
valid,Ringworm,../datasets/feed/valid/Ringworm/NEWR13_jpeg_jpg.rf.591693f2dedb0bff189d811a4cf6da5a.jpg,60dddb18dcde1b73c357a2674c58c252,5
valid,Dermatitis,../datasets/feed/valid/Dermatitis/hotspot-76-_jpg.rf.3a3b743858c58c1c7c56659856acce98.jpg,60ec8e8ae261aca77286b7c8a8df64f0,1
train,Demodicosis,../datasets/feed/train/Demodicosis/2024-05-13-134130_2_jpg.rf.47291651b6bbdd5b9061221163086636.jpg,60f575ffc3f19694ee58e47ab3bad3c6,0
train,Fungal Infections,../datasets/feed/train/Fungal Infections/FUNGAL-INFECTION_065_jpg.rf.d91b27be7ae257f3c9a569fb711b18ab.jpg,6122e86281c276ba4dc198d6b705f3ba,2
train,Dermatitis,../datasets/feed/train/Dermatitis/Hot-Spot-on-_Chance_-How-to-treat-a-dog-that-you-can_t-touch_-000613_png_jpg.rf.e4bdc163c29b1e866b73fec9d43e4206.jpg,612f382cedaff49bdb7b20bb61c25a15,1
train,Fungal Infections,../datasets/feed/train/Fungal Infections/1867_jpg.rf.ade9ee945023971d76c79a85e4384597.jpg,61329a7d491ac6fe7ec37587062392ab,2
train,Ringworm,../datasets/feed/train/Ringworm/WIN_20240514_17_30_48_Pro_jpg.rf.cba9c4aaa62045e044d83b38e2766191.jpg,613538b19e2905bd928467da2ed5c827,5
train,Dermatitis,../datasets/feed/train/Dermatitis/May-is-allergy-awareness-month-here-at-The-Shot-Spot_01666_jpg.rf.d1d5725229b8291279b2ed105e39e526.jpg,616943c2973e47c1121f48c1e68552a5,1
train,Ringworm,../datasets/feed/train/Ringworm/1000010651_x16_jpg.rf.b1b9e0723b4b007ba95cb2d71e8b67ea.jpg,61768c74acbe737ae2c6ed6ed9fb1647,5
train,Hypersensitivity,../datasets/feed/train/Hypersensitivity/15_jpg.rf.d513e68daf4c89f13d0c86d52db188e0.jpg,617ddcfbd51d7696efa1ed2155a0434b,4
train,Dermatitis,../datasets/feed/train/Dermatitis/May-is-allergy-awareness-month-here-at-The-Shot-Spot_01375_jpg.rf.1f43789174fc3158d101803418221921.jpg,6181c518c547f94af0dbcf2d335dfbb9,1
train,Demodicosis,../datasets/feed/train/Demodicosis/scabies_123_png_jpg.rf.1b2c3c7f837041d0601b350a4812f8bb.jpg,61922b657691d45057e8d3c02122feaa,0
train,Demodicosis,../datasets/feed/train/Demodicosis/2024-05-13-134529_2_jpg.rf.b0e8664b94d657c808b711918b129923.jpg,61a5174fc8ba15c079584d512a53e63a,0
valid,Ringworm,../datasets/feed/valid/Ringworm/R24_png_jpg.rf.2ea0ba721849da95c985c0d3a6a159be.jpg,61aef79fb64ff4f2f0232e6d75a63810,5
train,Ringworm,../datasets/feed/train/Ringworm/ringworm-30-_jpg.rf.315fda1b12d414d6ba3fa26496a17e71.jpg,61ce62204f58eaf744c886aa90669ae9,5
train,Healthy,../datasets/feed/train/Healthy/HEALTHY_004_jpg.rf.98e779616f373c60f5243a55f0971931.jpg,61d12c7849e4e5481d404b1def5a6b3a,3
train,Dermatitis,../datasets/feed/train/Dermatitis/1000010781_x16_jpg.rf.2934d80e33bcb679a8c6fbc2d5892960.jpg,61e9592caad1c7d3e1d83ccb1f2e498c,1
valid,Dermatitis,../datasets/feed/valid/Dermatitis/hotspot-29-_jpg.rf.3b2ab4a897ab26dfb2a8d31228fcfc49.jpg,61f583b6eb57a9ec8dc802d2341587fd,1
train,Demodicosis,../datasets/feed/train/Demodicosis/IMG_5189_jpeg_jpg.rf.4311da90a55f3552c9b8f33579828dfb.jpg,61f9870d879b786b84875d2e37dfe4f6,0
train,Healthy,../datasets/feed/train/Healthy/HEALTHY_020_jpg.rf.b4bdc953aaee3f7f5802f0e283ac9d60.jpg,61feb57cb2c628778ab69c3d4aa8e6c5,3
train,Healthy,../datasets/feed/train/Healthy/images-40_jpg.rf.4a93fac1b3bfce009cfec0f43a37806e.jpg,6200127b66c5e74e7c753d2c55470990,3
train,Ringworm,../datasets/feed/train/Ringworm/ringworm-104-_jpg.rf.1cdf8b06e3eb198faef089ad25f8621d.jpg,62163f56e1cb160aa62ea1f17f43ca90,5
train,Fungal Infections,../datasets/feed/train/Fungal Infections/1161_jpg.rf.6eccec74610aeee5231ad5c5ab39376d.jpg,621b029c8725b790243edb12996e7648,2
train,Dermatitis,../datasets/feed/train/Dermatitis/HOT-SPOT-IN-DOG-HOW-vet-treated-symptom-prevention_-flea-bite-moist-eczema_dog-itching-000458_png_jpg.rf.8c83179e9d8c2585f0cb224422b8e432.jpg,621d7ab91f70215d45378326b1a89ff1,1
train,Dermatitis,../datasets/feed/train/Dermatitis/bac1_jpg.rf.0a80d1c6ce6f11596524ac80817fa458.jpg,6223fca23c173cd8882a62d4e7def5c2,1
train,Healthy,../datasets/feed/train/Healthy/dogs_044_jpg.rf.8dd9edb6e9eb1b8efa5c854be8d9012a.jpg,62309840580350b3723c074f5d12669e,3
train,Healthy,../datasets/feed/train/Healthy/HEALTHY_050_jpg.rf.72a7d23b8e98bdfb1029590e7d81856e.jpg,623a61f6456fde5e08f9749be057073e,3
train,Healthy,../datasets/feed/train/Healthy/dogs_275_jpg.rf.b6f7e88de6459bc26564cce8d61aa54f.jpg,62421c6e19b5c40d0f3f0d53ade47d7e,3
train,Healthy,../datasets/feed/train/Healthy/HK0P2T-1-920x518_jpg.rf.86436bea5e5f5ac61aa3b7da94c45093.jpg,624586a10805aa7421225c662feea63e,3
train,Demodicosis,../datasets/feed/train/Demodicosis/IMG_5153_jpeg_jpg.rf.d46720c3c63f63dd5b3917a12c056b16.jpg,624984b5c2eb82a14c225414240b72f1,0
train,Ringworm,../datasets/feed/train/Ringworm/NEWR47_png_jpg.rf.33bab234ba56be80b0b37c21019735dc.jpg,6253c4e9bb52cf8bd459a5c75432c9fa,5
valid,Demodicosis,../datasets/feed/valid/Demodicosis/scabies_90_png_jpg.rf.f557dedea6c638e0ec9e0f85f0e57c93.jpg,6255204c58c3fca52b3bc8223ca4b091,0
valid,Fungal Infections,../datasets/feed/valid/Fungal Infections/pic88_jpg.rf.c12b73256c3c76c6167080edd4bc459c.jpg,62667aea4c843d083a389ef32e6967ed,2
train,Ringworm,../datasets/feed/train/Ringworm/NEWR6_jpeg_jpg.rf.90b0b9da10de391a9ca291636763a3ee.jpg,6283de5ca3dc9c7f102c6808159be508,5
train,Ringworm,../datasets/feed/train/Ringworm/R29_png_jpg.rf.9a7b7e896feb68bc17643936b0dfdb09.jpg,62a4573e2606e145e9138cd4a17b8bb2,5
train,Healthy,../datasets/feed/train/Healthy/dogs_153_jpg.rf.20e52203742274ccd6bf2582eaee92c9.jpg,62ab1f8d8d62fde653a16e19c775a11e,3
train,Ringworm,../datasets/feed/train/Ringworm/436725491_1153113969442923_7349901947606592211_n_jpg.rf.511380bd0aedb7eda1cf1d641f81d415.jpg,62b6d28b053add4a59d0b792929830b1,5
valid,Dermatitis,../datasets/feed/valid/Dermatitis/bac3_jpg.rf.f6ec6ef36bd2368326e071c1773be59b.jpg,6328883d649b58da34903a232937e6fb,1
valid,Ringworm,../datasets/feed/valid/Ringworm/ringworm-45-_jpg.rf.b8757b84adb8e09cb99dc4757a7ecfca.jpg,633012e08ebf2730004d47f11d25ad0a,5
train,Ringworm,../datasets/feed/train/Ringworm/NEWR4_jpeg_jpg.rf.2ca8d0ce68d91b97d7f97a95d012def1.jpg,63381d8d37c39131cd869f3dd04bff33,5
train,Ringworm,../datasets/feed/train/Ringworm/NEWR19_png_jpg.rf.f06aa48bb87f2d3d0ce3e84826e55d4e.jpg,636362be5c2a65ff09eead3d7e6184d4,5
valid,Dermatitis,../datasets/feed/valid/Dermatitis/Hot-Spot-on-_Chance_-How-to-treat-a-dog-that-you-can_t-touch_-000622_png_jpg.rf.b10634e19d2b2d38f27e15c922e3503a.jpg,6371fdc39cae4dc20bf788a4cca9b2b2,1
train,Ringworm,../datasets/feed/train/Ringworm/R57_png_jpg.rf.5bcc3194ef3e9783ae9213df6b3f11ba.jpg,637c9c7d5c49a8d739a2cffc0a8bd827,5
train,Ringworm,../datasets/feed/train/Ringworm/ringworm-52-_jpg.rf.c7c2c3c0d2ba4987643814f28d532e09.jpg,6388a6ea787358eed1526f2bfb2b3a43,5
train,Demodicosis,../datasets/feed/train/Demodicosis/IMG_5302_jpeg_jpg.rf.ac22514a6dff4cbf86ef8bed9a226afd.jpg,6395ae1bd6a3aff47be88769c5291203,0
valid,Demodicosis,../datasets/feed/valid/Demodicosis/2024-05-13-164132_jpg.rf.c7f733fed08f362703890b9302bf965b.jpg,63bb976a1a258f4edbd40948ffcd90d7,0
train,Dermatitis,../datasets/feed/train/Dermatitis/hotspot-12-_jpg.rf.63e55e8aa3cd4d8d241b2958a03e0865.jpg,63e4520183887ae231634ead136c391f,1
train,Dermatitis,../datasets/feed/train/Dermatitis/May-is-allergy-awareness-month-here-at-The-Shot-Spot_00136_jpg.rf.743a4f0d621b621605f6cb5c8c5fe122.jpg,6403a5e17bd65db023913d59f5b26a1d,1
train,Healthy,../datasets/feed/train/Healthy/dogs_276_jpg.rf.2839f26399b254006848783f420a0f66.jpg,642cf4b38ea78120c0bcd776eb3e1627,3
train,Ringworm,../datasets/feed/train/Ringworm/436799686_1645755056226653_3055609830143657343_n_jpg.rf.eb6593f2057bc1cd680df8b6b7187d7e.jpg,642e2e12e258509e8ccca5c844d784a0,5
valid,Demodicosis,../datasets/feed/valid/Demodicosis/IMG_5226_jpeg_jpg.rf.fe58bcbf3d733111c1ad1dbccbfa1c83.jpg,64368ab5ceabe5a8896509a025db8ab2,0
train,Ringworm,../datasets/feed/train/Ringworm/1000010667_x16_jpg.rf.b3efbacd8a1bd934936acee0402715e3.jpg,643f79111448b11d339163fea8792911,5
valid,Ringworm,../datasets/feed/valid/Ringworm/436659257_1400912270538983_2219402059155208617_n_jpg.rf.a3a40df9e7860685d28a46cac2f66dd3.jpg,64534d819bc9576eca1bd69a84aef5ea,5
train,Ringworm,../datasets/feed/train/Ringworm/ringworm-137-_jpg.rf.e379ba6aa0f501d2eb6e5b066ac78cb5.jpg,64a4a7c207935bad056fe6814f27799a,5
train,Ringworm,../datasets/feed/train/Ringworm/436799686_1645755056226653_3055609830143657343_n_jpg.rf.4c4d2b20633d5cff1d861b2ef78d513a.jpg,64ab30d2546e75715d276d4290cf62e2,5
valid,Ringworm,../datasets/feed/valid/Ringworm/R56_png_jpg.rf.b1d3cbd167057b35852b21086f26d067.jpg,64acf150aaa02a66796e3bf6467002d6,5
train,Hypersensitivity,../datasets/feed/train/Hypersensitivity/hps11_jpg.rf.d6c984658ffccf87878c60a6ebef7d11.jpg,64ca69698e7e1475fe587f27aa8c1b69,4
train,Demodicosis,../datasets/feed/train/Demodicosis/IMG_5189_jpeg_jpg.rf.35f91ffe406fc7f487ae1ba7f7ca35b6.jpg,64d66ace905db7e598539f3b04382f61,0
train,Fungal Infections,../datasets/feed/train/Fungal Infections/FUNGAL-INFECTION_060_jpg.rf.0056bb93430c85be20ab1a63a9168d32.jpg,64d79b08eefd7e400e88ba7cecdbb714,2
valid,Healthy,../datasets/feed/valid/Healthy/dogs_077_jpg.rf.6a9497cf2ea71dd7754d3d9b28220796.jpg,64e76e8f4f081c4d97ad979c24d4f750,3
valid,Ringworm,../datasets/feed/valid/Ringworm/436799686_1645755056226653_3055609830143657343_n_jpg.rf.16599349f57b51a99dbe1effbc1eeece.jpg,652a05e53709b45f48113801d102aef7,5
valid,Healthy,../datasets/feed/valid/Healthy/dogs_145_jpg.rf.e13323f5797c3c6b51685e190c94c33e.jpg,654c1ac3b7f22d2e1607977889c5e34d,3
train,Healthy,../datasets/feed/train/Healthy/Image_6_jpg.rf.fd7b148de0f46d6f4169114e520294cb.jpg,65691d149c48f4dace8f66f7118122a3,3
valid,Fungal Infections,../datasets/feed/valid/Fungal Infections/FUNGAL-INFECTION_064_jpg.rf.68b1d75570402afdda67e815eddaf0d0.jpg,6580cb7423213d801874b2c65e38bd56,2
train,Ringworm,../datasets/feed/train/Ringworm/R58_png_jpg.rf.de481d33071136d583fa1b7a708007a7.jpg,6589597cf1471b5c32461266c68188eb,5
train,Ringworm,../datasets/feed/train/Ringworm/436685073_799772981646313_4606726835859676318_n_jpg.rf.a9ad6ccd163f412b8bfd506772a7d428.jpg,65acdabca311d05c2e0f63f68527d2a6,5
train,Dermatitis,../datasets/feed/train/Dermatitis/1000010608_x16_jpg.rf.5aa2d1ecbc3c70fa8bd764bad19619b5.jpg,65aed51251a51f7276ae18362ddcf568,1
train,Dermatitis,../datasets/feed/train/Dermatitis/Owners-usually-don-t-get-a-good-vote-of-just-how-big-hotspots_00345_jpg.rf.ac0a530e09302f586245a39efda2716e.jpg,65b3f14a637b5ed75873e08d6e3c05ad,1
train,Dermatitis,../datasets/feed/train/Dermatitis/301504804_8729017157124164_3961058354446722962_n_jpg.rf.ca5b10752f623d72440d2635c04111dd.jpg,65c8b6ccc5a181c38b9d0b5c45820e87,1
train,Hypersensitivity,../datasets/feed/train/Hypersensitivity/1621_jpg.rf.b6b1b3f8810411f84ae4fbaac963f472.jpg,65d3a3a78ed351b37753bfc11a10b175,4
train,Ringworm,../datasets/feed/train/Ringworm/E518EDB2-AF23-4A0B-A1FB-30CC5C9E52E3_jpeg_jpg.rf.b382595778953a148a11f133fd51a721.jpg,65d4e1e564bbea0d68cbafb1a0935379,5
valid,Ringworm,../datasets/feed/valid/Ringworm/R13_png_jpg.rf.19cd17ef59d13e1253867dc81af54034.jpg,65ea0bebacabf8f927092e0e1715e16d,5
valid,Dermatitis,../datasets/feed/valid/Dermatitis/bac2_jpg.rf.d22eccfa8c1e76a8021b5fc4b9ec4141.jpg,65fc3dde89b3b3519e293e25c85d91af,1
train,Dermatitis,../datasets/feed/train/Dermatitis/May-is-allergy-awareness-month-here-at-The-Shot-Spot_01447_jpg.rf.7093fcd214b35e4b9526d75b94279d9c.jpg,660083d4061d6aafd17243515c2df038,1
valid,Dermatitis,../datasets/feed/valid/Dermatitis/1000010652_x16_jpg.rf.035365f7ba651fe9e6f871beb7d9bff4.jpg,66029c5fa31a4cd2096db6f6def14d9e,1
train,Ringworm,../datasets/feed/train/Ringworm/ringworm-109-_jpg.rf.fd3b9c6a40b57fca8a3663ba524eedf6.jpg,6612981d12effa591d6f8d73519720c9,5
train,Healthy,../datasets/feed/train/Healthy/dogs_152_jpg.rf.4823c2192ea9fb6467d3426d303fc748.jpg,661cf7aaf4d6fb99a7a5926be3e0c73c,3
train,Demodicosis,../datasets/feed/train/Demodicosis/1-70-_png_jpg.rf.916b7d62891d05ed1ca197d4f81df424.jpg,664e6bc7d8195def66d41e3f366bc86b,0
train,Fungal Infections,../datasets/feed/train/Fungal Infections/pic0_jpg.rf.f6c02123460e14823fbb60402d6b04c8.jpg,6663cc0eda2d2661662c5de43be640fc,2
train,Demodicosis,../datasets/feed/train/Demodicosis/P20_png_jpg.rf.cb1b3f927fc0588c0ae7a0439275303b.jpg,667e03234770bdc7f900159db425d186,0
train,Ringworm,../datasets/feed/train/Ringworm/ringworm-14-_jpg.rf.498ff98ff6953179418674b2ff4d3e07.jpg,668da97bb9484bc21fc1f6f0750e5c73,5
train,Demodicosis,../datasets/feed/train/Demodicosis/1-12-_png_jpg.rf.63e9aa674cb4c4caf3f01d686c85fc98.jpg,668f8422c039fb881b15762c7db8b6d8,0
train,Dermatitis,../datasets/feed/train/Dermatitis/OIP-5-_x4_jpg.rf.634f2d978a5c6516e3056305bef802f2.jpg,66a3493f0181ee541ac366d1d51b4e87,1
valid,Ringworm,../datasets/feed/valid/Ringworm/WIN_20240514_17_38_52_Pro_jpg.rf.0feaf3f6b2b6ca342881c1dd54f202ea.jpg,66a59d71743f9c58a91d7d6f1aaff160,5
valid,Ringworm,../datasets/feed/valid/Ringworm/ringworm-26-_jpg.rf.7e26afbcbf815bb899144debe4921435.jpg,66e6597b77b23da26d86ba438f6494e9,5
train,Ringworm,../datasets/feed/train/Ringworm/436815977_459940293272172_9180748049987512532_n_jpg.rf.de14f1d85b3d9aa1c7ae6088e0107aef.jpg,67021919d59f4a17104faa4a3b5c7cf4,5
train,Ringworm,../datasets/feed/train/Ringworm/1000010671_x16_jpg.rf.773f6aa06e4a770eb01272085842e380.jpg,671213df80806592973bf6a3e6a59b69,5
train,Demodicosis,../datasets/feed/train/Demodicosis/1-33-_png_jpg.rf.99368a41c85d5573b756165719596404.jpg,6722f9326f62da2a889fbb2c0ab394e4,0
train,Dermatitis,../datasets/feed/train/Dermatitis/May-is-allergy-awareness-month-here-at-The-Shot-Spot_01918_jpg.rf.983e4156ecff675cdbe3c994f442c12d.jpg,672593013b367f1b1f5046161f853ef6,1
valid,Ringworm,../datasets/feed/valid/Ringworm/1000010651_x16_jpg.rf.3baa8c8290b8a704409a7b9a52acef92.jpg,67347c6802d3ef9cbe3295f78037fd04,5
train,Hypersensitivity,../datasets/feed/train/Hypersensitivity/B9781416056638000070_f007-018-9781416056638_jpg.rf.76a1530464b3c577a4df73796e13e576.jpg,67430bc4b136716914fcd0cb919f6b16,4
train,Dermatitis,../datasets/feed/train/Dermatitis/1000010509_x4_jpg.rf.8cac60d1748bba1b8145638859f0ceca.jpg,67488125479c257f05e0027d27ddb51e,1
train,Dermatitis,../datasets/feed/train/Dermatitis/May-is-allergy-awareness-month-here-at-The-Shot-Spot_01675_jpg.rf.d83c5dc992a3e3f908a8684063cde192.jpg,674a333ca7f701291d5ed9e4db5e0d4d,1
train,Dermatitis,../datasets/feed/train/Dermatitis/pic3_jpg.rf.4ae10e5ff4e0a7fa16527b7e68b5802f.jpg,6775b96dd2a45b91b709daf30e87be9b,1
valid,Hypersensitivity,../datasets/feed/valid/Hypersensitivity/hs5_jpg.rf.b177a7a259f3ef81dc2b905d84461df8.jpg,67781e6a4265b811d74d299c96843c81,4
train,Ringworm,../datasets/feed/train/Ringworm/NEWR49_png_jpg.rf.3198c08cb078fba30d85302f7bd70233.jpg,679d054efcf25d867ff8821490f5f38e,5
train,Fungal Infections,../datasets/feed/train/Fungal Infections/1005_jpg.rf.ba21cc62eec0a09d10bf02320ff42b95.jpg,67aab5e684147a4c51bbb00ce531a07d,2
train,Healthy,../datasets/feed/train/Healthy/HEALTHY_028_jpg.rf.ae95ebc9da5bbe462ad863610c1977bb.jpg,67c08e9ff766ffacba3bbe5092f6f718,3
train,Healthy,../datasets/feed/train/Healthy/dogs_122_jpg.rf.376c3a6585ddaece1941bd2b9d4206c2.jpg,67c3b93cdc54c547d0ca87765a2a42da,3
valid,Healthy,../datasets/feed/valid/Healthy/HEALTHY_017_jpg.rf.cb9eecb6b720e4f959c43d106c51d589.jpg,67d25bc5486162c0311ee1480580918a,3
valid,Demodicosis,../datasets/feed/valid/Demodicosis/2024-05-13-161803_jpg.rf.2f0447267202de4cecc5baf56c62c2c4.jpg,67e2aab4d7e343192612be182ff0ef17,0
train,Dermatitis,../datasets/feed/train/Dermatitis/hotspot-24-_jpg.rf.ab66eb288a7e672d76e66aca914e820e.jpg,680143963adf6bbfc7f80159e3f77a39,1
train,Healthy,../datasets/feed/train/Healthy/dogs_053_jpg.rf.01ce0eba677bd08f4451df8d3df24dbc.jpg,6808135c5af269c214158b2c67cd4eb6,3
train,Fungal Infections,../datasets/feed/train/Fungal Infections/FUNGAL-INFECTION_013_jpg.rf.37b8c1ddf8c89a5f9417b9554a3af9ff.jpg,6813bc992718dfca5b4be7ab10f205ea,2
train,Ringworm,../datasets/feed/train/Ringworm/436659257_1400912270538983_2219402059155208617_n_jpg.rf.13194304d7d2ce26a7d70f020e3cba77.jpg,6826cde36f9e75ff72fbe63b3ba75687,5
train,Fungal Infections,../datasets/feed/train/Fungal Infections/1154_jpg.rf.cfc6f0f701f7e268a5d89a468f821f4a.jpg,6843bbe1b582b1342343bf46a0bd5c23,2
train,Demodicosis,../datasets/feed/train/Demodicosis/2024-05-13-162838_jpg.rf.3ebe9ca6711d28a4deb764c04548e08f.jpg,688c0c6b28571ade2a4a8926c125ac7b,0
train,Fungal Infections,../datasets/feed/train/Fungal Infections/fungal2_jpg.rf.2b56e79b6ddcf94d53809c3c960ebc87.jpg,68a363038b0f4a5d5e9e020a1c9bf98d,2
train,Dermatitis,../datasets/feed/train/Dermatitis/HOT-SPOT-IN-DOG-HOW-vet-treated-symptom-prevention_-flea-bite-moist-eczema_dog-itching-000485_png_jpg.rf.4217c42e55ed3f0c1ae982174e54f912.jpg,68ba75bb228b46669195a76f5e927d9d,1
train,Dermatitis,../datasets/feed/train/Dermatitis/1000011974_x4_jpg.rf.1614dba6137e9de0e69f59eeace84944.jpg,68c514dc8ac1ea74915c1f814e2fad29,1
train,Ringworm,../datasets/feed/train/Ringworm/ringworm-100-_jpg.rf.30aef6686a8d921b1fce96f8b5593e81.jpg,68cac83c9f9900a6afe44cb9210129f5,5
train,Ringworm,../datasets/feed/train/Ringworm/ringworm-82-_jpg.rf.827dc9610b8e8cef0845bb6c1c7de10d.jpg,68f6ac8b8b95d8a7b8e7a4ceda395fad,5
train,Healthy,../datasets/feed/train/Healthy/dogs_278_jpg.rf.a075038c0fb5e72f65b4ac8f4911b312.jpg,69281c504d254e55a0af9262a397977f,3
train,Dermatitis,../datasets/feed/train/Dermatitis/hot-spots-suck_00310_jpg.rf.7ce4e44eff5b4816ca6426311986114d.jpg,694f191777f70f0c5993a9aa428406df,1
train,Healthy,../datasets/feed/train/Healthy/dogs_029_jpg.rf.bead7da8a8eb6e9cec09f227283778d6.jpg,695bcaf4959f62c4c8af2088a2673549,3
train,Dermatitis,../datasets/feed/train/Dermatitis/May-is-allergy-awareness-month-here-at-The-Shot-Spot_02803_jpg.rf.4d582f67044873ebde72f9c6ef45aa26.jpg,697cbb34b631f5cb453039b4681e97b3,1
train,Demodicosis,../datasets/feed/train/Demodicosis/scabies_135_png_jpg.rf.04e510872fba92ca8c817fec016551ed.jpg,6982cf71c2bcc9e2bba30028e8ff05e8,0
train,Ringworm,../datasets/feed/train/Ringworm/R11_png_jpg.rf.361b8dbece71b107f26f5e192ab2b5a6.jpg,69ca8414433b0a48211c3bf4926ede83,5
train,Demodicosis,../datasets/feed/train/Demodicosis/2024-05-13-162226_jpg.rf.6c0114e2fd2864916be8589344ecc617.jpg,69de190d8fa4941048c90e91c6852fab,0
train,Ringworm,../datasets/feed/train/Ringworm/ringworm-11-_jpg.rf.27a9651e263909593bc85b67e48d666d.jpg,69ef642fb4aae4052f372d8a9bf30904,5
train,Demodicosis,../datasets/feed/train/Demodicosis/D133_png_jpg.rf.b7429267454b80268e668299d80f10f6.jpg,6a0b6a448257812892879570d29903bb,0
train,Healthy,../datasets/feed/train/Healthy/dogs_087_jpg.rf.2218b4d801e144151324cfb1055dcc4f.jpg,6a14d517c37e92094d42bc8de54912f1,3
train,Ringworm,../datasets/feed/train/Ringworm/WIN_20240514_17_30_40_Pro_jpg.rf.5ccc78f2ed06f6edf69dfbe828fea871.jpg,6a3ba853bff4e2fcdc9fb2c33ba65210,5
valid,Healthy,../datasets/feed/valid/Healthy/dogs_040_jpg.rf.e87d30dcc98d625aae1506028bc44765.jpg,6a908bf6bd3d7cb6b56c4cd8fd22dace,3
train,Healthy,../datasets/feed/train/Healthy/dogs_137_jpg.rf.4ce84bf8e88e0785b307c00c0b66a221.jpg,6accbdb3a8e4eac76409f34f91264a44,3
train,Demodicosis,../datasets/feed/train/Demodicosis/IMG_5198_jpeg_jpg.rf.ed539496ae0a713d9ecd0d1a43b8cf19.jpg,6af586150bbdebdb8b4bb5792e62553c,0
train,Dermatitis,../datasets/feed/train/Dermatitis/1000010774_x4_jpg.rf.bf9295609bfbe9d1bf665b2131dd9bee.jpg,6af5e79b83c946fa1e48e30f5339b810,1
valid,Ringworm,../datasets/feed/valid/Ringworm/ringworm-38-_jpg.rf.ca718830a85848ed631a1237f4efe974.jpg,6b1217dd4f18b7d88b60565382b77cf6,5
train,Dermatitis,../datasets/feed/train/Dermatitis/May-is-allergy-awareness-month-here-at-The-Shot-Spot_00022_jpg.rf.bc229b2762641de9b8db093165349e14.jpg,6b15e6e8116462a672fd9bd8c57603d1,1
valid,Demodicosis,../datasets/feed/valid/Demodicosis/1-26-_png_jpg.rf.6c9014693c545fc67c9934b976992293.jpg,6b1fa3ef1b8dab1001e0a04ff98cc8b8,0
train,Demodicosis,../datasets/feed/train/Demodicosis/P16_png_jpg.rf.a77cee9d5456df5ace157602009a95b3.jpg,6b246b733deb8906c0a085da6570134c,0
train,Hypersensitivity,../datasets/feed/train/Hypersensitivity/Hypersensitivity4_png_jpg.rf.39c6024140bb593c62f2b7ee6613bb45.jpg,6b2c28a2f58a932d9712c56877be3546,4
train,Hypersensitivity,../datasets/feed/train/Hypersensitivity/B9781416056638000070_f007-040-9781416056638_jpg.rf.e9ca27a80250803814b31d3c3b0c7067.jpg,6b2e7cdc1f893b4f9635ce2e36898932,4
train,Demodicosis,../datasets/feed/train/Demodicosis/1-12-_png_jpg.rf.f3feac45aa857a4979a2a8965024db4b.jpg,6b350bdec7992883d70de52d9f994286,0
valid,Dermatitis,../datasets/feed/valid/Dermatitis/HOT-SPOT-IN-DOG-HOW-vet-treated-symptom-prevention_-flea-bite-moist-eczema_dog-itching-000495_png_jpg.rf.a620f9eaf5794c590a417b8f9717d177.jpg,6b655caf06a64f63ff4d3c139751939a,1
train,Fungal Infections,../datasets/feed/train/Fungal Infections/fungal2_jpg.rf.6d59554c3f1ad9798301e4b3e4032d0a.jpg,6b67b6758dc47c5e4b11c6033db91663,2
train,Hypersensitivity,../datasets/feed/train/Hypersensitivity/B9781416056638000070_f007-034-9781416056638_jpg.rf.4194d573aff7fe4e3c4d91d18942ca20.jpg,6b6bb14b8c35c11916d0809dd2f682d2,4
valid,Demodicosis,../datasets/feed/valid/Demodicosis/P13_png_jpg.rf.0654cca913a4c1f063a6f5149cd4ed2e.jpg,6b6c9208fcbf1ea6e48c87bd4043a891,0
valid,Fungal Infections,../datasets/feed/valid/Fungal Infections/FUNGAL-INFECTION_044_jpg.rf.140443383d9a2caf12ed970e77a6f2af.jpg,6b7425486ba050ff22c34962536860ee,2
train,Ringworm,../datasets/feed/train/Ringworm/Day-1-of-ringworm-treatment_00211_jpg.rf.a72f1f0359d7a8abec795cca50efebf3.jpg,6b7eecf6ec3dd64a008a5710e76fa338,5
valid,Hypersensitivity,../datasets/feed/valid/Hypersensitivity/B9781416056638000070_f007-002-9781416056638_jpg.rf.5e0ed35ce44028125f9b9666b2483039.jpg,6b814600e6857706fa5a5bfee743fa22,4
train,Healthy,../datasets/feed/train/Healthy/dogs_052_jpg.rf.3084d8076b3a95cfa477f0b871bc4880.jpg,6b86861f522b7eb3bc4d163d2b7789ae,3
train,Ringworm,../datasets/feed/train/Ringworm/NEWR17_png_jpg.rf.bd974c7c0b06d59b58313763efd1310f.jpg,6b9f592fdc6c68fa876c6e0d41708a18,5
train,Ringworm,../datasets/feed/train/Ringworm/ringworm-50-_jpg.rf.fa36dbf878808d0bff2bf9589e2e13b8.jpg,6ba08e3b996b6a36f43fb37689ad247e,5
train,Healthy,../datasets/feed/train/Healthy/pic45_jpg.rf.c596c4b32fa2e5883fbc9f7afb368c1a.jpg,6bb16745b3fc2b4b0aff7c136f0804bb,3
valid,Ringworm,../datasets/feed/valid/Ringworm/ringworm-76-_jpg.rf.48c51d60ca8f27a645bbf6e51949d9ed.jpg,6bca283be463822b3c83ef0f1d320b10,5
valid,Fungal Infections,../datasets/feed/valid/Fungal Infections/FUNGAL-INFECTION_045_jpg.rf.ca1117f02294eafc5edb21633b266ab4.jpg,6bd1525714b9773af14879ed0833b0a1,2
train,Ringworm,../datasets/feed/train/Ringworm/WIN_20240514_17_28_43_Pro_jpg.rf.8a2eb7b90c6637d7fae6a44eed176d51.jpg,6bd28718b80582a5cf6d7f464550f677,5
train,Dermatitis,../datasets/feed/train/Dermatitis/HOT-SPOT-IN-DOG-HOW-vet-treated-symptom-prevention_-flea-bite-moist-eczema_dog-itching-000453_png_jpg.rf.2671b4614aeb536a37ae66e2e818994b.jpg,6bee74a6cdd8165afc24eed505513224,1
train,Healthy,../datasets/feed/train/Healthy/pic24_jpg.rf.3428d46fe9e9791cdc93c6e41db75882.jpg,6c0ba88a2021fc67655a87e26526704a,3
valid,Demodicosis,../datasets/feed/valid/Demodicosis/scabies_118_png_jpg.rf.e1460e0cf2be7719e1d403c28b8b6580.jpg,6c1cc9bbba1d5728b7f97c36a10b73c2,0
train,Dermatitis,../datasets/feed/train/Dermatitis/53_jpg.rf.1fa3a5a0650efb93bdf9264411a92f1a.jpg,6c2abb03cc5a6ad50f2a5c6410bc9f4e,1
valid,Healthy,../datasets/feed/valid/Healthy/pic21_jpg.rf.5bc659b41bb4d377b283d9b1bce3911b.jpg,6c3d9f2deca722fd15fd5b3dcb3adcc3,3
train,Ringworm,../datasets/feed/train/Ringworm/R40_png_jpg.rf.72eba66b5e312ce204bfc42bfcb2478a.jpg,6c5ceffcb4336a47eb1f0703d34dd479,5
train,Ringworm,../datasets/feed/train/Ringworm/436886639_984826669663928_3052914574866382434_n_jpg.rf.9787861254a07f20cb53434d724aed32.jpg,6c62a41ec6285525c643d7ec3eb7103b,5
train,Ringworm,../datasets/feed/train/Ringworm/1000010581_x16_jpg.rf.c1fcaec5e0d71125d4c03cd263314899.jpg,6c6ac781a464112cb61ae3bcc1e6e6d3,5
train,Fungal Infections,../datasets/feed/train/Fungal Infections/FUNGAL-INFECTION_066_jpg.rf.b87a02ac9986c75d994605a397860964.jpg,6c75e03ca0583854cb81a9f164a1b8d9,2
train,Fungal Infections,../datasets/feed/train/Fungal Infections/FUNGAL-INFECTION_013_jpg.rf.23624924c0b309b8864dcaa42c933722.jpg,6c84e2a098a3e0e8fd18af110e28ccae,2
train,Ringworm,../datasets/feed/train/Ringworm/R51_png_jpg.rf.c164e83fb5849d05172fc32e3a99dcde.jpg,6c952b59a4929c9d5754a8b0dd5e36ae,5
train,Dermatitis,../datasets/feed/train/Dermatitis/1000010733_x4_jpg.rf.2762f0ab4fc978058cc484a966ba239d.jpg,6cc19362dc7c8abf423f67352f0c9191,1
train,Healthy,../datasets/feed/train/Healthy/dogs_118_jpg.rf.2e1c0b01b9981763f567011a1cd2ce7b.jpg,6ce5ed767a86b080df886d1c876f39b2,3
train,Fungal Infections,../datasets/feed/train/Fungal Infections/Fungal4_png_jpg.rf.805d92af4ad7f0eb26425e7ec67a17d2.jpg,6ce8950a2bbd0ce43e8def40330478f3,2
train,Hypersensitivity,../datasets/feed/train/Hypersensitivity/B9781416056638000070_f007-029-9781416056638_jpg.rf.b73bfdb7516c0e41bf4136b2616b8d84.jpg,6cebfe77814003e79c0b9539f3be62ea,4
train,Ringworm,../datasets/feed/train/Ringworm/NEWR6_jpeg_jpg.rf.1091ee59eb7fcbad91e5e676bf58f4f0.jpg,6cff2823024924e28f077f29b805939d,5
train,Ringworm,../datasets/feed/train/Ringworm/R15_png_jpg.rf.ceacd1c9cc866798ca1ca682be13fba0.jpg,6d01ccbbce5b8a02c3d3518a2a7f0b79,5
train,Ringworm,../datasets/feed/train/Ringworm/E518EDB2-AF23-4A0B-A1FB-30CC5C9E52E3_jpeg_jpg.rf.4e8729df22a672954bd4b17788d6369d.jpg,6d0b2dd7f89fd703513a3cd14f9af06d,5
train,Dermatitis,../datasets/feed/train/Dermatitis/May-is-allergy-awareness-month-here-at-The-Shot-Spot_00013_jpg.rf.16f556b39c3817de02f698599dd4e3f9.jpg,6d1b38ea98a431f6f4e3fda21e0703dd,1
valid,Demodicosis,../datasets/feed/valid/Demodicosis/IMG_5193_jpeg_jpg.rf.e69b4a56fda20f0f39c1d43bd7944785.jpg,6d28f5de207f529e2ccb416cd8fa891f,0
train,Healthy,../datasets/feed/train/Healthy/dogs_030_jpg.rf.1e9e1dcad80dbd573518b09c925f627c.jpg,6d30c966d144631b3a01647e5a34cfff,3
train,Demodicosis,../datasets/feed/train/Demodicosis/IMG_5201_jpeg_jpg.rf.f953f688aa23b16592c916468e57992e.jpg,6d32474f774760b920b99f2c88830f39,0
valid,Demodicosis,../datasets/feed/valid/Demodicosis/2024-05-13-162717_jpg.rf.6de6521efff8c785748e3161690e7d07.jpg,6d39b3046661daa8c2d6f3c2845c6d78,0
train,Dermatitis,../datasets/feed/train/Dermatitis/HOT-SPOT-IN-DOG-HOW-vet-treated-symptom-prevention_-flea-bite-moist-eczema_dog-itching-000482_png_jpg.rf.6bada143aaf5bd1f28871ee3aca8d03f.jpg,6d3e3890c4353350111ce2e879f76590,1
valid,Ringworm,../datasets/feed/valid/Ringworm/WIN_20240514_17_33_49_Pro_jpg.rf.324606d0971a89c6e04736fe617ebeb4.jpg,6d5e35259bf680202538959d949f9904,5
train,Dermatitis,../datasets/feed/train/Dermatitis/HOT-SPOT-IN-DOG-HOW-vet-treated-symptom-prevention_-flea-bite-moist-eczema_dog-itching-000150_png_jpg.rf.3d797486cfe9c87772b411f55119779d.jpg,6d636baaea408edb0b449b6f6fd62eb5,1
train,Hypersensitivity,../datasets/feed/train/Hypersensitivity/Hypersensitivity5_png_jpg.rf.11ddffef3bf2769fae73a2134afc1ac2.jpg,6dd22d9497909cd7ee1c5ebff999155f,4
train,Dermatitis,../datasets/feed/train/Dermatitis/1000010759_x16_jpg.rf.98d5f0ce828852eeaca79e6edf18762b.jpg,6df1941052a2591cfccd6b0c65ab0119,1
train,Ringworm,../datasets/feed/train/Ringworm/69869142_2813720881974689_7556977064478244864_n_jpg.rf.60b2c610fb2caaff5e04d4092e6abc0c.jpg,6e03c4ad48ded59f2ae9c9ed1ffa36e1,5
train,Dermatitis,../datasets/feed/train/Dermatitis/hotspot-3-_jpg.rf.9b944344ca5dbc6061719f174afdb879.jpg,6e0e2311361160fc077dc3c837b6dff2,1
train,Healthy,../datasets/feed/train/Healthy/dogs_039_jpg.rf.e8ffff28f73c0ff54807a07160e6d8c2.jpg,6e0f091d87f3dd04984c964aeb1bc49e,3
train,Dermatitis,../datasets/feed/train/Dermatitis/Hot-Spot-on-_Chance_-How-to-treat-a-dog-that-you-can_t-touch_-000624_png_jpg.rf.36119a967c9353c43e6019fdfbf93c8c.jpg,6e1a38d3853668cb8c0fffa1ecb051d2,1
train,Dermatitis,../datasets/feed/train/Dermatitis/1000010518_x4_jpg.rf.2aa0ba9288c4a22c1b7efa0487c46e36.jpg,6e30a38b51b9abb12a87e41f472669bc,1
train,Demodicosis,../datasets/feed/train/Demodicosis/2024-05-13-134130_4_jpg.rf.6d1dd5480871e0b9c4660711673fdc3e.jpg,6e38c37f1d69c1f4f718a3e0430a220a,0
train,Ringworm,../datasets/feed/train/Ringworm/Day-1-of-ringworm-treatment_00081_jpg.rf.0e59f38b66bc13362d6f8e6600bdba78.jpg,6e52edf6e7f14bafc6a00c220218acef,5
train,Ringworm,../datasets/feed/train/Ringworm/ringworm-110-_jpg.rf.2d38c4876867c75a3c3f65725f2627bd.jpg,6e745b9554720e86f9072beebd8db562,5
valid,Fungal Infections,../datasets/feed/valid/Fungal Infections/fung4_jpg.rf.0ea324c1dc73f514362c813dbd7140d5.jpg,6e9945de434d7ce00ff634a1f304a51e,2
train,Hypersensitivity,../datasets/feed/train/Hypersensitivity/B9781416056638000070_f007-003-9781416056638_jpg.rf.005cd900d3344a860b2f8425d20e99d9.jpg,6e9a0da7975606336a81a139bba62828,4
train,Hypersensitivity,../datasets/feed/train/Hypersensitivity/Hypersensitivity_2_jpg.rf.37a299e06c3117edb57737c766040624.jpg,6ea20b0c8b00fe42fcdaa1b4723d075b,4
train,Dermatitis,../datasets/feed/train/Dermatitis/I-thought-this-was-an-Ingrown-hair-in-my-dogs-toe-grass-seed-removal-000312_png_jpg.rf.07cfa1f0a0c921d0959b21bfb3fd6360.jpg,6ebcff2cc72892ccc5cac93d1b3335a2,1
train,Healthy,../datasets/feed/train/Healthy/Image_7_jpg.rf.f6e4f57fb5a63d74b676378c26adbdc6.jpg,6ecfda8e856823ba3ae0c4a4547c6f41,3
train,Ringworm,../datasets/feed/train/Ringworm/ringworm-131-_jpg.rf.990c35d667ec15008f7d8ec2e25d8f99.jpg,6ed244e1aafdf1d54350405926676353,5
valid,Dermatitis,../datasets/feed/valid/Dermatitis/HOT-SPOT-IN-DOG-HOW-vet-treated-symptom-prevention_-flea-bite-moist-eczema_dog-itching-000478_png_jpg.rf.171694a3ff2e503adcc7736e6e77f47c.jpg,6ee67df409551b18c4189ad49437c3d0,1
train,Healthy,../datasets/feed/train/Healthy/HEALTHY_021_jpg.rf.cddbb1dbbaf0178ae8be046ce1b9c6f6.jpg,6eeb25852e89e203e2b8b75e5e2aa440,3
valid,Demodicosis,../datasets/feed/valid/Demodicosis/IMG_5159_jpeg_jpg.rf.6747984a0d0ea361ec8677e8470d48a7.jpg,6ef391885ea58532318d35567973e7b0,0
train,Demodicosis,../datasets/feed/train/Demodicosis/2024-05-13-162923_jpg.rf.0add9f4b4645ba334623a9bcbb6a1c32.jpg,6efc84a92d1ef11b9c6511aa4c6cccb8,0
valid,Healthy,../datasets/feed/valid/Healthy/dogs_020_jpg.rf.342aeec68088c5d13d13ea084c2bf129.jpg,6f14ed1345256fb54d3a1e3a9d900e52,3
train,Fungal Infections,../datasets/feed/train/Fungal Infections/FUNGAL-INFECTION_028_jpg.rf.cc5399b9c39adc0cfa47979757a41543.jpg,6f59b16f18fbaf4cf218ecc7bb4df3fe,2
train,Ringworm,../datasets/feed/train/Ringworm/WIN_20240514_17_37_36_Pro_jpg.rf.3573d81cb4511fb669f53fb3e0efe554.jpg,6f73f84a84de1137b6bb1136d7e0ada3,5
valid,Ringworm,../datasets/feed/valid/Ringworm/ringworm-18-_jpg.rf.4bd0615a6d1628a064661821f69e725e.jpg,6f75399e64adf12861209f63cb754357,5
train,Demodicosis,../datasets/feed/train/Demodicosis/IMG_5215_jpeg_jpg.rf.2392568514dd36f21b23a02556400fc5.jpg,6f86dd10dc9d9f62709592e7e592a1eb,0
train,Fungal Infections,../datasets/feed/train/Fungal Infections/pic87_jpg.rf.b9f9a75c09093740ca4eadd8f013d483.jpg,6f8aab91d443274434cf535729ca0336,2
train,Ringworm,../datasets/feed/train/Ringworm/WIN_20240514_17_41_26_Pro_jpg.rf.bd1e065f436d31d35f68a54507e694f4.jpg,6f920fdbd40242c87d787ce47d6199c6,5
train,Ringworm,../datasets/feed/train/Ringworm/DB588124-89D4-4F45-A2F8-5F569611D1E7_jpeg_jpg.rf.c3fc8669d3eb04ddb58cffdebe2e5ee1.jpg,6fc5a4835827a4de5882635fd245e244,5
train,Fungal Infections,../datasets/feed/train/Fungal Infections/pic58_jpg.rf.2dec397a60abd096ac5efda602a766be.jpg,6fcab4889b079a04b705ecc8e4d71bfb,2
train,Demodicosis,../datasets/feed/train/Demodicosis/IMG_5290_jpeg_jpg.rf.f52f6829e6d3f34ed5adb21931c70b23.jpg,6fd71a90026a4913b30b0f3153b9ae00,0
train,Fungal Infections,../datasets/feed/train/Fungal Infections/Fungal_Image_4_jpg.rf.93853892327ef8fc5ddca1a4d750a2b5.jpg,6fdfd21a846d62daf00cdcbeb1cfb738,2
valid,Dermatitis,../datasets/feed/valid/Dermatitis/OIP-20-_x4_jpg.rf.a8cb684f7f9f99ef1be9f38720c6d2d8.jpg,6fe6faee8236a1b12aab7b4386329128,1
valid,Healthy,../datasets/feed/valid/Healthy/images-18_jpg.rf.ab2c1a54f965c867953cfa42dd7ca9d7.jpg,70082e11bf321595d16127f80224ef81,3
train,Healthy,../datasets/feed/train/Healthy/Image_18_jpg.rf.ce056692b7b00c8fdfe99baf5bc6a5fb.jpg,7016c09a3550dd0a86b7026766de3a04,3
train,Ringworm,../datasets/feed/train/Ringworm/Day-28-of-ringworm-treatment_00001_jpg.rf.08f316c1bddd37b29d109208e848fa82.jpg,701e76c6993359d1c93662a50283bf39,5
train,Ringworm,../datasets/feed/train/Ringworm/ringworm-87-_jpg.rf.160f728bd663d652d84e57ddf4c269dd.jpg,7024bdaafa8b306da61dbd7f008efbd3,5
train,Dermatitis,../datasets/feed/train/Dermatitis/1000010700_x16_jpg.rf.e2074012e517a1dd333a9f28b9ec0c8c.jpg,70277f175b90158fd69d4bfa440b3036,1
valid,Ringworm,../datasets/feed/valid/Ringworm/ringworm-145-_jpg.rf.b92e6b4b473440f36f70962b7c92a00d.jpg,7027b746c0fb461bac3d50183189e313,5
train,Demodicosis,../datasets/feed/train/Demodicosis/2024-05-13-162235_jpg.rf.7445f56e68152d89a53b9e317e65d29d.jpg,70608a2757fb473b662529263b9f64e2,0
train,Healthy,../datasets/feed/train/Healthy/HEALTHY_012_jpg.rf.068365613f551f9e978ed4b3021cec04.jpg,706af7241fd98892eee888caf6215d47,3
train,Ringworm,../datasets/feed/train/Ringworm/C55DA5C6-7CDF-492D-BBDC-E65950635912_jpeg_jpg.rf.527af1a7a3f8cebd45f515b9e884b6bb.jpg,70934444086db8eeb85843a9f8fb596e,5
valid,Demodicosis,../datasets/feed/valid/Demodicosis/scabies_88_png_jpg.rf.4707a87e85637f805514c33d42402c57.jpg,709730aa49431e974991369155d7d5a0,0
train,Demodicosis,../datasets/feed/train/Demodicosis/scabies_112_png_jpg.rf.27a99c3816d48753a5c58e7f6bdba122.jpg,709798acf03de38dadc3ec3210456b68,0
valid,Demodicosis,../datasets/feed/valid/Demodicosis/P37_png_jpg.rf.6fd98335cb64265ede792e582242e2d5.jpg,7099bdc04b2fec79fb370f87e3a330c3,0
train,Fungal Infections,../datasets/feed/train/Fungal Infections/FUNGAL-INFECTION_004_png_jpg.rf.d33795414ab1d15ddadce007e1a392ea.jpg,709ce1ba7956d7578d7f413da68cd087,2
train,Fungal Infections,../datasets/feed/train/Fungal Infections/FUNGAL-INFECTION_023_jpg.rf.2317d3050a6dbb8961f9e01cdfb4bdcc.jpg,70a04fb356cd2226a699c92a2421e9da,2
train,Demodicosis,../datasets/feed/train/Demodicosis/P20_png_jpg.rf.828265f5f87244dc361d7fab8f8b0191.jpg,70a0f7f728adb8d9a1066d7787773d9d,0
train,Healthy,../datasets/feed/train/Healthy/HEALTHY_043_jpg.rf.35e3ab39ef34b7808a3c6888db9f0963.jpg,70aaca3762d13e5308a11063bf4cf4a3,3
train,Hypersensitivity,../datasets/feed/train/Hypersensitivity/1720_jpg.rf.9f19c48fd818b9ec113567a153e2922c.jpg,70b6f265854ad4d67315c43870dd1878,4
train,Fungal Infections,../datasets/feed/train/Fungal Infections/FUNGAL-INFECTION_060_jpg.rf.808db64d065ebad8617a2e0923c90336.jpg,70d0d761d042a4e5f0fbc3f7d3564539,2
train,Fungal Infections,../datasets/feed/train/Fungal Infections/FUNGAL-INFECTION_061_jpg.rf.36c120ecf0cd07ff118c284e55015af0.jpg,70e730d00074e71fe1d3f00ba4aacdb5,2
train,Dermatitis,../datasets/feed/train/Dermatitis/1000010652_x16_jpg.rf.5606300bf89e145e6f53e93d8959a8fa.jpg,70ef83232bd71106d084f5009d46f122,1
train,Demodicosis,../datasets/feed/train/Demodicosis/IMG_5330_jpeg_jpg.rf.ff9fba9e7fa14d0376218c492357f4f1.jpg,70fc8c380c172888c577262e37d18b6f,0
train,Healthy,../datasets/feed/train/Healthy/Image_1_jpg.rf.d4c2aa5839ebb34d193d9e1c0ee3f254.jpg,710eca061c47742d7cfc044c01d45a31,3
train,Ringworm,../datasets/feed/train/Ringworm/ringworm-60-_jpg.rf.46d23c12152c79831a8923d320b3ca62.jpg,7121bd908a16a20169f3e3291fcb0fee,5
train,Dermatitis,../datasets/feed/train/Dermatitis/Hot-Spot-on-_Chance_-How-to-treat-a-dog-that-you-can_t-touch_-000626_png_jpg.rf.8ccaa95a8b3a008505c0f00121e3a060.jpg,7134ac20c66ff7d542edda397c1d5af9,1
train,Ringworm,../datasets/feed/train/Ringworm/WIN_20240514_17_31_24_Pro_jpg.rf.f742c4c99bc0a7a902ed3c53f56273e3.jpg,71389be91b5a1be23cf552589cfaa203,5
train,Hypersensitivity,../datasets/feed/train/Hypersensitivity/Hypersensitivity2_png_jpg.rf.514b88b60e2ec098c4dd5886a64786bd.jpg,7138d2e6cad4848b897082edaf9d20c3,4
train,Healthy,../datasets/feed/train/Healthy/pic1_jpg.rf.38aec403ca783e402e0d75b8632c9b60.jpg,7159f09517d075ad9981beaaa4331e3a,3
train,Dermatitis,../datasets/feed/train/Dermatitis/May-is-allergy-awareness-month-here-at-The-Shot-Spot_00469_jpg.rf.21c2be9cb4ac525113dee39cc5a74ff3.jpg,7167bf219ff44b5fc38ca59f4ea7fe2b,1
train,Healthy,../datasets/feed/train/Healthy/HEALTHY_016_jpg.rf.38829eed12493ed53e65a76c148e09cc.jpg,716db81bc91c58c0ca60be1aa01c5dd7,3
train,Dermatitis,../datasets/feed/train/Dermatitis/HOT-SPOT-IN-DOG-HOW-vet-treated-symptom-prevention_-flea-bite-moist-eczema_dog-itching-000457_png_jpg.rf.dd389284380bd28905f1223a82908c2a.jpg,7170605e47179661ec8286b9fe447232,1
train,Healthy,../datasets/feed/train/Healthy/HEALTHY_018_jpg.rf.4882c2a7bc9d68d9ac856c98c08641c7.jpg,7173565050ddc43fb7170ce18f778943,3
train,Ringworm,../datasets/feed/train/Ringworm/WIN_20240514_17_36_38_Pro_jpg.rf.3469ec17161cf9f7b0e939a65ce3f0de.jpg,7179c9e868c15e4f564999f8b4866ea1,5
valid,Ringworm,../datasets/feed/valid/Ringworm/WIN_20240514_17_28_54_Pro_jpg.rf.d43e82b5b603ab5b328218c4f7b8d1e5.jpg,71971f023da45eff234610e29dde132e,5
train,Dermatitis,../datasets/feed/train/Dermatitis/hotspot-68-_jpg.rf.4434d5270fe7abdff88cd7bc40274d26.jpg,719ef90effe638bdea1b3bc688382a07,1
train,Ringworm,../datasets/feed/train/Ringworm/WIN_20240514_17_26_32_Pro_jpg.rf.1b006c9e9e94550288a1dfc0510fc12f.jpg,71aa437ed92c0bd38da54d6f4fddb6de,5
train,Demodicosis,../datasets/feed/train/Demodicosis/1-33-_png_jpg.rf.6253a8ec5277a9e82c0691aa0f947601.jpg,71af8648e8e1fcc9067c3532443640e2,0
train,Dermatitis,../datasets/feed/train/Dermatitis/HOT-SPOT-IN-DOG-HOW-vet-treated-symptom-prevention_-flea-bite-moist-eczema_dog-itching-000497_png_jpg.rf.2899deb142de22de1732d25805e1a084.jpg,71bca794ebf5ccdc3d702e408fc3c5bd,1
train,Fungal Infections,../datasets/feed/train/Fungal Infections/1739_jpg.rf.8e935cb8e9c547b43a49f58684dd9bfd.jpg,71da751f7ebe43b148944bf75048d9f5,2
train,Dermatitis,../datasets/feed/train/Dermatitis/HOT-SPOT-IN-DOG-HOW-vet-treated-symptom-prevention_-flea-bite-moist-eczema_dog-itching-000458_png_jpg.rf.dd0a016d685f59cdf449dcbf7632b07a.jpg,71db091aa72fb65262919bcb5d6f417e,1
valid,Dermatitis,../datasets/feed/valid/Dermatitis/hot-spots-suck_00049_jpg.rf.3199f75bac5049a3a01c9ef97c7af318.jpg,71e4360dcd379357c105bbdda0880fd0,1
train,Demodicosis,../datasets/feed/train/Demodicosis/2024-05-13-164224_4_jpg.rf.4a9a8fd9bdbf5ffe3d4c345b7b164db0.jpg,71f99b87373c2222fd6b10b14b53d23d,0
train,Ringworm,../datasets/feed/train/Ringworm/WIN_20240514_17_43_37_Pro_jpg.rf.f1d08098ac75f47d26e13f394898b286.jpg,71f9b2035fc953178e0eeb68b3262d71,5
train,Demodicosis,../datasets/feed/train/Demodicosis/2024-05-13-164141_jpg.rf.8881934be89965726774ecba660b4a79.jpg,72022e80e7b19d52c96496009cd69951,0
train,Healthy,../datasets/feed/train/Healthy/Image_18_jpg.rf.114f3b272c34313c513e08a02dc9e295.jpg,720c5c42b1330f5a1d08207fbe111265,3
train,Demodicosis,../datasets/feed/train/Demodicosis/IMG_5153_jpeg_jpg.rf.771a592467fe0501fe606fcaadd43ec8.jpg,7215072d9acd78fa0fd3c29ae6af844e,0
train,Healthy,../datasets/feed/train/Healthy/dogs_154_jpg.rf.ecddab83d018f753bcdcdd117644c11e.jpg,721a8ba25136a7bc2924c5c7dc7a04d6,3
train,Demodicosis,../datasets/feed/train/Demodicosis/IMG_5156_jpeg_jpg.rf.744f2c0c6af93f5bdd4971e9d85dcf2d.jpg,723a214426e3fe57dc4f35b48c7a88aa,0
train,Demodicosis,../datasets/feed/train/Demodicosis/IMG_5244_jpeg_jpg.rf.820ac9a2cd54451b357459531b77a497.jpg,724e8c875108e07f5cffebcdde3aea27,0
train,Dermatitis,../datasets/feed/train/Dermatitis/HOT-SPOT-IN-DOG-HOW-vet-treated-symptom-prevention_-flea-bite-moist-eczema_dog-itching-000149_png_jpg.rf.f73d7eb8895573ae2805e8f733a5aff5.jpg,724fabbca4bfc1fdad55f0a5db25ebbf,1
train,Ringworm,../datasets/feed/train/Ringworm/WIN_20240514_17_33_59_Pro_jpg.rf.a8f0677a955698931f867ad55e1c6aac.jpg,72728253af85f1b86bf95aa2428acc04,5
valid,Demodicosis,../datasets/feed/valid/Demodicosis/scabies_116_png_jpg.rf.4f57cb936104c42885391565448e2404.jpg,727434c237bd5b60382541ad6634a863,0
train,Demodicosis,../datasets/feed/train/Demodicosis/scabies_88_png_jpg.rf.2d379c7f5af907bddee0e7bf064ef685.jpg,727bab53d1a866a880f5836bb1dd76a4,0
train,Fungal Infections,../datasets/feed/train/Fungal Infections/FUNGAL-INFECTION_055_jpg.rf.2c9d977124cb3ae5a60e6b01e67ca789.jpg,7284cb00a56582f98f908c4cb45b2872,2
train,Ringworm,../datasets/feed/train/Ringworm/ringworm-29-_jpg.rf.e1233eab08138a7b7434bb3cf8cd3351.jpg,728d411c6de3c28acac4a6a04f01ed9e,5
train,Hypersensitivity,../datasets/feed/train/Hypersensitivity/B9781416056638000070_f007-027-9781416056638_jpg.rf.e33075f4dfb32443bf106e7ca997ad25.jpg,729936d9501a9b22f2c0c815b3eab060,4
train,Dermatitis,../datasets/feed/train/Dermatitis/1000010511_x16_jpg.rf.9d8e3bb2c654493a4fabc11be41f74ad.jpg,729c1b6a0e3b7fc43e2fe07d3583166f,1
train,Demodicosis,../datasets/feed/train/Demodicosis/scabies_128_png_jpg.rf.bd85c9aa74f4c2b9955116de72bf1920.jpg,72a4cf111537bb7771877c11fecb124e,0
train,Dermatitis,../datasets/feed/train/Dermatitis/1000011978_x4_jpg.rf.f4ebd889f6d52127373da58614fb4b58.jpg,72a63a0fec809a541ab75c15481893c5,1
train,Dermatitis,../datasets/feed/train/Dermatitis/May-is-allergy-awareness-month-here-at-The-Shot-Spot_00121_jpg.rf.b28c969cdc7468f47dbb575b2241eba9.jpg,72a97126997fca7ab628b76e3535f4f8,1
train,Ringworm,../datasets/feed/train/Ringworm/436827116_313204271618259_7494145659042912998_n_jpg.rf.c390095988b4b7d5afae69289847508c.jpg,72aa6bec3940ce5b04026173d26938d0,5
train,Demodicosis,../datasets/feed/train/Demodicosis/IMG_5182_jpeg_jpg.rf.2cfbd04f0904d7f42e29a823250eff10.jpg,72e0aada428b04da58dbb7d14b91636f,0
train,Healthy,../datasets/feed/train/Healthy/HEALTHY_029_jpg.rf.37569bd0b15c21b2026fc66968bf92c2.jpg,7307e3080dd00ad312f8fcb5b117b8ac,3
train,Ringworm,../datasets/feed/train/Ringworm/436690070_400352989482816_2231845472517013715_n_jpg.rf.8fb14e324aa87f76d87c3ac42db29490.jpg,731632d3cd953d4fb9e53570386a82d1,5
train,Ringworm,../datasets/feed/train/Ringworm/WIN_20240514_17_29_59_Pro_jpg.rf.5ce6f322353520bc1eb2d28875e16af8.jpg,733b20b6e0117a1b8aff0a6e261494de,5
train,Dermatitis,../datasets/feed/train/Dermatitis/1000010721_x16_jpg.rf.e5365d6df280c6d0c629e1267e535c16.jpg,733b618a01adf6c695cd34a357c7a36a,1
train,Fungal Infections,../datasets/feed/train/Fungal Infections/Fungal1_png_jpg.rf.f37512ca02eeea22abd7cc7a0ba41890.jpg,733d64492b03922d9c6b529ef08bf4cd,2
train,Healthy,../datasets/feed/train/Healthy/dogs_096_jpg.rf.22e968425da3b794b0477d11df173125.jpg,7345089a44f00ef7c0bd387cec7818a1,3
train,Ringworm,../datasets/feed/train/Ringworm/ringworm-145-_jpg.rf.011132cc7cac050977d9e3a57c4d1826.jpg,7356612ed68e7de1664c92e3c00c60de,5
train,Ringworm,../datasets/feed/train/Ringworm/NEWR25_png_jpg.rf.d57f87879a5ad7fa610ba5e01add8b52.jpg,735e8438fb58a31386d3662461e50736,5
train,Ringworm,../datasets/feed/train/Ringworm/NEWR50_png_jpg.rf.393d24f64a4f3a6e191582660cfe046b.jpg,7399bb12a144f016355740259b1732a7,5
valid,Fungal Infections,../datasets/feed/valid/Fungal Infections/fung2_jpg.rf.257bc73275d40d73e3a701b05a8ad320.jpg,73c0bda7669aaf59494d369a09539ccb,2
valid,Hypersensitivity,../datasets/feed/valid/Hypersensitivity/hps11_jpg.rf.e6a2797c235fc0daf804a0fc18e5330d.jpg,73d2df4237ddf57f58916b1afcdddd34,4
train,Ringworm,../datasets/feed/train/Ringworm/ringworm-109-_jpg.rf.cc6f1869695349d28dd3dd3b1ae34511.jpg,73d36c8c9d8f2a9f64f3980263e446e9,5
train,Demodicosis,../datasets/feed/train/Demodicosis/2024-05-13-133920_2_jpg.rf.b3b2da2b4d4db9eb4a7471248f24f536.jpg,73ecc35b7e09034c388920e6e80760ec,0
valid,Dermatitis,../datasets/feed/valid/Dermatitis/Hot-Spot-on-_Chance_-How-to-treat-a-dog-that-you-can_t-touch_-000613_png_jpg.rf.19a34103f354af93579f2aca1528620a.jpg,73f03b42579b7d5c421cc9f8faf10d6a,1
train,Dermatitis,../datasets/feed/train/Dermatitis/HOT-SPOT-IN-DOG-HOW-vet-treated-symptom-prevention_-flea-bite-moist-eczema_dog-itching-000494_png_jpg.rf.b863d8a455bfc7818676c9868f584bd2.jpg,7402fb45469c53d57d26aeec5f1d31f7,1
train,Dermatitis,../datasets/feed/train/Dermatitis/Hot-Spot-on-_Chance_-How-to-treat-a-dog-that-you-can_t-touch_-000615_png_jpg.rf.4ad7faa997fb11815753a0d6bd983f84.jpg,7426479c7de3c56fd50d76e66a792355,1
valid,Dermatitis,../datasets/feed/valid/Dermatitis/231160892_518946332645147_3656949587182572307_n_jpg.rf.3cac7f56c3e7e537ae6eac67ba142cfd.jpg,74295227d5ef7b52c635760776a14228,1
valid,Ringworm,../datasets/feed/valid/Ringworm/ringworm-29-_jpg.rf.d053c71635be3c886a8a70201ebb1854.jpg,742baa199f3d6426942b9d265db5295f,5
train,Dermatitis,../datasets/feed/train/Dermatitis/HOT-SPOT-IN-DOG-HOW-vet-treated-symptom-prevention_-flea-bite-moist-eczema_dog-itching-000495_png_jpg.rf.d4881598c14db73968a46020872fb366.jpg,7434a08c057e692322211d71128c8d5b,1
train,Fungal Infections,../datasets/feed/train/Fungal Infections/pic18_jpg.rf.18d8233a71cbc4b95a8ed48a508bf6a5.jpg,7446d4b462fd855e28c9e9fc98d99d4d,2
train,Healthy,../datasets/feed/train/Healthy/images-51_jpg.rf.571cc7c3f473de9d910a1341949b142c.jpg,749985ac0131bd25574675f03a07869b,3
train,Fungal Infections,../datasets/feed/train/Fungal Infections/FUNGAL-INFECTION_045_jpg.rf.acf77b21f347d0fe5fe67e6fbbf8d750.jpg,74b3284ad4c35f3939cdc928e08b68c0,2
valid,Ringworm,../datasets/feed/valid/Ringworm/R49_png_jpg.rf.0a3338828fe37eb6083fb0335c6c48e9.jpg,74cb49b3dfd7dda0a45ee9ad433ae41c,5
train,Dermatitis,../datasets/feed/train/Dermatitis/HOT-SPOT-IN-DOG-HOW-vet-treated-symptom-prevention_-flea-bite-moist-eczema_dog-itching-000357_png_jpg.rf.8a28a2cae15503fd16be3b90d961a129.jpg,74d8ca5613204a349eb3b3bec821d949,1
valid,Fungal Infections,../datasets/feed/valid/Fungal Infections/fung2_jpg.rf.56c2c5893a2aaeb9ea05a230d65f4f15.jpg,74e79c68cb887b80bc9d5f87d56a8e07,2
valid,Fungal Infections,../datasets/feed/valid/Fungal Infections/fung4_jpg.rf.0b99c4040157e93f5807b26d73e209ab.jpg,74ee5b61440d37804d435209f636dfaa,2
train,Ringworm,../datasets/feed/train/Ringworm/WIN_20240514_17_36_20_Pro_jpg.rf.aff678f8be27db6f37981f1a6d1cd9c4.jpg,74ef724a61ec2e912c2234ed1308138f,5
train,Fungal Infections,../datasets/feed/train/Fungal Infections/FUNGAL-INFECTION_009_jpg.rf.311dbfe346db40d5d923d87d0307ac45.jpg,74f12fb6829e19d5be8ab414285358f6,2
train,Ringworm,../datasets/feed/train/Ringworm/1000010667_x16_jpg.rf.398ed2fb54ed0435473b2137a232f2a1.jpg,74f950cfd80461786cb08617dd3b65a4,5
train,Dermatitis,../datasets/feed/train/Dermatitis/1516253873174_x4_jpg.rf.a3d57786296728cb05f4b1eabbef2bc8.jpg,74fa6775519cbc65a164e4e18bda79b1,1
train,Dermatitis,../datasets/feed/train/Dermatitis/1000010607_x4_jpg.rf.5a6bee0a1c7b8452fb80246f99a32f68.jpg,74fdc58549b9ddd92c0c0d796b4a8250,1
train,Healthy,../datasets/feed/train/Healthy/dogs_020_jpg.rf.61ba1e7abdf9b9c3a08b273b5b8f01f2.jpg,751b20aa80b9947c1c2ee0036ae870ba,3
train,Fungal Infections,../datasets/feed/train/Fungal Infections/fungal3_jpg.rf.aeeeab639efa3b439e73289f96c25409.jpg,753f44689785d3fcd9e9231be2a92791,2
train,Ringworm,../datasets/feed/train/Ringworm/1000010644_x16_jpg.rf.e6db91da4306adfe9bddacd380de8733.jpg,7546de38aa36681a1c0eb9edc1dd0590,5
valid,Dermatitis,../datasets/feed/valid/Dermatitis/Bacterial1_png_jpg.rf.7e9188cbd1d0ef102569999efd10eaae.jpg,75660aa719c7eb34027f9f59395d9ac5,1
train,Ringworm,../datasets/feed/train/Ringworm/R10_png_jpg.rf.9706e0b97f794aa4f465036052034277.jpg,758cb3e27b44f359f56692fdd91e1aea,5
valid,Fungal Infections,../datasets/feed/valid/Fungal Infections/Fungal_Image_2_jpg.rf.a685f2124d40ac9f34d19150edd0c503.jpg,75a86e725fe07bd31a8f06b53be19787,2
train,Healthy,../datasets/feed/train/Healthy/images-57_jpg.rf.8b01c1cae7cea4b6107891236075d926.jpg,75ac8f9d07ab0e60643f5f83be026892,3
valid,Healthy,../datasets/feed/valid/Healthy/HEALTHY_027_jpg.rf.242891ab82ccede6887e39701903d905.jpg,75c11600e87289c7860ed1b8cd1a893f,3
valid,Hypersensitivity,../datasets/feed/valid/Hypersensitivity/B9781416056638000070_f007-044-9781416056638_jpg.rf.6db933461ad5b9afe17e6f325ceb7ae0.jpg,75c2c919e6bdf40b07b42c0bd48258f0,4
train,Dermatitis,../datasets/feed/train/Dermatitis/hot-spots-suck_00235_jpg.rf.03b60c6c3236c91d3a592b5448f66874.jpg,75c96a40cf68578afb4c7f477363990f,1
train,Demodicosis,../datasets/feed/train/Demodicosis/2024-05-13-162700_jpg.rf.f2a0e1750800eb433597a7aaa7440623.jpg,75d83e1e4fc02acf54255af778bef056,0
train,Healthy,../datasets/feed/train/Healthy/HEALTHY_006_jpg.rf.54ab882b8af1616d38686cda82a26db6.jpg,75f2ab47708c943d4fe952d68b0549a0,3
train,Dermatitis,../datasets/feed/train/Dermatitis/1000011971_x4_jpg.rf.8cc46bae14acb02f39f2dea081f06a41.jpg,760d7dec20da2b64d72f068356db379d,1
train,Ringworm,../datasets/feed/train/Ringworm/436640003_939449091294830_7683376979877978508_n_jpg.rf.d17cb5bfbfba0dbdbd64bb8809895245.jpg,761661c9fe75156f94f62ccaff1be7f1,5
train,Ringworm,../datasets/feed/train/Ringworm/WIN_20240514_17_26_50_Pro_jpg.rf.414014bbf83500f18c5f5053bcc94b6b.jpg,762b724aed6f9d32e157f378aebe9a47,5
train,Fungal Infections,../datasets/feed/train/Fungal Infections/1260_jpg.rf.928db70682ace4d3bfd848ce65ea74a0.jpg,763d125224e5fa46eba60f24346728a3,2
valid,Ringworm,../datasets/feed/valid/Ringworm/ringworm-16-_jpg.rf.bf5deda351e87d8c9aa454463451cfe1.jpg,76474939cdd632066ffd92ae537f3b1b,5
train,Ringworm,../datasets/feed/train/Ringworm/R7_png_jpg.rf.ce0db1905285df77d680f95b9906e2b1.jpg,764ac4d7bea83156b3b832d37b440d68,5
train,Ringworm,../datasets/feed/train/Ringworm/ringworm-7-_jpg.rf.b4e67d610b67acb41fba7230bca9e926.jpg,765181dadf59726328080bad93fef689,5
valid,Ringworm,../datasets/feed/valid/Ringworm/R50_png_jpg.rf.6bd79999d8e55320b54096deff8f3482.jpg,765c4a3fb01d55a2a07682ab0e245cb9,5
train,Healthy,../datasets/feed/train/Healthy/dogs_044_jpg.rf.0bb1fc63615c8cd852acd6371af8a594.jpg,76600f58396630a4579e5d29cd3a3171,3
train,Fungal Infections,../datasets/feed/train/Fungal Infections/FUNGAL-INFECTION_040_jpg.rf.445f68bc9930dfa626263634e0e38751.jpg,7665f8d0d0b32db502f479bb3a837cfa,2
train,Demodicosis,../datasets/feed/train/Demodicosis/1-2-_jpg.rf.7a0f5033413fcf8dce4186561c525462.jpg,7672ae593f42012cdeaa0ca6e77f112d,0
train,Demodicosis,../datasets/feed/train/Demodicosis/scabies_120_png_jpg.rf.b35e80ef458f303d09db1840edbce97a.jpg,76ba0d91c78d1996dc058986d6e99be0,0
train,Fungal Infections,../datasets/feed/train/Fungal Infections/FUNGAL-INFECTION_016_jpg.rf.963a4c6106f36c70aa412a94bd7c2b14.jpg,76c62c746f12274005d02d86c6ff944f,2
train,Dermatitis,../datasets/feed/train/Dermatitis/May-is-allergy-awareness-month-here-at-The-Shot-Spot_02323_jpg.rf.a0872a7047c8c8bd9e68aec509226b52.jpg,76c8753ccda9434c7dd8021e6f4afe01,1
train,Ringworm,../datasets/feed/train/Ringworm/ringworm-77-_jpg.rf.416f352141f85322cde76b342a81e7f9.jpg,76d93b3ddde9c39fc70fb5005f2d6f45,5
train,Demodicosis,../datasets/feed/train/Demodicosis/2024-05-13-163218_jpg.rf.3faa5f93a72a70c2f7766cb3974149b5.jpg,76dffb982458af31747a14d56366279a,0
train,Ringworm,../datasets/feed/train/Ringworm/ringworm-56-_jpg.rf.ba3d51892b615a4b1baef7adce8c1570.jpg,76e6e81ca7324f21174de6aed7f5e3ff,5
valid,Ringworm,../datasets/feed/valid/Ringworm/NEWR28_png_jpg.rf.f1947ea62bf38cffdbb2d346b80a4189.jpg,76fc6f988fb38309c7f77723dc2ff5b9,5
train,Healthy,../datasets/feed/train/Healthy/HEALTHY_043_jpg.rf.45095770d192f760f0807861bcbdaceb.jpg,770061e2c62a8d6e9486fa60e6fb8c98,3
train,Demodicosis,../datasets/feed/train/Demodicosis/scabies_91_png_jpg.rf.51fe6995cf07e2e8980a0bc4e867db48.jpg,77060e234812ae2c5a3aae7b4fe4674f,0
train,Ringworm,../datasets/feed/train/Ringworm/R53_png_jpg.rf.86fa0312be4457d8d0058f8839678c20.jpg,7734a9f17cc730243b189116195765c1,5
train,Hypersensitivity,../datasets/feed/train/Hypersensitivity/B9781416056638000070_f007-002-9781416056638_jpg.rf.4ab9952a89984959011d5becc35720fb.jpg,7738a566e16d1dec1000003aa0b51c87,4
train,Healthy,../datasets/feed/train/Healthy/dogs_146_jpg.rf.8c73257b00df9ad147908df84840670a.jpg,77451e43d1504c4741f0fbe3cb77aef7,3
train,Fungal Infections,../datasets/feed/train/Fungal Infections/fung1_jpg.rf.04fd33915fc7b2ba3cc35f295feefbfa.jpg,774cfbf012574a50c87e9d5b6239a370,2
train,Ringworm,../datasets/feed/train/Ringworm/flea_allergy-46-_jpg.rf.3ec538c2d321dc725a3050aa40e375d1.jpg,774d6eaba3ddd29c1638e1fbeec5f47a,5
train,Dermatitis,../datasets/feed/train/Dermatitis/Reply-to-don-t-let-your-dog-suffer-in-silence_00001_jpg.rf.bce11e58e1b8a0f332c0935005a8c930.jpg,7769e99eecd0628c0fed39487048fdcb,1
train,Ringworm,../datasets/feed/train/Ringworm/ringworm-105-_jpg.rf.ba0707bdb42373291cc735cef86140eb.jpg,776b48d7f87b8b4895ed2f5c2995709c,5
train,Demodicosis,../datasets/feed/train/Demodicosis/scabies_113_png_jpg.rf.cdeecdff6165c2b2433ae255b52f7a8e.jpg,779b1817e39df5fa1a3d75931a11fd5c,0
valid,Healthy,../datasets/feed/valid/Healthy/dogs_113_jpg.rf.94d146bef3c79faa2590857dd7d033f8.jpg,77a9ad4221d6de3c187d0c95ee845456,3
train,Demodicosis,../datasets/feed/train/Demodicosis/IMG_5286_jpeg_jpg.rf.934c954449e3e06347a552cb4e2f8796.jpg,77bf0b41deda4ee9e8f717da2f0a2940,0
valid,Healthy,../datasets/feed/valid/Healthy/dogs_037_jpg.rf.3cf6b33d80c9e4c70d55e84f7aa7089a.jpg,77c3adea7f35f48ec7e6da96b450b400,3
train,Ringworm,../datasets/feed/train/Ringworm/NEWR21_png_jpg.rf.ee0245d502ca5e53a56221244eddb2eb.jpg,77d9991d7ad4bd19e9a8b10b0a22f3b8,5
valid,Dermatitis,../datasets/feed/valid/Dermatitis/1000010608_x16_jpg.rf.c1abd03c96a8a1242a2db20996fbd2fd.jpg,77e4e3f62efd15f114c6ed52bbabed38,1
train,Demodicosis,../datasets/feed/train/Demodicosis/P18_png_jpg.rf.951754a044c3850dc4e75c4ceb81792e.jpg,77ed50c785a8780e4f56f1f112936f2d,0
train,Hypersensitivity,../datasets/feed/train/Hypersensitivity/23_jpg.rf.da01d0354ae986ac47d3d37cad97e123.jpg,77ee6270561ef8beb9d5d3b97b016902,4
valid,Dermatitis,../datasets/feed/valid/Dermatitis/May-is-allergy-awareness-month-here-at-The-Shot-Spot_00529_jpg.rf.db596e28afc577e7be5b550d51af3e5a.jpg,77f540cc6431a1fe751d3be50c462c44,1
train,Demodicosis,../datasets/feed/train/Demodicosis/P30_png_jpg.rf.8ddfa0c1bbaa69a5bb1cffa0979a7b9c.jpg,782d9394294413ded8fe1d9e1bcdb1a3,0
train,Dermatitis,../datasets/feed/train/Dermatitis/Hot-Spot-on-_Chance_-How-to-treat-a-dog-that-you-can_t-touch_-000615_png_jpg.rf.d7f41f7334d23a8a635046b332f29c38.jpg,7838f343a6b944fc98506f35c88e6426,1
valid,Dermatitis,../datasets/feed/valid/Dermatitis/1000010518_x4_jpg.rf.c3836d2fb3f0bae1fd828279b4d249a0.jpg,787fc37e3c4c0c37c7c32d548346ff30,1
train,Dermatitis,../datasets/feed/train/Dermatitis/May-is-allergy-awareness-month-here-at-The-Shot-Spot_01366_jpg.rf.838d6746148d23faaf448b807fbbacdd.jpg,789051713bcfb39cdf43653fc39d7b7b,1
train,Dermatitis,../datasets/feed/train/Dermatitis/OIP-5-_x4_jpg.rf.2dacf03a6363ff91c234eb73fc2bcf48.jpg,789f788b5a1445e7b8664e24f0cbb4fd,1
train,Dermatitis,../datasets/feed/train/Dermatitis/HOT-SPOT-IN-DOG-HOW-vet-treated-symptom-prevention_-flea-bite-moist-eczema_dog-itching-000500_png_jpg.rf.f433d7e7b6a55ce89d3a4df490f3a4cc.jpg,78c013176faa135f006e1b4046c27ed7,1
train,Healthy,../datasets/feed/train/Healthy/HEALTHY_050_jpg.rf.e2fdd30440456807043420a4454e1ac2.jpg,78c8774845c23a0072ed7cc778dbc44a,3
valid,Demodicosis,../datasets/feed/valid/Demodicosis/1-5-_jpg.rf.83fcb30fbd111ae6eedc5ff289a018dc.jpg,78d7a6a0063424700278834b4a6f5542,0
train,Dermatitis,../datasets/feed/train/Dermatitis/HOT-SPOT-IN-DOG-HOW-vet-treated-symptom-prevention_-flea-bite-moist-eczema_dog-itching-000361_png_jpg.rf.85357590d415ed6776a2f1b8378d8bf0.jpg,78e7abf31d13b4dab25d4d7e198fac85,1
train,Dermatitis,../datasets/feed/train/Dermatitis/IMG_4525_jpg.rf.c2c16930457809b365352ee7a9f489f0.jpg,78f1418be2d2dcd6cde8acc8eb41e830,1
train,Demodicosis,../datasets/feed/train/Demodicosis/scabies_123_png_jpg.rf.751f888cdf82447049b152c433df4178.jpg,78f4664e5b236d39c908eb23a6d72b09,0
train,Healthy,../datasets/feed/train/Healthy/dogs_172_jpg.rf.faab0e30907c38d9ece9a51f42d703f4.jpg,79076dddd67fe0f272bcce1765d7c364,3
train,Ringworm,../datasets/feed/train/Ringworm/WIN_20240514_17_28_35_Pro_jpg.rf.efb2dc703a46cc35c8aa62921fba3605.jpg,793338975289f8eeb763adbf83acfef0,5
valid,Fungal Infections,../datasets/feed/valid/Fungal Infections/fung4_jpg.rf.c8aa6529a44bd2c4e5a1eedb6cf41552.jpg,79382a42d76a811ab92e3632a034fc1d,2
train,Dermatitis,../datasets/feed/train/Dermatitis/Bacterial_1_png_jpg.rf.9dc1b4bfa1a7833ee16b1fd7cd7cabd8.jpg,795e53fe2f01c6ac9ecf4635b2a88293,1
train,Hypersensitivity,../datasets/feed/train/Hypersensitivity/6_jpg.rf.fef2e6fb7c52036a1959db376984d14e.jpg,796e39dff6b1922b4c66814a675b4563,4
train,Ringworm,../datasets/feed/train/Ringworm/R16_png_jpg.rf.e18d27346235a8ce2092ee1327986bd6.jpg,79863f153e2941f29df68571d06b89c7,5
train,Demodicosis,../datasets/feed/train/Demodicosis/2024-05-13-165025_jpg.rf.db78bcb56a2853b5ba9472bb42ec6e0a.jpg,799436da6667f0107971a1b16f1230d2,0
train,Ringworm,../datasets/feed/train/Ringworm/WIN_20240514_17_38_28_Pro_jpg.rf.8651bd41530eea314ed9062b0dab4fb0.jpg,79971078e42bfeab09775cd397ffe488,5
train,Healthy,../datasets/feed/train/Healthy/Image_24_jpg.rf.b2ef0e89d65b8c425261351b17b9266a.jpg,7998454a82faba733a2521bcb3152661,3
train,Hypersensitivity,../datasets/feed/train/Hypersensitivity/B9781416056638000070_f007-027-9781416056638_jpg.rf.1621efe7ca9fe1a98a0452f9773d135d.jpg,7999fa3dc46b88c7ede7b295e0ffd9b1,4
train,Demodicosis,../datasets/feed/train/Demodicosis/1-49-_png_jpg.rf.d055e684beb513f2af8fc5afe6c29f14.jpg,79b700b667bcb472272155c81de0daae,0
valid,Dermatitis,../datasets/feed/valid/Dermatitis/hotspot-57-_jpg.rf.d7eca36d88c8425565aaf4a05f031246.jpg,79d3f753d933186f51617a9b1291badf,1
valid,Demodicosis,../datasets/feed/valid/Demodicosis/1-30-_png_jpg.rf.00c20784ac30acd5b42745344ba526e2.jpg,79e44e981af822fe946403709bf107ca,0
train,Ringworm,../datasets/feed/train/Ringworm/ringworm-89-_jpg.rf.deb141cc94b46457fe0b5e4edee4c467.jpg,79fad7a3aa86902fd8a366e593bd4450,5
train,Ringworm,../datasets/feed/train/Ringworm/WIN_20240514_17_28_12_Pro_jpg.rf.0417647960656ec8d7b2abcbce3838cc.jpg,79fc257f02e7bce962478c134d717ba4,5
train,Dermatitis,../datasets/feed/train/Dermatitis/Lick_granuloma_1_jpg.rf.a76331081d380f990dc2d6e600473079.jpg,79feae449f24b615f441b85e2c3308a6,1
train,Healthy,../datasets/feed/train/Healthy/assets_blog_10WaystoImproveDogsSkinandCoat_1604617807349-brown-fluffly-dog-laying-on-bed-with-health-coat_jpg.rf.cd860cd0e877a9b9b8105a29697df102.jpg,7a17a49aeace1270610ff1aa63795860,3
train,Healthy,../datasets/feed/train/Healthy/pic3_jpg.rf.e135cb398d33135e2934307e5783df65.jpg,7a41e64d0e1cff27f450c3e601ebb757,3
valid,Healthy,../datasets/feed/valid/Healthy/Image_3_jpg.rf.43497e7b729341662bc05d4977810249.jpg,7a4a7565bdc855da8c3d74067437a2db,3
train,Hypersensitivity,../datasets/feed/train/Hypersensitivity/B9781416056638000070_f007-037-9781416056638_jpg.rf.06b85510d0776451f4b20fb91bd921b3.jpg,7a4fbcc6ecaab407eeadb7f22cc37b03,4
train,Healthy,../datasets/feed/train/Healthy/dogs_143_jpg.rf.b2679ba40d374df0982a58afd90bd9aa.jpg,7a6090001b7e0742a2bf7747ab01b6de,3
train,Dermatitis,../datasets/feed/train/Dermatitis/50_jpg.rf.4f8c1b4c864369121f5701f0319568f8.jpg,7a60d2729d5685a94c706a378618dac9,1
train,Dermatitis,../datasets/feed/train/Dermatitis/hotspot-13-_jpg.rf.bde797fc3d8f4d11b1af848c3c23e507.jpg,7a8e80fd3258ec24e5d1b1c379348e5f,1
train,Dermatitis,../datasets/feed/train/Dermatitis/HOT-SPOT-IN-DOG-HOW-vet-treated-symptom-prevention_-flea-bite-moist-eczema_dog-itching-000476_png_jpg.rf.931de883bfdc2c6a6b52e24e739d74fc.jpg,7a9159e55d2e5ee1e0c1e3496644ffee,1
train,Dermatitis,../datasets/feed/train/Dermatitis/hotspot-55-_jpg.rf.cf5ae4a63ec16e0c826abc6a96fd624f.jpg,7aa9c9efe20aa2ebd020b0fb2f908862,1
valid,Demodicosis,../datasets/feed/valid/Demodicosis/1-60-_png_jpg.rf.3e1ce1a21958d2d78a151f4097494735.jpg,7acae83e5fc4d19fb640616400eeb86a,0
train,Ringworm,../datasets/feed/train/Ringworm/ringworm-94-_jpg.rf.c95980933327c4e6fb2f2b88e20fc556.jpg,7ad8d940f800258ebd5afbf799e0c858,5
train,Ringworm,../datasets/feed/train/Ringworm/NEWR54_jpeg_jpg.rf.2cc39d91d0e5df56aded0513b22ed48f.jpg,7adb93aa11acefdb6b486ac8d172eb71,5
train,Dermatitis,../datasets/feed/train/Dermatitis/hotspot-63-_jpg.rf.73c9484a711045f763c76a6764262571.jpg,7ae5951bd64339f6b006dab48ecdb4ff,1
train,Dermatitis,../datasets/feed/train/Dermatitis/HOT-SPOT-IN-DOG-HOW-vet-treated-symptom-prevention_-flea-bite-moist-eczema_dog-itching-000455_png_jpg.rf.1390fd86d2a94c6076ef9c34161b62ca.jpg,7aec3664a03d8c1247f933053df6b0cd,1
train,Demodicosis,../datasets/feed/train/Demodicosis/2024-05-13-133205_2_jpg.rf.d5cce6e45cb35327bddf19224f24efbf.jpg,7b0a2be5823c40d32482fd428b16ba7a,0
train,Fungal Infections,../datasets/feed/train/Fungal Infections/1172_jpg.rf.9d6a891c534d9bbfe49277c7f8e82640.jpg,7b0f5c72e1bda770daa851ec8d35edab,2
train,Fungal Infections,../datasets/feed/train/Fungal Infections/fung4_jpg.rf.f0c753a0d5c9a85d32324719daed1bfe.jpg,7b348f60dae39238559996d66eb18952,2
valid,Healthy,../datasets/feed/valid/Healthy/HEALTHY_034_jpg.rf.ac6f402da6b46949aca0db4e5af80655.jpg,7b3f1f3f025461987bf7ac634db11650,3
train,Healthy,../datasets/feed/train/Healthy/Image_2_jpg.rf.1550249cb42dafbc8fd37595fa97c790.jpg,7b589111c41400674379503b3ca6d065,3
train,Hypersensitivity,../datasets/feed/train/Hypersensitivity/20_jpg.rf.094aebcd30fb6ba99ecbe66a10d0a56b.jpg,7b5a0e5f5acf5e075e810d9e7629a701,4
valid,Healthy,../datasets/feed/valid/Healthy/HEALTHY_007_jpg.rf.779922676422851675b5c3843b3b4df0.jpg,7b67feeb1977218fcd4ae2d40174ba53,3
train,Dermatitis,../datasets/feed/train/Dermatitis/1000010626_x4_jpg.rf.eca2e29354d97eadd10e1156328d5195.jpg,7b6bbe29bbd76e57c453ee8b090570c6,1
train,Demodicosis,../datasets/feed/train/Demodicosis/IMG_5162_jpeg_jpg.rf.467051043d3382d2db1a85d9067f7771.jpg,7b828d68842adc2ded2437f202049f9e,0
valid,Demodicosis,../datasets/feed/valid/Demodicosis/P38_png_jpg.rf.1b364a2db5032786049be5925f18c4c6.jpg,7b88842c67a9aeb9f7a0398fe16981b5,0
train,Dermatitis,../datasets/feed/train/Dermatitis/bacc3_jpg.rf.327070ace41def9abbe830ab55e03585.jpg,7b9b875da6f5dc60c874fba37b75e0ac,1
train,Fungal Infections,../datasets/feed/train/Fungal Infections/FUNGAL-INFECTION_058_jpg.rf.95b1d65e6ed7cb97639f831c45cd542c.jpg,7ba731200ac51c2fbcf305acc64fe2bc,2
train,Healthy,../datasets/feed/train/Healthy/HEALTHY_036_jpg.rf.c80e5faf67b6c3b34c7384d2c6e3bfe2.jpg,7ba8e3ed676cd0f81220a37f07cca512,3
train,Healthy,../datasets/feed/train/Healthy/HEALTHY_024_jpg.rf.95119b0ca7cb444e6a1330aeed99352d.jpg,7bb550c1c06763ea0a3c889abf86ec69,3
train,Demodicosis,../datasets/feed/train/Demodicosis/1-2-_png_jpg.rf.33d914f72c7abaa27fd5d26dcfd2bc3a.jpg,7bc1ee17b53ed69a98384e1fc053aedf,0
valid,Ringworm,../datasets/feed/valid/Ringworm/8097D5C3-C6C2-43C2-B1B7-566A25D1DF08_jpeg_jpg.rf.7ca623fe5dd752b57d6168ad6af497a1.jpg,7bd659c38e78d8cd3fd43bfdf72e9443,5
train,Healthy,../datasets/feed/train/Healthy/pic46_jpg.rf.9d8d9647c5037d1f9638a3bc4dc4c074.jpg,7bdd8b59fb642149f8f558a2630c5b3b,3
valid,Ringworm,../datasets/feed/valid/Ringworm/ringworm-144-_jpg.rf.a3a36828aaa5eb5aad29e01d4c9d7b79.jpg,7be1978a8f55da33cacb07071d6f7ea4,5
train,Hypersensitivity,../datasets/feed/train/Hypersensitivity/B9781416056638000070_f007-022-9781416056638_jpg.rf.a1cf93863935bb1d750499fbf6bb264f.jpg,7be5abefce4d46f9ff24dd151271e953,4
train,Healthy,../datasets/feed/train/Healthy/dogs_001_jpg.rf.316a5b99cedba51cafb78a5653356d7e.jpg,7bf85099c7da6e4f3fc261f33bfc430c,3
train,Healthy,../datasets/feed/train/Healthy/dogs_082_jpg.rf.d92adca3fc82f5333ccdca3e096e7f5a.jpg,7bf9a9852956d713ab859d466abc399f,3
train,Healthy,../datasets/feed/train/Healthy/pic62_jpg.rf.70836c2ac216760799a09da42d17601b.jpg,7c203ff03a69ab26bdc34ed8429c2e8d,3
train,Ringworm,../datasets/feed/train/Ringworm/ringworm-101-_jpg.rf.82b0b4b2619f49d28aeacc7a81bdde47.jpg,7c52cc9f7f0007a631c91a0ba44becc6,5
valid,Demodicosis,../datasets/feed/valid/Demodicosis/1-2-_jpg.rf.5a4647ac59593e027b754e91875cbda0.jpg,7c555f0b2173e7cf8b40394e0c3c7bbe,0
train,Fungal Infections,../datasets/feed/train/Fungal Infections/FUNGAL-INFECTION_022_jpg.rf.b1ed3a198c7e91159aee844777250930.jpg,7c8c3f0a90c461c280f7af98fa156281,2
train,Healthy,../datasets/feed/train/Healthy/HEALTHY_059_jpg.rf.fba1ca30b4230fe03784250c76b12162.jpg,7cb9dab1ea4bc59d7acfbc4ebbdb803c,3
valid,Ringworm,../datasets/feed/valid/Ringworm/ringworm-36-_jpg.rf.0fc51cebaadb9a13a59fad6765596397.jpg,7cba29b03a86fff04282c65a4c1afbe2,5
train,Demodicosis,../datasets/feed/train/Demodicosis/2024-05-13-134023_4_jpg.rf.a0b4b97f957590913f197fcebebfdd70.jpg,7cc20fed895fd4117b3530030e9bb2f9,0
train,Hypersensitivity,../datasets/feed/train/Hypersensitivity/B9781416056638000070_f007-003-9781416056638_jpg.rf.a08ad006bad0fb39d844368858c6a536.jpg,7cd88c0cab588ee5e9afaec957ff10e6,4
valid,Dermatitis,../datasets/feed/valid/Dermatitis/1000010765_x4_jpg.rf.8edce96e6a4b519e65b50a27a9ebacee.jpg,7cef3d39ad6bcd847b12493cc1c31896,1
valid,Dermatitis,../datasets/feed/valid/Dermatitis/hot-spots-suck_00070_jpg.rf.6ab7687539ed39e1f64b82bd34bc3406.jpg,7cf193fa585b81f4f6610d9e35547143,1
valid,Healthy,../datasets/feed/valid/Healthy/Image_1_jpg.rf.f444e810b2e287559988dcdfcd05e6e7.jpg,7d0b46da609bc9115c299135d8de1308,3
train,Demodicosis,../datasets/feed/train/Demodicosis/2024-05-13-162741_jpg.rf.8bf087b35c2960e782498016ffb9db98.jpg,7d0e092a4e0be0010622f96a8d95ba8d,0
train,Demodicosis,../datasets/feed/train/Demodicosis/scabies_126_png_jpg.rf.9afa5d54fc72e92e00d8dfd5573ed36e.jpg,7d117b36fdac49394793921249df9a1b,0
train,Fungal Infections,../datasets/feed/train/Fungal Infections/FUNGAL-INFECTION_013_jpg.rf.289f3eed1312907016e6f7d83129dcc7.jpg,7d416e030df1fc641663d0680c354d0c,2
train,Ringworm,../datasets/feed/train/Ringworm/1000010613_x4_jpg.rf.b4c58b6185eccdfd223b5f0874ab35d2.jpg,7d4ff8258246f7346c64fe0d64b4cdc2,5
train,Healthy,../datasets/feed/train/Healthy/HEALTHY_030_jpg.rf.d2d93b87629dc89152c04783c4a4cf66.jpg,7d519d1a53793a5d672ecc11cd104256,3
train,Dermatitis,../datasets/feed/train/Dermatitis/seborrheic_dermatitis_4935_10_600_webp_jpg.rf.56a373e731a6bc8953b311d1f7575c6f.jpg,7d52ac12ea603d9632308619e8748633,1
valid,Ringworm,../datasets/feed/valid/Ringworm/436636046_360111827071591_750719804675544335_n_jpg.rf.d94a267d6b7d14b5e14a76cf6fadc34a.jpg,7d555121f877c76b02d08857bbb391ce,5
train,Fungal Infections,../datasets/feed/train/Fungal Infections/1672_jpg.rf.3ff9f291be457d47c9c5dc4425161c63.jpg,7d6db1f80ba5fd9e47455aa4de632eeb,2
train,Healthy,../datasets/feed/train/Healthy/dogs_037_jpg.rf.d1bad189695128b6d41621cbe6cd878b.jpg,7d732c96dd4f6886bd9611fb7bd16668,3
train,Dermatitis,../datasets/feed/train/Dermatitis/HOT-SPOT-IN-DOG-HOW-vet-treated-symptom-prevention_-flea-bite-moist-eczema_dog-itching-000361_png_jpg.rf.7c6f06f72f3e1545bf92ece20a998417.jpg,7d83990d99a1a9e58956fe10b1324fbf,1
valid,Hypersensitivity,../datasets/feed/valid/Hypersensitivity/Hypersensitivity2_png_jpg.rf.498572a66b792fbb9c285810e751bb5e.jpg,7d9af09cf0cc78c6cd2c13c3425b006a,4
valid,Healthy,../datasets/feed/valid/Healthy/088_jpg.rf.1394268b2f116ca9ad8e63a2788fd154.jpg,7d9bb0423901a26c7f41a424b993a2f9,3
train,Ringworm,../datasets/feed/train/Ringworm/R4_png_jpg.rf.6c00858b806ea576706f3f7019f282f5.jpg,7db6d34f4b1c0e7094d8c021dc8407ab,5
valid,Dermatitis,../datasets/feed/valid/Dermatitis/HOT-SPOT-IN-DOG-HOW-vet-treated-symptom-prevention_-flea-bite-moist-eczema_dog-itching-000477_png_jpg.rf.c150870b30c5387d3ddceb3f010043d8.jpg,7ddb274dd212ea28bfde68832e891605,1
train,Healthy,../datasets/feed/train/Healthy/dogs_084_jpg.rf.8091ecac65c89d1d86d73668a3c5409f.jpg,7dec800ac21209beb85bbd18da6ed5e8,3
valid,Demodicosis,../datasets/feed/valid/Demodicosis/2024-05-13-133458_3_jpg.rf.edafe509580259b56a0f21590df931db.jpg,7df5cd9c5dfa9c42c0902f2f468d817e,0
train,Dermatitis,../datasets/feed/train/Dermatitis/HOT-SPOT-IN-DOG-HOW-vet-treated-symptom-prevention_-flea-bite-moist-eczema_dog-itching-000362_png_jpg.rf.8ba0ff012431daee01aba555490233bc.jpg,7e1e8004c7514f6c34c7efd32c0e1572,1
train,Dermatitis,../datasets/feed/train/Dermatitis/1000010543_x16_jpg.rf.03ffd4812e1412d4503339e6425f6c7a.jpg,7e200aa4a80cec2736ab8fcac5b98488,1
train,Demodicosis,../datasets/feed/train/Demodicosis/2024-05-13-162105_jpg.rf.5411a10c2d85f480a347f3a235c555d9.jpg,7e3bac401a8c43544dc86c9be136a832,0
train,Fungal Infections,../datasets/feed/train/Fungal Infections/FUNGAL-INFECTION_053_jpg.rf.650f7d54ff566a1bfc88bf299b9408e0.jpg,7e3f5294e6fae852e1e2a2e295c02c53,2
valid,Ringworm,../datasets/feed/valid/Ringworm/R35_png_jpg.rf.3542050ece64d01ef1d1c7e338bdbac6.jpg,7e452510b05d81bb381091c151f03a60,5
train,Healthy,../datasets/feed/train/Healthy/002_jpg.rf.19a707d57ea7d67879969bf94ff94e36.jpg,7e68ee4efe0b9f342b12725a833179bf,3
train,Dermatitis,../datasets/feed/train/Dermatitis/hot-spots-suck_00028_jpg.rf.236e6f03f4409b85323bc7cfd427bd1d.jpg,7e6bf7a4fe489a36ce9ef9e1fb8c9550,1
train,Healthy,../datasets/feed/train/Healthy/images-26_jpg.rf.b54b3a10bf1ea4cc1eeb409dd8e35ddf.jpg,7e75682a558dd8093e24712922738f59,3
train,Fungal Infections,../datasets/feed/train/Fungal Infections/Fungal4_png_jpg.rf.b3e670b104188aec4253595723f6d527.jpg,7eabb3e649263917872a91688f5157fd,2
valid,Demodicosis,../datasets/feed/valid/Demodicosis/scabies_90_png_jpg.rf.e02e991075bf8ef1b78ee440a8d4b77e.jpg,7eac4bbd0cd2eb87db81516db704ecb6,0
valid,Demodicosis,../datasets/feed/valid/Demodicosis/IMG_5179_jpeg_jpg.rf.06d4072d75258996c7e6a85587e35948.jpg,7eac6108a378ed38dfd6df9bd75d76b2,0
train,Ringworm,../datasets/feed/train/Ringworm/ringworm-129-_jpg.rf.af8b9e50ce85968669b570d340a400f5.jpg,7ec1bfe5fabd9986dc75079866814e4b,5
train,Ringworm,../datasets/feed/train/Ringworm/ringworm-42-_jpg.rf.5cb5d4b1249d03ff3dc605794e3931bc.jpg,7ec3f8b896eda2afdf6d83c860323bbd,5
train,Dermatitis,../datasets/feed/train/Dermatitis/HOT-SPOT-IN-DOG-HOW-vet-treated-symptom-prevention_-flea-bite-moist-eczema_dog-itching-000476_png_jpg.rf.94cb7af96afa0df0838f044db263f106.jpg,7ed576fb416a1d0275a34ac3cbde7b1f,1
train,Dermatitis,../datasets/feed/train/Dermatitis/fxgh_jpg.rf.1e7132c7a5c2f1c4f0b1e5d746019ff8.jpg,7edc53308bdbe4833c11cbd8900786b0,1
valid,Dermatitis,../datasets/feed/valid/Dermatitis/217702707_549389272771952_6096969687785169247_n_jpg.rf.514e1d3483ac3ebf86f715ac03837bc5.jpg,7ee65cd632e05e4fb1fdcc23e55f975e,1
train,Ringworm,../datasets/feed/train/Ringworm/R27_png_jpg.rf.3e6de720f6213b11007161a71d626679.jpg,7ef86f680eda45218e0cbbc00a118e81,5
train,Ringworm,../datasets/feed/train/Ringworm/ringworm-119-_jpg.rf.cbf14527080a5c60ef366ef1aa73ab81.jpg,7f014660411005c004942b31982cc4e6,5
train,Hypersensitivity,../datasets/feed/train/Hypersensitivity/B9781416056638000070_f007-024-9781416056638_jpg.rf.3dbfbd23e11c445f587e0a1708bd872a.jpg,7f01cb4f3e0a2ab9642a72808c0cd8e2,4
valid,Hypersensitivity,../datasets/feed/valid/Hypersensitivity/1392_jpg.rf.f79fe051ac8d64ca839e7c5abf85e31d.jpg,7f173994cbcb03afb5315f71e2529d9f,4
valid,Dermatitis,../datasets/feed/valid/Dermatitis/Owners-usually-don-t-get-a-good-vote-of-just-how-big-hotspots_00357_jpg.rf.2850e92eb8fdfa8c176b6c2b923cfc2c.jpg,7f21ae7dc4e255d850192ecb92dd8acd,1
train,Demodicosis,../datasets/feed/train/Demodicosis/P10_png_jpg.rf.8072d32c2d60b3b3ccd24c2a1a114bf8.jpg,7f2ad6008410dbe37e63bedb61aedffb,0
train,Ringworm,../datasets/feed/train/Ringworm/WIN_20240514_17_26_36_Pro-2-_jpg.rf.b714bf80a287d6b9ca60d95f05e50a0c.jpg,7f474ea0d8da233ae5cd4ef13d490798,5
train,Ringworm,../datasets/feed/train/Ringworm/NEWR37-1-_png_jpg.rf.500de4282ea6dfb1b32741f78b68c0bc.jpg,7f57e5216637859f09cbff6857b7b9b4,5
train,Ringworm,../datasets/feed/train/Ringworm/hotspot-16-_jpg.rf.005d9984ea495ca3cfffc258716f8eeb.jpg,7f8d67d4c3057af4d852c982159bb937,5
valid,Healthy,../datasets/feed/valid/Healthy/HEALTHY_021_jpg.rf.4e0fc9e73bf2a2b06768e8c6d9588ee9.jpg,7fb634ff00b614df26a1b7cf3308d6a5,3
valid,Ringworm,../datasets/feed/valid/Ringworm/436768270_412696705044184_4681296294994857344_n_jpg.rf.52ad1f5bde398a52818aee0c215df1df.jpg,7fbaad9fe374eaf6cddab72a2e02b02a,5
train,Demodicosis,../datasets/feed/train/Demodicosis/P14_png_jpg.rf.f376be6e9750fe2f84f460b0ad8ed240.jpg,7ff45b868e84cbfae496387ffb59a4aa,0
valid,Ringworm,../datasets/feed/valid/Ringworm/ringworm-57-_jpg.rf.e267ef9ddf745ef9f9c24efa3aaac959.jpg,8000a8e897b9e7ecc7d744e8361f696a,5
valid,Ringworm,../datasets/feed/valid/Ringworm/WIN_20240514_17_29_33_Pro_jpg.rf.4a82383cd1f95b9a84610b1859343567.jpg,8001d2dfe660cca539b490933ac69bde,5
train,Dermatitis,../datasets/feed/train/Dermatitis/1000010590_x4_jpg.rf.657ff0ff5a380110e9be56586bd0702a.jpg,8038f57f0ea501cac5c4341cafe21457,1
train,Ringworm,../datasets/feed/train/Ringworm/WIN_20240514_17_38_47_Pro_jpg.rf.c682441ae147452f9e7f116c7bb2ddf4.jpg,8042d6d1121001c0d524794b4873d917,5
train,Ringworm,../datasets/feed/train/Ringworm/Day-28-of-ringworm-treatment_00001_jpg.rf.97a5491fcb41663258e129c76add5dbd.jpg,8066ce19dba574d76e3bbe6e67958a3b,5
train,Dermatitis,../datasets/feed/train/Dermatitis/HOT-SPOT-IN-DOG-HOW-vet-treated-symptom-prevention_-flea-bite-moist-eczema_dog-itching-000356_png_jpg.rf.59cf9ea41fbd608df354c2e090e9e294.jpg,806acc9c992c73f678edff24cab6ad37,1
train,Ringworm,../datasets/feed/train/Ringworm/ringworm-130-_jpg.rf.e46368f5b17c9d828eec72ae452c1e0c.jpg,80727ab6fd07c9fec44e8bce9f9779a4,5
valid,Ringworm,../datasets/feed/valid/Ringworm/NEWR11_jpeg_jpg.rf.28bcb3c963114bc5358ffca5dd1e4ad0.jpg,8086d1e27be2de173299ac5ff492685b,5
train,Ringworm,../datasets/feed/train/Ringworm/NEWR13_jpeg_jpg.rf.bc1bcbce3d70bcd55e5587b2ec15e573.jpg,8093654860b2806ec9825cd2acadf538,5
train,Ringworm,../datasets/feed/train/Ringworm/R25_png_jpg.rf.b0fc258c2688e9ae62314a714b022b69.jpg,80a92e3f0b1462cd7acbf826a75e32ef,5
train,Dermatitis,../datasets/feed/train/Dermatitis/HOT-SPOT-IN-DOG-HOW-vet-treated-symptom-prevention_-flea-bite-moist-eczema_dog-itching-000359_png_jpg.rf.84878fd24008b7c861eee1a9f8e20b64.jpg,80ad2a71237166d90dfbdfa2e3f92ebe,1
train,Demodicosis,../datasets/feed/train/Demodicosis/P47_jpg.rf.e161868898707bba89f202707efc0ba4.jpg,80b0a4423362c26fba5a2bfe9d899f16,0
train,Demodicosis,../datasets/feed/train/Demodicosis/2024-05-13-164325_3_jpg.rf.59141fb356fc0b4da4a5ad8649526e33.jpg,8102b261ab6f1e6108873cce1d0a6144,0
train,Dermatitis,../datasets/feed/train/Dermatitis/HOT-SPOT-IN-DOG-HOW-vet-treated-symptom-prevention_-flea-bite-moist-eczema_dog-itching-000494_png_jpg.rf.933f92c1c09c412d10f5da7ff858a336.jpg,81083765ba16ffee58aa27d8d599c764,1
train,Healthy,../datasets/feed/train/Healthy/HEALTHY_003_jpg.rf.030a19a384dbfbdd5b246b2bb730d887.jpg,8120cf73b21e1a5ab4aa964ff669966b,3
train,Ringworm,../datasets/feed/train/Ringworm/ringworm-139-_jpg.rf.a26a8ab47e5d1ece039ea72dc1b24c41.jpg,814a31df2d6fc066be7c7f01b12baf44,5
valid,Healthy,../datasets/feed/valid/Healthy/dogs_040_jpg.rf.e4eaf28ca48e3a378df2271b7e31f8a5.jpg,815c775583159ede22a9270820b8cf80,3
train,Dermatitis,../datasets/feed/train/Dermatitis/1000010769_x16_jpg.rf.364f1e313b1bcac5c6985373a7bbdaaa.jpg,816deeb69d318b1a02712179c7705129,1
train,Fungal Infections,../datasets/feed/train/Fungal Infections/FUNGAL-INFECTION_053_jpg.rf.549a5f64f21485af920297e870b0639b.jpg,818f8fed83a0266bcb4dd38bd9f26fa3,2
train,Dermatitis,../datasets/feed/train/Dermatitis/hot-spots-suck_00079_jpg.rf.51cc2293c776258830d58e88f6bb8082.jpg,81a65fff29b725ad3118e8bdb8bb1de8,1
valid,Dermatitis,../datasets/feed/valid/Dermatitis/1000010639_x16_jpg.rf.77644d478c0ba3408966469a0a93dda6.jpg,81a6741b06f5b993a80ae99e68af940b,1
train,Dermatitis,../datasets/feed/train/Dermatitis/OIP-8-_x16_jpg.rf.60368a830547a387626bb3230e8bc845.jpg,81b4690386417ed07b4253c2eb3f1ca3,1
train,Fungal Infections,../datasets/feed/train/Fungal Infections/pic53_jpg.rf.497aa36e36ad8a5bb48a87dae7555180.jpg,81da813735d32e464ba23ca09e1df266,2
train,Healthy,../datasets/feed/train/Healthy/dogs_123_jpg.rf.8815ae5072eabe15c2900205af95be69.jpg,81e3bbda055d04520971fd5eee732181,3
train,Fungal Infections,../datasets/feed/train/Fungal Infections/1328_jpg.rf.2818336a8d26e7bfc6c2e8bc4125f089.jpg,81f346b6646eda55a2e8359de0b29ca6,2
valid,Fungal Infections,../datasets/feed/valid/Fungal Infections/pic59_jpg.rf.24a5e9f7e76e27844ed1986345cd7579.jpg,822d80f82b662b54a4dca6d753a12d0c,2
train,Ringworm,../datasets/feed/train/Ringworm/ringworm-112-_jpg.rf.a60213376bd0fa266a66306283890b82.jpg,823745cd4110fdb58ca6b2e1af911854,5
valid,Ringworm,../datasets/feed/valid/Ringworm/R11_png_jpg.rf.7ed41c2e119c66be2d9300fe51af1ee6.jpg,82375b472dda8e31bbca73c9e19fa5fe,5
valid,Demodicosis,../datasets/feed/valid/Demodicosis/2024-05-13-165139_jpg.rf.7c1a54231090e16b3e9a6fab331a23f2.jpg,8253a2e626f26ce011cfb67a5b4c3a65,0
train,Ringworm,../datasets/feed/train/Ringworm/WIN_20240514_17_43_45_Pro_jpg.rf.7179b4d44acc8bda7f0133f9ab52428e.jpg,8289abeb286e927489aa810b6e015090,5
train,Healthy,../datasets/feed/train/Healthy/dogs_047_jpg.rf.8fa3e5727285a852f70cf8e7da648ce6.jpg,828a6c1d2e5987d500e84866c874c672,3
train,Healthy,../datasets/feed/train/Healthy/Image_28_jpg.rf.3f2167d0603c7d0a6d04ec2f2533f0ce.jpg,82a24d8f3f186bd6757dc663199af87f,3
valid,Demodicosis,../datasets/feed/valid/Demodicosis/scabies_103_png_jpg.rf.1cea31b002480d9ba91c962cb01dfef7.jpg,82b42836d187ae6f38656ceec1556423,0
train,Fungal Infections,../datasets/feed/train/Fungal Infections/FUNGAL-INFECTION_010_jpg.rf.2e2d76de798a8ca034038aa7b098b4f4.jpg,82bab548491520c4a5699bece0f7c1c6,2
train,Fungal Infections,../datasets/feed/train/Fungal Infections/1147_jpg.rf.d5a3a355ad8ed8648262380de28572d3.jpg,82d4bfa77741e6437fa2bf57d09d0689,2
train,Demodicosis,../datasets/feed/train/Demodicosis/scabies_97_png_jpg.rf.f42b26f2d821980a260a0a4f74905db8.jpg,83174e80abc7771482f07e8b9b8b2029,0
valid,Healthy,../datasets/feed/valid/Healthy/dogs_236_jpg.rf.c6de3497f8028132d416a810d51c021c.jpg,83664c001e6ee6252e0dfdcbd44fa5a5,3
train,Dermatitis,../datasets/feed/train/Dermatitis/hotspot-116-_jpg.rf.e26c3e105a9cd5d2a71a706df26b3761.jpg,836b0bc14698a560f8fcf37b973272d8,1
train,Ringworm,../datasets/feed/train/Ringworm/R26_png_jpg.rf.8ebb2bd897b656962882cb8f2689734c.jpg,836ef5fb8702c139c25d5470d60a7398,5
valid,Fungal Infections,../datasets/feed/valid/Fungal Infections/1776_jpg.rf.0864d15635684673d560000746b57d66.jpg,8378bd40c6c24a9b2ee6eae80c4a0d11,2
train,Healthy,../datasets/feed/train/Healthy/pic16_jpg.rf.e9f605115aea691d6e330e768d29c943.jpg,838b6a512cfeca3536da5e9cb6ec65cd,3
train,Dermatitis,../datasets/feed/train/Dermatitis/53_jpg.rf.a630c86b1a74e90215ff5cdf26d27464.jpg,838c737900dad54cd8037e6a67804c9e,1
train,Demodicosis,../datasets/feed/train/Demodicosis/P10_png_jpg.rf.a7554a31129c9786ff4bbb0feb774415.jpg,83946665ce8d80161b3613fb8d076ba0,0
train,Ringworm,../datasets/feed/train/Ringworm/436660568_816714827062296_2603836073731005890_n_jpg.rf.291b15686f22e9ae9ab0ee9a7ff89ab4.jpg,83a3238b4981739d36359eb60f6c0575,5
train,Ringworm,../datasets/feed/train/Ringworm/436660548_1639307846606648_2894340731526839056_n_jpg.rf.ceea9be7e4626211d548e9c496776981.jpg,83ab72dffcaf1d5ac8b9eec0cf839dc3,5
train,Healthy,../datasets/feed/train/Healthy/images-9_jpg.rf.2e37eb970756c69d0d32af38fdda6697.jpg,83b3b26e7037dd918a4b2ddb0e7b3190,3
train,Demodicosis,../datasets/feed/train/Demodicosis/1-10-_png_jpg.rf.2dc165ea07aef1847abdab2524e97b27.jpg,83b5a443e90921a4a9b8bdc54d7bf3ae,0
train,Healthy,../datasets/feed/train/Healthy/dogs_279_jpg.rf.1cabdb74dc75a7a4a1e9c35221d340b8.jpg,83bbacf01d85943a02a201e4200398c9,3
train,Healthy,../datasets/feed/train/Healthy/HEALTHY_009_jpg.rf.9c85fde8a94bd2ece3a77e3f5ae8fda4.jpg,83dc14253175d32fc6833aab8b33584b,3
train,Healthy,../datasets/feed/train/Healthy/dogs_005_jpg.rf.cfee2433e5e479851c095e6c6fb31161.jpg,83edbc23f9a27091cb5d2a29b71f2678,3
train,Demodicosis,../datasets/feed/train/Demodicosis/scabies_128_png_jpg.rf.4128731fd05ab9ccb6f6315733d64e67.jpg,840f70aaca32d9ae619664dd327c1665,0
train,Healthy,../datasets/feed/train/Healthy/HEALTHY_013_jpg.rf.109a7fe4868b55476ff18aa00c42ffc4.jpg,8414c2abe51f0a76dd20cd8b9421aba0,3
train,Ringworm,../datasets/feed/train/Ringworm/WIN_20240514_17_25_32_Pro_jpg.rf.ef688423652292cf43b601074f79afbf.jpg,841fb6dc752800926942976db0e9ba27,5
train,Ringworm,../datasets/feed/train/Ringworm/ringworm-76-_jpg.rf.39f494d9dedbc754085ba7876564e33b.jpg,843ae96bf87fa5b7bbb51af9fa28d369,5
train,Dermatitis,../datasets/feed/train/Dermatitis/1000010770_x4_jpg.rf.88b0176c884ec19b6666cab96a68f7ab.jpg,8458aa9dacbbce522acc6f9cef320f3e,1
train,Ringworm,../datasets/feed/train/Ringworm/WIN_20240514_17_27_21_Pro_jpg.rf.2d9896f280ed84990449f26b923adff1.jpg,84698d4a6515e2aa7dd0bba6149c897f,5
train,Demodicosis,../datasets/feed/train/Demodicosis/IMG_5156_jpeg_jpg.rf.72125b7a4794fdc6208cd9b6e80efe9e.jpg,8478e12925ef708cf880a3c2d92fa4c3,0
train,Dermatitis,../datasets/feed/train/Dermatitis/Hot-Spot-on-_Chance_-How-to-treat-a-dog-that-you-can_t-touch_-000614_png_jpg.rf.57dd45a755b2180de0d7da96c02b86d3.jpg,847a78c5681f2ddeb82e63b48aafbe47,1
train,Fungal Infections,../datasets/feed/train/Fungal Infections/pic55_jpg.rf.d47096c6661b91f210ffcd8a8826a7e8.jpg,849f6ac616833379dc096888b3276d33,2
train,Healthy,../datasets/feed/train/Healthy/pic7_jpg.rf.328c15ea227bed802d66695c39fa23eb.jpg,84aaf214bc70df3f399bab343329b377,3
train,Demodicosis,../datasets/feed/train/Demodicosis/P3_png_jpg.rf.b05e48bf1b11c08a7cc4113451baf522.jpg,84b4f91301494a4a34df31ee1f3a9f24,0
train,Ringworm,../datasets/feed/train/Ringworm/436996564_1168053864147468_7935871064142461185_n_jpg.rf.21c2d4735f0f1577921a53dcf062b83a.jpg,84c71484befd4909ed58e1edb509522f,5
train,Fungal Infections,../datasets/feed/train/Fungal Infections/FUNGAL-INFECTION_009_jpg.rf.7438b1a1ec2474f3fbe3699d9b59b01b.jpg,84d43779505076559c0580352b37a1e1,2
valid,Ringworm,../datasets/feed/valid/Ringworm/ringworm-122-_jpg.rf.ee78562b0b17bedc6a055aaa3b89dde9.jpg,850c2324a0bb4b59e862895fe03e5880,5
valid,Dermatitis,../datasets/feed/valid/Dermatitis/Hot-Spot-on-_Chance_-How-to-treat-a-dog-that-you-can_t-touch_-000612_png_jpg.rf.648d99592bcf289d11686a36ea8adf31.jpg,8516cea50ad4455644bce2695bc7d166,1
valid,Fungal Infections,../datasets/feed/valid/Fungal Infections/fung4_jpg.rf.2306ab4e95b2c9717cf79f60ffbe5be4.jpg,85230c089d101b3ea3a97bfd4640ca9c,2
train,Hypersensitivity,../datasets/feed/train/Hypersensitivity/B9781416056638000070_f007-039-9781416056638_jpg.rf.bf21ca684a66a68ec5bc61a05960be42.jpg,8549695a052780fc019655eb0cefb5a9,4
train,Healthy,../datasets/feed/train/Healthy/dogs_141_jpg.rf.16e85255c1ed88d87c8eb232c40d450a.jpg,8589421224a3462ed88c7a2b8dd45fe5,3
train,Demodicosis,../datasets/feed/train/Demodicosis/P11_png_jpg.rf.f9482ae524df08c53a87089d10d1e309.jpg,85b6e313dafe649b572a1bfa9d251698,0
train,Demodicosis,../datasets/feed/train/Demodicosis/1-12-_jpg.rf.79a14b675def8cb1dbd709ac23af91f4.jpg,85bcb79ce98db3dd49638a2389d1eb0e,0
train,Demodicosis,../datasets/feed/train/Demodicosis/1-56-_png_jpg.rf.b372001b43ebb874161350071b6711d9.jpg,85be8936be9642e5f2ef58588a1d69c1,0
train,Demodicosis,../datasets/feed/train/Demodicosis/2024-05-13-134023_1_jpg.rf.6a97133824d70effe28d0e2af6ae270d.jpg,85dbc68cddf83694f4c8a373f4766d6f,0
train,Dermatitis,../datasets/feed/train/Dermatitis/hotspot-84-_jpg.rf.52dc1dfaf9882b319cf2fbf342ebd049.jpg,85ea27995a4bfa3641aaf3f0f9036834,1
valid,Healthy,../datasets/feed/valid/Healthy/Image_23_jpg.rf.6395b6d2ed22f4005217b672a739169a.jpg,85ee28e91303736e76ef98b10fe1fe25,3
valid,Ringworm,../datasets/feed/valid/Ringworm/ringworm-118-_jpg.rf.e1492bc300ad290bf896d7318ec36e7c.jpg,85ee89633e9857901bf2b8873668d7f1,5
train,Dermatitis,../datasets/feed/train/Dermatitis/May-is-allergy-awareness-month-here-at-The-Shot-Spot_02224_jpg.rf.35d362595277a4ab7c37f72068f1296b.jpg,85f78f1020cf739154a33b95bfeafd6d,1
train,Ringworm,../datasets/feed/train/Ringworm/R47_png_jpg.rf.2d2228b6eff74d8255d7db66e107701e.jpg,860d0bac221d9e735ac979ed4b1f7b9e,5
train,Demodicosis,../datasets/feed/train/Demodicosis/2024-05-13-162817_jpg.rf.757cb7cf820b6ff14e83595518735b23.jpg,8619893648ab11c924acdeec1bbd059f,0
train,Ringworm,../datasets/feed/train/Ringworm/R47_png_jpg.rf.b036d16b0de7cba8532a58f16cfe370b.jpg,861b80479e4f8a9460e08aa5066a8098,5
train,Ringworm,../datasets/feed/train/Ringworm/438065176_410071371966337_678127791024855360_n_jpg.rf.fa0b6ea4e727ef02736157e61319802b.jpg,862655bc133a58d0c42cea725478238b,5
train,Ringworm,../datasets/feed/train/Ringworm/ringworm-58-_jpg.rf.db61f8dc8f9c9b6d42d42bb50d164b54.jpg,866227edf2aeaba024cdb902a23084ab,5
train,Fungal Infections,../datasets/feed/train/Fungal Infections/Fungal2_png_jpg.rf.86d1fbe083c4b58d0ade85e6bae26a79.jpg,8666a7404d5fbddc2fe5e321b7f65add,2
valid,Demodicosis,../datasets/feed/valid/Demodicosis/IMG_5167_jpeg_jpg.rf.49460d5d9bda368833521a4d7d1466ea.jpg,869b01f7cd79317e9ccb1ff42ad1d699,0
valid,Ringworm,../datasets/feed/valid/Ringworm/WIN_20240514_17_28_12_Pro_jpg.rf.cda81ac4523bf6537da1772c2c2ff565.jpg,86b076fe8bc3b4b1485e2ca533455a68,5
train,Demodicosis,../datasets/feed/train/Demodicosis/2024-05-13-134130_3_jpg.rf.24e447b128bb125a23328a07b2edb81f.jpg,86b15f26a05ba8ed7e4af58dd133acb3,0
train,Healthy,../datasets/feed/train/Healthy/HEALTHY_047_jpg.rf.ffa88777ca2774a8f901e3fa394d4ab3.jpg,86b9f13b24cc51f291e38ed8f61a5d04,3
train,Healthy,../datasets/feed/train/Healthy/HEALTHY_051_jpg.rf.af46ad59f49ff07ef833dd26885d5cab.jpg,86c54cc98d5d2606bea3acbc950f5c58,3
train,Demodicosis,../datasets/feed/train/Demodicosis/1-49-_png_jpg.rf.6528e9d73dcf901bc50e618a60ac3c3d.jpg,86cbd430fd0b5907232032d667825950,0
valid,Demodicosis,../datasets/feed/valid/Demodicosis/1-35-_png_jpg.rf.c92466f3cd565a41ed295e7b477cefbf.jpg,86e0cb384359be70f877d9679d40c10e,0
train,Ringworm,../datasets/feed/train/Ringworm/WIN_20240514_17_28_58_Pro_jpg.rf.0302842cf1e9f24b11166ffb5037be55.jpg,86e17666de92470ab8672b29851fb9bc,5
train,Ringworm,../datasets/feed/train/Ringworm/R16_png_jpg.rf.dbc36bc2b5ff8ba78f1548ff5fb4018b.jpg,86eaab1bb5aa0cad0492364ce319eac9,5
train,Demodicosis,../datasets/feed/train/Demodicosis/P36_png_jpg.rf.a5aa3141adf1f9768e54ce656fe2bcd6.jpg,86f6ee006e06a9916791c4fbd1a3294e,0
train,Dermatitis,../datasets/feed/train/Dermatitis/hotspot-71-_jpg.rf.2bbb7a599146d2d0900d8f11c19fc94e.jpg,871f161f73c6cb2bbffc27c55ba8ca1c,1
train,Dermatitis,../datasets/feed/train/Dermatitis/Hot-Spot-on-_Chance_-How-to-treat-a-dog-that-you-can_t-touch_-000623_png_jpg.rf.0eafc8054f0aa93766ec2dae19846968.jpg,87406847a47abbd4d6f2a40c9cc38483,1
train,Ringworm,../datasets/feed/train/Ringworm/ringworm-136-_jpg.rf.23ed06030fe0237a52ebb39e2b40b90b.jpg,874e241163ede07ed6d9fae160237465,5
train,Hypersensitivity,../datasets/feed/train/Hypersensitivity/hs5_jpg.rf.0c408e999b64e89be399918a32deadd8.jpg,87552f58d2d50d32cdc2e2c1061e273c,4
valid,Healthy,../datasets/feed/valid/Healthy/HEALTHY_057_jpg.rf.da0a23a68808fee7a2fa3a6f11d6d706.jpg,875556577c33e89fdf9940f5391de3a0,3
train,Dermatitis,../datasets/feed/train/Dermatitis/black-spots-hair-loss-bacterial-infection-dr-spiegel-440_jpg.rf.ae673399e57f4e6564a341a60f1a5747.jpg,8762bb2e26508f46269e5a28b0fa6afd,1
valid,Dermatitis,../datasets/feed/valid/Dermatitis/hotspot-58-_jpg.rf.156b643ff10c61c74b84237bb9a33080.jpg,879be3e5a71239de5b84109581eaf844,1
train,Demodicosis,../datasets/feed/train/Demodicosis/1-15-_png_jpg.rf.ec602a0bc1b8b9e477b0b77d06398bae.jpg,87bfadbb05b06f87907ca3c9186e008e,0
train,Healthy,../datasets/feed/train/Healthy/images-27_jpg.rf.ff79c9d6fbb91d57d5767fd3cc5237b3.jpg,87d942f3f4f23b96e65b8b9074f66b55,3
train,Dermatitis,../datasets/feed/train/Dermatitis/food_allergy_dermatitis_4935_5_600_jpg.rf.41c1d44b90fc0e181db0b5c2e9e52f7a.jpg,87e11838ee72a7091564f96a0e495c31,1
train,Ringworm,../datasets/feed/train/Ringworm/1000010566_x16_jpg.rf.b4b6f678ef01e01c3ebdcc0d4a429024.jpg,87f3566dfc87ee0d349e637e43439006,5
train,Ringworm,../datasets/feed/train/Ringworm/WIN_20240514_17_34_13_Pro_jpg.rf.4ce6f64be667ca6af7255fd3f2530ea3.jpg,881ed277fd7d6aece2fbd57d79478914,5
train,Dermatitis,../datasets/feed/train/Dermatitis/May-is-allergy-awareness-month-here-at-The-Shot-Spot_00082_jpg.rf.8a8b29c520ab676da945a26315147998.jpg,8854d98d65d79ba9eb6579e8736ed2da,1
train,Healthy,../datasets/feed/train/Healthy/HEALTHY_026_jpg.rf.a2ca40bd2974c6c6a38d7c23ba755476.jpg,885544ea74be21231abdeb9eaf0f81ec,3
train,Hypersensitivity,../datasets/feed/train/Hypersensitivity/6_jpg.rf.140c6d903d5324236a2c9269c9bbfd02.jpg,885f8ca38842c95e4a61e271e31463d1,4
train,Fungal Infections,../datasets/feed/train/Fungal Infections/pic37_jpg.rf.7e860528362630d0c0508aecf63c9564.jpg,887148f590ceca47d2c6094d7888902d,2
valid,Fungal Infections,../datasets/feed/valid/Fungal Infections/Fungal5_png_jpg.rf.eab0483e9a36708faaa7fe8793a9b14d.jpg,88803c4243975fa318e1e73c74efa2b9,2
train,Ringworm,../datasets/feed/train/Ringworm/436770000_474575525363319_4064234022423729288_n_jpg.rf.233bba8382e6599c0a09247052d31248.jpg,88845bed74d22f629947afff1000d78a,5
train,Ringworm,../datasets/feed/train/Ringworm/ringworm-133-_jpg.rf.65d3bb76633d9b7d30771d4ad5ba4eb0.jpg,88893994f0ae3accb4542927818d66a6,5
train,Fungal Infections,../datasets/feed/train/Fungal Infections/fung5_jpg.rf.d9019eed1f19abab9507b11dd7519aad.jpg,889fb23ea399aedd3aa57c935803ee59,2
train,Ringworm,../datasets/feed/train/Ringworm/ringworm-71-_jpg.rf.961f5c86d46634b5b2641fd3e3e48a8b.jpg,88b96de33939cb57cdfc34a1930c52e1,5
valid,Healthy,../datasets/feed/valid/Healthy/HEALTHY_023_jpg.rf.f1fc0308766a7f0b392772fc2f5531fd.jpg,88d7d1b5839243474be9948f3d236f8f,3
train,Fungal Infections,../datasets/feed/train/Fungal Infections/Fungal_Image_1_jpg.rf.46b513ee16dc7bd034ffa707cf9d10bf.jpg,88e5c4bcfe687d83dc0df910db275235,2
train,Hypersensitivity,../datasets/feed/train/Hypersensitivity/B9781416056638000070_f007-009-9781416056638_jpg.rf.27ca68b86ffccf2c1eac0121823711c0.jpg,88e613bd1e2071a99768e1cf58cccbc0,4
train,Healthy,../datasets/feed/train/Healthy/HEALTHY_051_jpg.rf.70968096abd0190c0d2289c81ad83c43.jpg,88f1ef11d69b35ed53a3a51cc0b263aa,3
train,Fungal Infections,../datasets/feed/train/Fungal Infections/Fungal2_png_jpg.rf.1426449d5df5c0f6998883ac00c0db99.jpg,88f4b56acf0facd9bded27e469047c28,2
train,Ringworm,../datasets/feed/train/Ringworm/436996564_1168053864147468_7935871064142461185_n_jpg.rf.d07231e43760823870adeca54ebb85a9.jpg,88ffd2349a76f61481bc5feaaa2a272c,5
valid,Hypersensitivity,../datasets/feed/valid/Hypersensitivity/1209_jpg.rf.915996d61eb63b17aa494ac95e80d479.jpg,890db864ee26cce05db7399ac107d225,4
valid,Ringworm,../datasets/feed/valid/Ringworm/ringworm-36-_jpg.rf.f7e165339240eb52ce9291aaf2714bb8.jpg,89118ca5884999d6dfd5dc39a5e7abad,5
train,Demodicosis,../datasets/feed/train/Demodicosis/P13_png_jpg.rf.577a2480fdf9be262e3c73fce7c813e5.jpg,892f56ae2e3b403a9491dc6599796fe2,0
train,Ringworm,../datasets/feed/train/Ringworm/1000010501_x4_jpg.rf.9856d46525a683fd324a0ddee28cd338.jpg,8934c4d2b4e5f1b49bcfa380d75ff8f0,5
train,Ringworm,../datasets/feed/train/Ringworm/ringworm-6-_jpg.rf.9f5e6b76eef10a06064e397f93aac459.jpg,897ae7fd38b8f455749d9af936f54ddd,5
train,Healthy,../datasets/feed/train/Healthy/022_jpg.rf.0c55131f2912918b171b1b0c3e5bea9e.jpg,8999f9ffaa4a8bdf6632db0c90e1a99d,3
valid,Healthy,../datasets/feed/valid/Healthy/dogs_134_jpg.rf.5bfc56007d4c131d65aa20f2dff9b8b4.jpg,89a38fcd184ad0a7de6a27288bd60de6,3
train,Fungal Infections,../datasets/feed/train/Fungal Infections/1172_jpg.rf.2b18447e85851a92b007aa18aeaf90cd.jpg,89ab2afea1b30a76a4e54981614bc87b,2
train,Ringworm,../datasets/feed/train/Ringworm/985C54F8-C941-44C1-BCEC-EA23D0DBD810_jpeg_jpg.rf.dca0a800ded834032d45078d0b16d075.jpg,89b0215df35c8fe7a99a2b07aae7cb87,5
train,Dermatitis,../datasets/feed/train/Dermatitis/Owners-usually-don-t-get-a-good-vote-of-just-how-big-hotspots_00365_jpg.rf.709ae303759769526f001c64f5408166.jpg,89b19b16d0018551f1389d40d024d1a1,1
valid,Ringworm,../datasets/feed/valid/Ringworm/ringworm-129-_jpg.rf.a9964c3344d2b598e49dfe8d9de01c24.jpg,89b5a481f282d0facf24bb7071ae9bad,5
train,Dermatitis,../datasets/feed/train/Dermatitis/Owners-usually-don-t-get-a-good-vote-of-just-how-big-hotspots_00445_jpg.rf.5ec2d40264303762c98a680c17893a40.jpg,89cf6ed034530371c5e29646c36192f4,1
train,Dermatitis,../datasets/feed/train/Dermatitis/1000010693_x16_jpg.rf.95b5718e11b4f7ade32eb0054b246cf0.jpg,89ed26b0d6586116c9594ab5d4bdf620,1
train,Hypersensitivity,../datasets/feed/train/Hypersensitivity/B9781416056638000070_f007-008-9781416056638_jpg.rf.4022b3b609fd58b994d9bc2c6888806c.jpg,89f3b658325cf52a748970816d8ab901,4
train,Demodicosis,../datasets/feed/train/Demodicosis/2024-05-13-134258_3_jpg.rf.e415eaea3e7f700a085840c3265d54f7.jpg,8a0d008fd92196b510a27b6f9adea96e,0
train,Demodicosis,../datasets/feed/train/Demodicosis/D115_png_jpg.rf.619a4eda5e39aa7fb53f8f20d205b5d2.jpg,8a18d15858019f1db3be53d70c36fe13,0
train,Dermatitis,../datasets/feed/train/Dermatitis/Reply-to-don-t-let-your-dog-suffer-in-silence_00011_jpg.rf.62f877b09536b418b06024e1a1403595.jpg,8a3251ab303dfb079cb3dddf1b60da29,1
train,Healthy,../datasets/feed/train/Healthy/HEALTHY_052_jpg.rf.b22fd22f90d070cf0c1cb1cf54f0e6cc.jpg,8a5ba1630e92aa237c60562d348a3e22,3
valid,Demodicosis,../datasets/feed/valid/Demodicosis/2024-05-13-165218_jpg.rf.bb8936597006e07303c4eed3e1d0d7a3.jpg,8a5fc830bfc9ce4a4cf10c1a4f1439ee,0
train,Ringworm,../datasets/feed/train/Ringworm/278372566_1115287789314455_1249966033354804477_n_jpg.rf.0e6ef2531fc1fb7865da6e5229eb7f54.jpg,8a71c900bff06b37c2bc76979ecc9067,5
train,Ringworm,../datasets/feed/train/Ringworm/WIN_20240514_17_28_31_Pro_jpg.rf.760f56e590f34a1ab206e336c5c9f833.jpg,8a7882f14d15a00e308e9d008aa17052,5
train,Dermatitis,../datasets/feed/train/Dermatitis/May-is-allergy-awareness-month-here-at-The-Shot-Spot_01366_jpg.rf.24a33868859703ceade5a3aef67ecafe.jpg,8a7ea68532ab1376f12b171741dc5451,1
train,Dermatitis,../datasets/feed/train/Dermatitis/hotspot-78-_jpg.rf.44bcb03ad2b9f36919ed62eb21fb867a.jpg,8a82ea5507dbb138fa90c0fb8e15e614,1
train,Ringworm,../datasets/feed/train/Ringworm/Day-4-of-ringworm-treatment_00261_jpg.rf.d82387811c722b2139cacd74b92b5ad1.jpg,8aa8fa32b9c805e7dc4bc058243507a3,5
train,Fungal Infections,../datasets/feed/train/Fungal Infections/FUNGAL-INFECTION_071_jpg.rf.11cdc1976f2f7a61089340b8cb849c3d.jpg,8abe5029a92aae170af2cdf63099e294,2
train,Demodicosis,../datasets/feed/train/Demodicosis/1-46-_png_jpg.rf.c366282d653f58450a7ea409688dffeb.jpg,8acf5d7135ce0366a4315c463fa3f27b,0
valid,Ringworm,../datasets/feed/valid/Ringworm/ringworm-55-_jpg.rf.ec66dea9a5cde33d0ac20fa9422731d0.jpg,8aeb7f9081614ad67ad3cdeb25e563ce,5
train,Demodicosis,../datasets/feed/train/Demodicosis/2024-05-13-155521_3_jpg.rf.4793dd55836f653a500856f846acf718.jpg,8b11d1cfdbde450bc2ec4bfdbb5b8913,0
train,Ringworm,../datasets/feed/train/Ringworm/ringworm-103-_jpg.rf.9501db4efc45661ee325bb91472b7bf3.jpg,8b1ebec4804f15e84313c90dd6978930,5
valid,Demodicosis,../datasets/feed/valid/Demodicosis/2024-05-13-162242_jpg.rf.65d5f100cdeaac4970de908319d7140f.jpg,8b55f74db3551e962ec1b3988bd0051b,0
train,Dermatitis,../datasets/feed/train/Dermatitis/HOT-SPOT-IN-DOG-HOW-vet-treated-symptom-prevention_-flea-bite-moist-eczema_dog-itching-000150_png_jpg.rf.6bdbbf29209e1e4a36e4f4f2921a11c8.jpg,8b68349a51b5a3821d76417dfed5ee80,1
train,Ringworm,../datasets/feed/train/Ringworm/ringworm-71-_jpg.rf.36448879b66c670005adfab424cf15bb.jpg,8b71b9d960ed0bd9e695e8edc2e00546,5
valid,Fungal Infections,../datasets/feed/valid/Fungal Infections/FUNGAL-INFECTION_062_jpg.rf.a5639c0bfe8134fb6ad09f4b9c614d01.jpg,8b82ce6d936cb1d227b4b0bfdc338f1d,2
valid,Demodicosis,../datasets/feed/valid/Demodicosis/P34_png_jpg.rf.61e5a18681a115cb973005a8887301dd.jpg,8b878f5c1cf8a6dfc45cb408b4ab2c08,0
valid,Ringworm,../datasets/feed/valid/Ringworm/ringworm-32-_jpg.rf.10ae4fa785adbe6fbaf846811b250d8e.jpg,8b8c0f7ea4649be637be8d271bf6d8a0,5
train,Demodicosis,../datasets/feed/train/Demodicosis/P34_png_jpg.rf.56e0dab3fa03c0925f03deb24f2109d0.jpg,8b8dd12e10302e14b239786600e10836,0
train,Healthy,../datasets/feed/train/Healthy/HEALTHY_035_jpg.rf.ced0ffc2631afec899850d02326f6f13.jpg,8bafc7d636f87c824ad17def548861d1,3
train,Ringworm,../datasets/feed/train/Ringworm/ringworm-106-_jpg.rf.ed1e75e17072dba27995166a47164d69.jpg,8bd66c5d6083aa09ab6cd71d30791d4e,5
train,Dermatitis,../datasets/feed/train/Dermatitis/May-is-allergy-awareness-month-here-at-The-Shot-Spot_01456_jpg.rf.17198e54226f8cb412a3969c4e67134d.jpg,8bd8db80a33b613c5a859051a8db413c,1
train,Demodicosis,../datasets/feed/train/Demodicosis/P52_jpg.rf.debea86b3179f2dd5fb032d687823f85.jpg,8c16bea9af581c5c2c2039a8c2f6e0d5,0
train,Dermatitis,../datasets/feed/train/Dermatitis/Owners-usually-don-t-get-a-good-vote-of-just-how-big-hotspots_00345_jpg.rf.01b0d9b40872304a160838bb0f5f95a0.jpg,8c22178cf98cab52a1935862a5a74de9,1
valid,Healthy,../datasets/feed/valid/Healthy/017_jpg.rf.39654cd64e575086f83d2d7390cc9dd1.jpg,8c293c4ec2080f894e1f28cce8772c00,3
train,Ringworm,../datasets/feed/train/Ringworm/436768273_980032929718301_6354120843627540406_n_jpg.rf.7ee03f6384a87e40da4349895d494d9f.jpg,8c32524999910d6c547a345a988c9e43,5
train,Dermatitis,../datasets/feed/train/Dermatitis/hotspot-114-_jpg.rf.9cd04d055611f33cfecfdae46a7f9513.jpg,8c3b2b7e386844e61d99ece590deef90,1
train,Fungal Infections,../datasets/feed/train/Fungal Infections/FUNGAL-INFECTION_027_jpg.rf.b89bc9b0b7bc8538b460042b69e3baa9.jpg,8c3d3f1a08758f3aeab59b58338bd7c5,2
train,Ringworm,../datasets/feed/train/Ringworm/NEWR31_png_jpg.rf.a16004687e3169f4b3b4d971fda7d770.jpg,8c472e9b4f46edf020cbcb7832db6900,5
train,Healthy,../datasets/feed/train/Healthy/HEALTHY_045_jpg.rf.3d509bd2d05e993cbc131196bee7a14f.jpg,8c4ec4b49d40472c8dd5dd99e904c450,3
train,Dermatitis,../datasets/feed/train/Dermatitis/hot-spots-suck_00040_jpg.rf.8cf438bd672269b8fa0f37d77818d871.jpg,8c5d522f180f7dfb117e04263ee55787,1
train,Ringworm,../datasets/feed/train/Ringworm/R53_png_jpg.rf.31aa9e7703b33c1b73fdcf29e7ea8e39.jpg,8c69f4a5790db74c43a7e7c83fa00d48,5
valid,Demodicosis,../datasets/feed/valid/Demodicosis/2024-05-13-133823_1_jpg.rf.e9606997305dbff303029a14dc36e05b.jpg,8caf73254a00813b8ed13a3819540f68,0
valid,Fungal Infections,../datasets/feed/valid/Fungal Infections/Fungal_Image_1_jpg.rf.1e6a6949f9b22efc2af1aedd01e853da.jpg,8cb9f74bd03e42190991c49025c51a00,2
train,Demodicosis,../datasets/feed/train/Demodicosis/scabies_102_png_jpg.rf.c1e1ede21759b8de9a0743a14371408b.jpg,8cc0e709d63f240e61b7cc036cbf710d,0
train,Demodicosis,../datasets/feed/train/Demodicosis/IMG_5197_jpeg_jpg.rf.3f75c2895ec55c46ae18b06c41328b1f.jpg,8cd79e9a9c96688569a8fbb0bf65d3f7,0
valid,Ringworm,../datasets/feed/valid/Ringworm/R54_png_jpg.rf.7de328782e219d810c1176e171849f17.jpg,8cd82767b874df98b8613429c75ba5b8,5
train,Ringworm,../datasets/feed/train/Ringworm/WIN_20240514_17_41_35_Pro_jpg.rf.188ca1c5947a67de07350a49f733bf99.jpg,8cda2f5d0b4eb06079afaf5e9d574f81,5
train,Demodicosis,../datasets/feed/train/Demodicosis/scabies_121_png_jpg.rf.0cc8eef39570d3e37671aa95b141602e.jpg,8cea3a3ad32c11f990a072ff05803434,0
train,Ringworm,../datasets/feed/train/Ringworm/ringworm-79-_jpg.rf.9bcc2a2fe242a6f469432dd9b7eaa552.jpg,8cecfddbf1174106cb11298947434bc2,5
train,Ringworm,../datasets/feed/train/Ringworm/WIN_20240514_17_42_05_Pro_jpg.rf.95ca83e3514f98a851d5a3a6eb040205.jpg,8cfd3ab7440637424dedca181bec7321,5
train,Dermatitis,../datasets/feed/train/Dermatitis/May-is-allergy-awareness-month-here-at-The-Shot-Spot_02191_jpg.rf.ff616b75a86b93033a044bf900d451d6.jpg,8cfe5d63f45d3c2ded045d2ae5e733fd,1
train,Ringworm,../datasets/feed/train/Ringworm/NEWR28_png_jpg.rf.cc8e186a4e19276c709e1082079075a7.jpg,8d2c00aeba3e5cecb61a5caabe82a6a3,5
train,Ringworm,../datasets/feed/train/Ringworm/438051747_429300536462648_7834621964132658771_n_jpg.rf.0db245ea8a8749a12a3f124c68dfe865.jpg,8d4f6e366e89767fe043e98afa0b88fb,5
train,Ringworm,../datasets/feed/train/Ringworm/ringworm-111-_jpg.rf.011f290e767549582b55be282682ff01.jpg,8d69216f2de38da578bc9e1fed5130bd,5
valid,Ringworm,../datasets/feed/valid/Ringworm/ringworm-151-_jpg.rf.05e4babb5892a8ae335e191f9d2fa594.jpg,8d864b10e6d2c0fd6f461fb0a007050f,5
train,Ringworm,../datasets/feed/train/Ringworm/WIN_20240514_17_41_07_Pro_jpg.rf.ff44df5521bf59c4d821e84a4c2d818d.jpg,8da52859799649cc82018324cbab62ce,5
train,Dermatitis,../datasets/feed/train/Dermatitis/HOT-SPOT-IN-DOG-HOW-vet-treated-symptom-prevention_-flea-bite-moist-eczema_dog-itching-000149_png_jpg.rf.077c04c9993cdc49d4f8e8ace966abd9.jpg,8da8e0a8af67bda9e71eaac3249b78c2,1
valid,Demodicosis,../datasets/feed/valid/Demodicosis/IMG_5193_jpeg_jpg.rf.d4234e2b25b1665d20e1b3ecac39daa4.jpg,8dc563e25de4e45495de96bc078f9035,0
valid,Ringworm,../datasets/feed/valid/Ringworm/Day-1-of-ringworm-treatment_00211_jpg.rf.9682e33c51eab6f241a6be97586a6ac0.jpg,8dda58a18bf2ca37097560a75d061fff,5
train,Dermatitis,../datasets/feed/train/Dermatitis/1000010597_x4_jpg.rf.aa27daabfc4d2691cfeb1ecbd410320e.jpg,8df5e9174cc2322563eb089084408e9b,1
valid,Healthy,../datasets/feed/valid/Healthy/Image_15_jpg.rf.1c1726016c2721aa16f939a7c193c391.jpg,8e0e1ddec2232b57d443052d4ce52975,3
valid,Ringworm,../datasets/feed/valid/Ringworm/ringworm-19-_jpg.rf.7df8303ff93287070eca648eb0a72fcc.jpg,8e0ff5a60bd1432123a65c83eea41c3f,5
train,Ringworm,../datasets/feed/train/Ringworm/WIN_20240514_17_36_38_Pro_jpg.rf.89da75321f985b58f8a164685b5cc71b.jpg,8e1340ac4ed7f2b9e0bb02c391cf4efe,5
valid,Ringworm,../datasets/feed/valid/Ringworm/R7_png_jpg.rf.f13d145809f27526b49eedd81e225ed4.jpg,8e2eaf350d611bfa9f3387cefe6eb172,5
train,Demodicosis,../datasets/feed/train/Demodicosis/2024-05-13-162242_jpg.rf.afc62171bcb6e4aa2f3c5bc34bb04da0.jpg,8e39c445d326d3535aa3dbc99b2f8bff,0
train,Dermatitis,../datasets/feed/train/Dermatitis/1000010727_x4_jpg.rf.5baed8fccdb2a73d4a5e981cba0d903d.jpg,8e3b28223cfd53314db4d5e5a6aaa668,1
train,Hypersensitivity,../datasets/feed/train/Hypersensitivity/hs5_jpg.rf.d2165356003e541836a1a1bee956d892.jpg,8e5bd27dd5b6f36aaa4256ee2fd9c154,4
train,Ringworm,../datasets/feed/train/Ringworm/ringworm-118-_jpg.rf.5fdd69232c306e732881ac18bd17ca38.jpg,8e700f44f96a2d227ac2aba369408594,5
train,Healthy,../datasets/feed/train/Healthy/dogs_134_jpg.rf.9f09bc1781a954cfb76a78536b6bdd5f.jpg,8e7736005476be312bd82705a61fe2ef,3
valid,Dermatitis,../datasets/feed/valid/Dermatitis/May-is-allergy-awareness-month-here-at-The-Shot-Spot_01972_jpg.rf.377e87822f387184af77cddb9a01c9f0.jpg,8e801fb0db9e96ccf52b3eb3baf07e09,1
train,Ringworm,../datasets/feed/train/Ringworm/NEWR21_png_jpg.rf.f138adda4cdde52b9d687766f8ced4df.jpg,8e885f0b1cf560f927246330e9c3e369,5
valid,Fungal Infections,../datasets/feed/valid/Fungal Infections/pic15_jpg.rf.77caa766b120067d5c6f31b165567399.jpg,8e9021118b5132c6441056e641936dbe,2
train,Demodicosis,../datasets/feed/train/Demodicosis/IMG_5310_jpeg_jpg.rf.82208791904a051b30db924ad2742f43.jpg,8ed68d81eb101d50b0f1772be968296f,0
train,Ringworm,../datasets/feed/train/Ringworm/WIN_20240514_17_41_28_Pro_jpg.rf.3b6cce7fa002b49d1222e02780c8c979.jpg,8edb3fb17f62ed64c0a68e67028ec693,5
train,Fungal Infections,../datasets/feed/train/Fungal Infections/1102_jpg.rf.15b2611a49a098f5b13a0e47f6f27cdd.jpg,8ee8f8e66a9b17e35b822f46d73d1a12,2
train,Healthy,../datasets/feed/train/Healthy/HEALTHY_026_jpg.rf.bd1537b78565c3f814e68399e94fa797.jpg,8f0a0df2d98e9d87c9fa122fb4cc4fd6,3
valid,Dermatitis,../datasets/feed/valid/Dermatitis/May-is-allergy-awareness-month-here-at-The-Shot-Spot_01363_jpg.rf.98d284b802f5df4daa2b828a0eb8fdae.jpg,8f56cd79f67d66c59e363fecb9b4a4dd,1
train,Ringworm,../datasets/feed/train/Ringworm/R11_png_jpg.rf.397d09f00946ad0649dece47259cfe00.jpg,8f59c745dfa281d6337dc95e12d8588c,5
train,Ringworm,../datasets/feed/train/Ringworm/NEWR7_jpeg_jpg.rf.15edafe14854c47f269c4e51511101b1.jpg,8f5c4f153aeff7871f742f5ecb0b6d85,5
train,Fungal Infections,../datasets/feed/train/Fungal Infections/Fungal4_png_jpg.rf.e59b196809facb96694347ef5017e195.jpg,8f774823ed955a217483868da7219db5,2
train,Demodicosis,../datasets/feed/train/Demodicosis/D110_png_jpg.rf.b9c13943c474e7dde0ebdf0e7a27f361.jpg,8f7fac205e1d6fec94b70bbaae8bd41a,0
train,Healthy,../datasets/feed/train/Healthy/890_jpg.rf.9b753d65e4befd4c0c3a435e2e121e71.jpg,8fb142ba6da02542baab9b4f80756c9c,3
train,Dermatitis,../datasets/feed/train/Dermatitis/1000010610_x4_jpg.rf.59e35fd8e48f505bc87dd28445282f3c.jpg,8fd531809d682620d6b52e1429f32a0a,1
train,Ringworm,../datasets/feed/train/Ringworm/C55DA5C6-7CDF-492D-BBDC-E65950635912_jpeg_jpg.rf.121048e087735dac7542dfc3dc62748f.jpg,90072ea64135498735d5dd92c8a740bc,5
train,Demodicosis,../datasets/feed/train/Demodicosis/IMG_5215_jpeg_jpg.rf.e9eaebf630ef8a8de18a4e63462eefd7.jpg,900e8a0bfe9fb088281196be9ced20b5,0
train,Healthy,../datasets/feed/train/Healthy/pic67_jpg.rf.eece38f7eba6cfd9523200577b1d74f1.jpg,9025d3df399518494e1afdc95e50cb62,3
train,Hypersensitivity,../datasets/feed/train/Hypersensitivity/B9781416056638000070_f007-045-9781416056638_jpg.rf.f9cf2e581ec15868ec6bfede7e692298.jpg,904048a3c8e559f06491bcf64aab8dac,4
train,Fungal Infections,../datasets/feed/train/Fungal Infections/FUNGAL-INFECTION_055_jpg.rf.79a882f1a7f7442e953fc6b4f9fa2685.jpg,904c84700ecc167eb942f72f2db4b817,2
train,Hypersensitivity,../datasets/feed/train/Hypersensitivity/17_jpg.rf.63ea6253c6aa480938cc87d0854dfc4d.jpg,904d53987b16676389cc1fdf024f104b,4
train,Ringworm,../datasets/feed/train/Ringworm/436798334_453016620424224_233944988678402855_n_jpg.rf.2d49a27f901b9a47e8bc71ffd3deb081.jpg,90595e1384d8ac089dc991ef169f2ec6,5
train,Fungal Infections,../datasets/feed/train/Fungal Infections/FUNGAL-INFECTION_014_jpg.rf.55df38cbfe6ac8770ea14cd1b7942afd.jpg,905a74c5d5f7133adb90d34656e094d9,2
train,Demodicosis,../datasets/feed/train/Demodicosis/IMG_5182_jpeg_jpg.rf.8ea09951e2a8c9aaa896e0b9fba860a5.jpg,905bf54ab0ce57976c269611c3e0507d,0
train,Fungal Infections,../datasets/feed/train/Fungal Infections/pic67_jpg.rf.4bdbb0099e3a00bf13b11f649c15e8fa.jpg,909275e6485f723586cd716e58c16d06,2
train,Ringworm,../datasets/feed/train/Ringworm/R58_png_jpg.rf.9f1f1de73f33f96b0c2bef9dd25f2e89.jpg,90b33496df5988d3c35cffd01ea01cf8,5
valid,Hypersensitivity,../datasets/feed/valid/Hypersensitivity/1673_jpg.rf.e6021bf176c4df0312cfacc5e2716b31.jpg,90b384eed1abc2d509df5c6feba0023b,4
train,Fungal Infections,../datasets/feed/train/Fungal Infections/FUNGAL-INFECTION_015_jpg.rf.54fdc3b24778aa63afb9e822b6523513.jpg,90d4a4a99fba95af376f01cd959ac38b,2
train,Ringworm,../datasets/feed/train/Ringworm/WIN_20240514_17_38_10_Pro_jpg.rf.62db8f6dda8332f8ed89315ac433abe2.jpg,90e3099d72c37eddf1f1970cffc46932,5
train,Dermatitis,../datasets/feed/train/Dermatitis/HOT-SPOT-IN-DOG-HOW-vet-treated-symptom-prevention_-flea-bite-moist-eczema_dog-itching-000501_png_jpg.rf.793211ec941cbc658e7df28709d9a807.jpg,90e8b7ae322261741e7e9c9bd2193d9d,1
train,Healthy,../datasets/feed/train/Healthy/HEALTHY_016_jpg.rf.db6d55f6d735a99b82c9a9e7db2dd19e.jpg,911cea879dcdf08b56afcfaf4608e1cd,3
train,Fungal Infections,../datasets/feed/train/Fungal Infections/pic66_jpg.rf.b5489075c7aff3028135990d62cb2297.jpg,913e3538b391966e968c5c7429c6dcb4,2
train,Ringworm,../datasets/feed/train/Ringworm/NEWR4_jpeg_jpg.rf.323d26f02998fbd2d9426405542e3cf4.jpg,915356a86fa1bbf3167f9dcf759698a1,5
train,Ringworm,../datasets/feed/train/Ringworm/ringworm-103-_jpg.rf.4c33b93db310d45192037d0635fd8b8a.jpg,91567596fc66eff124c9e58540a9153d,5
train,Fungal Infections,../datasets/feed/train/Fungal Infections/fung5_jpg.rf.517aa578a44ac7ee63e130907c2f79c0.jpg,91977a3ea851342e62316bc211b2d27e,2
train,Healthy,../datasets/feed/train/Healthy/images-5_jpg.rf.29b064ef3aadf2503f6cc58fc72b1ca2.jpg,919cc253f5e7155cc5134760f8371f13,3
train,Ringworm,../datasets/feed/train/Ringworm/ringworm-150-_jpg.rf.cab328fa76cc9b0348748186c4948ea9.jpg,91c5220d887be001972021112306364b,5
train,Fungal Infections,../datasets/feed/train/Fungal Infections/1016_jpg.rf.a666986980e03f0f980d3bdb19ccaab3.jpg,91d846fde978b3e8f686de9d7371747d,2
valid,Dermatitis,../datasets/feed/valid/Dermatitis/hotspot-1-_jpg.rf.5767cb1cbe6ca3b106a99a4a8f0bcbc3.jpg,91e8962de0531c0fd8e37ef3d035c4f5,1
train,Fungal Infections,../datasets/feed/train/Fungal Infections/FUNGAL-INFECTION_020_jpg.rf.7769c4138cdf309366680cdbf17ca44e.jpg,91efef2192a1e1709bc46c24c4aa6674,2
train,Dermatitis,../datasets/feed/train/Dermatitis/HOT-SPOT-IN-DOG-HOW-vet-treated-symptom-prevention_-flea-bite-moist-eczema_dog-itching-000457_png_jpg.rf.7daab28fa14e380e55d72a5adef096d2.jpg,91f131097288bc16868fe6f4eedea19f,1
train,Healthy,../datasets/feed/train/Healthy/pic55_jpg.rf.b6f4fab99958d51c9be343b24099a0a5.jpg,91f984c89c3788925b0b6ab3739fc0d9,3
train,Fungal Infections,../datasets/feed/train/Fungal Infections/pic22_jpg.rf.949267bcb19bc0a0bbe72019fb976694.jpg,91fc8c1ea71e1e6d86a8f68e6749582d,2
train,Ringworm,../datasets/feed/train/Ringworm/ringworm-110-_jpg.rf.8d64d987351b22a85c142d96c5166b2e.jpg,92035818f3a648526d5af0139fdfcb49,5
valid,Hypersensitivity,../datasets/feed/valid/Hypersensitivity/hs5_jpg.rf.a11b23f2ee6d64eeb4c4b33ad5379289.jpg,9204eb4c7225cdc0ba64f04b7d5f3bd9,4
train,Demodicosis,../datasets/feed/train/Demodicosis/P12_png_jpg.rf.e485488a066a752c7393cd70c01cdf8a.jpg,921f43cabdc51309fe710ccc12ad0afd,0
train,Ringworm,../datasets/feed/train/Ringworm/R51_png_jpg.rf.9a1b42089f65f5d290e0193e83a295ce.jpg,922edc20b8b18cbbe1a453cf15262c5a,5
train,Dermatitis,../datasets/feed/train/Dermatitis/HOT-SPOT-IN-DOG-HOW-vet-treated-symptom-prevention_-flea-bite-moist-eczema_dog-itching-000479_png_jpg.rf.8421e347f56e4f2c7fe7050b368ab2f0.jpg,9243d0ad78f452b651e5dfda4ae7e299,1
train,Demodicosis,../datasets/feed/train/Demodicosis/IMG_5298_jpeg_jpg.rf.1acbc5956320f7105e8380bfa1fc83de.jpg,9258575fb5324d341b100cc825a5ab26,0
train,Ringworm,../datasets/feed/train/Ringworm/NEWR9_jpeg_jpg.rf.9a267aa73df4de9d623acae24d65c2d0.jpg,9260885c289d6caa765e1d5d91f9887c,5
train,Ringworm,../datasets/feed/train/Ringworm/1000010654_x16_jpg.rf.fee3010b07a7079de663f65712b94bb6.jpg,926683244417ccfd552daed223f4be54,5
valid,Fungal Infections,../datasets/feed/valid/Fungal Infections/Fungal_Image_1_jpg.rf.a10b63a72da611da186314646d24a716.jpg,926a28ab20f5610e5b72aef19c3d64f9,2
train,Fungal Infections,../datasets/feed/train/Fungal Infections/FUNGAL-INFECTION_017_jpg.rf.b64d1655be1e7bd82fb6230df30b2de8.jpg,9272813d3a1480d15e86b315323faba1,2
train,Ringworm,../datasets/feed/train/Ringworm/R53_png_jpg.rf.cac3be03f050a48a2d0afcab0689fd55.jpg,928bb7f77e2e862d9939b003846f71fa,5
valid,Fungal Infections,../datasets/feed/valid/Fungal Infections/pic31_jpg.rf.8bba68759411aa403cd88ac2cb4f046a.jpg,929446827092287e38d90c4de58cdd10,2
valid,Hypersensitivity,../datasets/feed/valid/Hypersensitivity/pic8_jpg.rf.19186bda60b08a85d3ee4d18915718a5.jpg,929aa9b0b90f0fa17d1cae948be110fe,4
train,Demodicosis,../datasets/feed/train/Demodicosis/2024-05-13-165104_jpg.rf.9d97b7ee3d82c0371041c756d548fab7.jpg,929f2b8ca09dffd509095556b19e8013,0
train,Demodicosis,../datasets/feed/train/Demodicosis/P38_png_jpg.rf.235acf1fed9c472c842ae51f23a76a4f.jpg,92b63bb32ce2300ca1cf632b4081aaa2,0
train,Healthy,../datasets/feed/train/Healthy/05_jpg.rf.e4acfd96b020beac79db04fe1dd17490.jpg,92bc7b07d5abe3839e0c3cbade14a8fc,3
train,Demodicosis,../datasets/feed/train/Demodicosis/P11_png_jpg.rf.2f1612ea5cf2663bd6f798e775a73640.jpg,92c080f42ee2389ffe6d22a6e206b05e,0
valid,Demodicosis,../datasets/feed/valid/Demodicosis/scabies_89_png_jpg.rf.5e6248df3e3731cee51d6ee215596022.jpg,92d49ea7c02c45b52ed1ac1134eda847,0
train,Healthy,../datasets/feed/train/Healthy/dogs_124_jpg.rf.3fb24583108ca5a391f535c222b3ab79.jpg,9310abf9f5c51c1d56cc0c5eff52b1b0,3
train,Ringworm,../datasets/feed/train/Ringworm/436996564_1168053864147468_7935871064142461185_n_jpg.rf.153583c8337afd00fc707d6a599c5a49.jpg,931ad05d10884efe5c529b0dd0e3bf54,5
train,Ringworm,../datasets/feed/train/Ringworm/436799686_1645755056226653_3055609830143657343_n_jpg.rf.a2a9632f2b0a8db96c8fc81721e80e88.jpg,932be1474dcb1d716d6e170e2103b6ad,5
train,Ringworm,../datasets/feed/train/Ringworm/1000010696_x4_jpg.rf.856803c04b04d4ffe63ca3e2763c841c.jpg,932daec3afd7078377898b26cc904c63,5
train,Dermatitis,../datasets/feed/train/Dermatitis/hot-spots-suck_00232_jpg.rf.0243ee2df6dd106dc40d6e1097457955.jpg,933bb15432fa7789398933de97ca61b8,1
train,Healthy,../datasets/feed/train/Healthy/dogs_164_jpg.rf.dfe174f25e91f69f5debd83b871e4cec.jpg,9356f4f0fd584f2c479c9187fe324892,3
train,Dermatitis,../datasets/feed/train/Dermatitis/May-is-allergy-awareness-month-here-at-The-Shot-Spot_00469_jpg.rf.a865589998ec8750d2bd2fd8d20d23bb.jpg,936108f34ac6f78355e13b9ce99f029d,1
train,Demodicosis,../datasets/feed/train/Demodicosis/2024-05-13-134005_2_jpg.rf.397f9d3ccefc43e62abe0ad222b5ce56.jpg,937d16f2dfb1bd2f23f6062385ad1b73,0
train,Hypersensitivity,../datasets/feed/train/Hypersensitivity/12_jpg.rf.459cb946eb4d4898e04ebf9dfe35a0b7.jpg,938e8db907784cf5850ca89975e24de6,4
train,Demodicosis,../datasets/feed/train/Demodicosis/1-55-_png_jpg.rf.21d17d2b87fe6e347cac3c1e113b1031.jpg,939efb05625549c75b60cca9e7d1ae77,0
train,Dermatitis,../datasets/feed/train/Dermatitis/143539111_266046041593593_2826120553753353940_n_jpg.rf.cc933722388c034b46bc5ccee1e9868c.jpg,93a2222113b5592392f52881668f7e75,1
train,Healthy,../datasets/feed/train/Healthy/HEALTHY_049_jpeg_jpg.rf.bf5468721f635180ed298d0456a57b22.jpg,93a8e4517ba7f9e6afd088f37f6fe022,3
train,Demodicosis,../datasets/feed/train/Demodicosis/IMG_5181_jpeg_jpg.rf.51304b9e8b8249a27a1e0b5a9d0a4f59.jpg,93d8ab92e36a1a137b6ea4dd95c3e1a8,0
train,Demodicosis,../datasets/feed/train/Demodicosis/scabies_114_png_jpg.rf.dd5e68c5f49171113e4557a5cca6b3c4.jpg,93e3915cdadf845a97f893bdfaf57e12,0
valid,Ringworm,../datasets/feed/valid/Ringworm/ringworm-62-_jpg.rf.6dc6ab7d679770eeac644ed09899b8e8.jpg,940699c849f850f0e6ec390680760d6a,5
valid,Demodicosis,../datasets/feed/valid/Demodicosis/P19_png_jpg.rf.07e599f33d0c95b6d99db6b6e5a3e8cf.jpg,941d46bc31c36126a1bdf7990d73741f,0
train,Demodicosis,../datasets/feed/train/Demodicosis/1-51-_png_jpg.rf.b9be12b35b94b0272febcfbf6619ace7.jpg,941f26acbcd239bbbd996f01a7c846cb,0
train,Dermatitis,../datasets/feed/train/Dermatitis/1000010749_x16_jpg.rf.d46988b74c1a47fab722af8b886a1924.jpg,943baa9bb433b184ba820b0d3a57c2b7,1
train,Demodicosis,../datasets/feed/train/Demodicosis/1-59-_png_jpg.rf.e32d889a61720266e431ac39da6db1ef.jpg,9459221428769afda17e4eae1123f74a,0
valid,Fungal Infections,../datasets/feed/valid/Fungal Infections/fung2_jpg.rf.a115ac674825572fb55066c5777a7aee.jpg,946708c6cd62d1d539fd398e96e08779,2
valid,Dermatitis,../datasets/feed/valid/Dermatitis/May-is-allergy-awareness-month-here-at-The-Shot-Spot_02671_jpg.rf.6ad3cb0ecea9387f51375aa0d65bb6f0.jpg,9468402f9f82fdc3632f7e1d39359659,1
train,Ringworm,../datasets/feed/train/Ringworm/R6_png_jpg.rf.fec9fff8e4399cedbbd5a7f1e7da9ee1.jpg,947a1e69b31d79b241777c6bbc400531,5
train,Ringworm,../datasets/feed/train/Ringworm/NEWR9_jpeg_jpg.rf.0159c09b0c35cf4a0861f72c063ca8be.jpg,94863ede90a9b1719fb632f5b67451b5,5
train,Hypersensitivity,../datasets/feed/train/Hypersensitivity/Hypersensitivity_image_3_jpg.rf.84a37e4eff56f75b1ebf0b24cd669f52.jpg,94a6957f7db5c2ddbd3114d52aa85d86,4
train,Ringworm,../datasets/feed/train/Ringworm/436704541_463761649559966_3525937843103121136_n_jpg.rf.85c399a7aea3aca64f444198a56c2431.jpg,94a8070d050a13e569b137dc3b4dad76,5
train,Ringworm,../datasets/feed/train/Ringworm/Day-28-of-ringworm-treatment_00001_jpg.rf.5415741eebe2a35f68ba71940fadbbce.jpg,94b86167045d2431ab095b0e222fd1f5,5
train,Demodicosis,../datasets/feed/train/Demodicosis/scabies_119_png_jpg.rf.fa5b51fb33a1ca9a5bf62eef419d925a.jpg,94bf14804a32bf467d76648e12dbe2f7,0
train,Fungal Infections,../datasets/feed/train/Fungal Infections/pic90_jpg.rf.fd90a6abb09b5fcf4290f43c781b600c.jpg,94bf315f57e02a9afa1c603311fd617e,2
valid,Demodicosis,../datasets/feed/valid/Demodicosis/2024-05-13-162013_2_jpg.rf.d4e85fc7f2b8328fe24bdb4056b9a388.jpg,94c1a83da42087294365ed5d6e87f5e3,0
train,Ringworm,../datasets/feed/train/Ringworm/ringworm-84-_jpg.rf.a22758fb370d5cbb6310854f60d0f26d.jpg,94cb2ae838bbd10f769aabf7f027f5a2,5
train,Dermatitis,../datasets/feed/train/Dermatitis/Owners-usually-don-t-get-a-good-vote-of-just-how-big-hotspots_00357_jpg.rf.d8c93701a14a2295b09e7b72934e1703.jpg,94cc21d28f650532c27d27e5bb956e2a,1
valid,Hypersensitivity,../datasets/feed/valid/Hypersensitivity/B9781416056638000070_f007-032-9781416056638_jpg.rf.b64f73feaf87b87323109264e9088fec.jpg,94d56c28bc7a63328763349a0748524e,4
valid,Hypersensitivity,../datasets/feed/valid/Hypersensitivity/1158_jpg.rf.b408a15e85e3639ab617c32bcf79e43f.jpg,94d7423b464da04f1c7e6e95f9e9f299,4
valid,Healthy,../datasets/feed/valid/Healthy/004_jpg.rf.f6691548aeea1e36039e8eba9090d1cb.jpg,94e04ad1472f9318292e8a23c0beef5e,3
train,Ringworm,../datasets/feed/train/Ringworm/R3_png_jpg.rf.5c0e8d9ab33c893fe12816681626bd25.jpg,94ead88d8c3c8d1b154fb51a2535d47f,5
train,Healthy,../datasets/feed/train/Healthy/dogs_271_jpg.rf.faedfdf7548aeb2b35c5546de0f6f544.jpg,950d8e9bb8c1a7754461d86b1ee1bccf,3
train,Healthy,../datasets/feed/train/Healthy/dogs_279_jpg.rf.dbd76eb11c0b34f3a3f76fc6b8aaca04.jpg,951456fac0247975b2863875da053edf,3
train,Fungal Infections,../datasets/feed/train/Fungal Infections/1171_jpg.rf.68ae46bc4712f45ebc9e22dfa1afa1ed.jpg,952ae06c3d9ae67e0d9325538fd34a97,2
train,Demodicosis,../datasets/feed/train/Demodicosis/1-12-_jpg.rf.3ad55b19d283c4c3f5c9fb07af1f553a.jpg,95430c9f5b03db146cea9b198cae1603,0
train,Dermatitis,../datasets/feed/train/Dermatitis/hotspot-4-_jpg.rf.b38919acd30f2f7dca9fb1ba9628c7c2.jpg,9543edb31332c0234f2d9fa643706f00,1
train,Healthy,../datasets/feed/train/Healthy/HEALTHY_018_jpg.rf.bc0b13c21810da992140232a3042a32d.jpg,954b820f6a01e6a93a82a4781c883495,3
valid,Healthy,../datasets/feed/valid/Healthy/pic10_jpg.rf.f4a1cea55fcf082d22fe249df55e5ff0.jpg,95583b91f2ea3a9f37cb54ed5891647f,3
train,Demodicosis,../datasets/feed/train/Demodicosis/1-57-_png_jpg.rf.feacd4a4bdc8c73d0b9fb070bf2a7859.jpg,9561c8c57ebc0c4efc5a903ec8879407,0
train,Demodicosis,../datasets/feed/train/Demodicosis/2024-05-13-133458_3_jpg.rf.60030959eac6d52ec6d26a6be3f42f16.jpg,95656f408765bf510b71dcbf8f5b8b9a,0
valid,Demodicosis,../datasets/feed/valid/Demodicosis/P50_jpg.rf.c6bad566445e4b1213f8012f42b8be00.jpg,95706ade97aae575d34815a7c573658f,0
train,Demodicosis,../datasets/feed/train/Demodicosis/2024-05-13-161705_jpg.rf.b2e106dd05d052ed2260406e58dbd77b.jpg,95738f0c9d2cde21fddb6820dbcc79e6,0
train,Ringworm,../datasets/feed/train/Ringworm/F5CC974C-4116-4346-8FA6-371D9AEF7A88_jpeg_jpg.rf.d714b3e5d6666a86f2e0cd69bb6cda94.jpg,9573db11df80fe75ea6591d98823a472,5
train,Healthy,../datasets/feed/train/Healthy/dogs_145_jpg.rf.31a590cd6d96bb585ba04c47045143cd.jpg,95809625eabadfd1883d83d691ce023b,3
valid,Hypersensitivity,../datasets/feed/valid/Hypersensitivity/B9781416056638000070_f007-012-9781416056638_jpg.rf.232391067cbe3597e2f4f6cb4fe6ac56.jpg,9591af6466a010b7331d771e2f8631ad,4
train,Demodicosis,../datasets/feed/train/Demodicosis/2024-05-13-162850_jpg.rf.0a31c0d30808596f13f5f578cec3d122.jpg,95c87535f064d660f28163fc6917e2a5,0
train,Ringworm,../datasets/feed/train/Ringworm/R58_png_jpg.rf.a2c4cf610d62318559fd21341ee2f6f3.jpg,95d90e67ea21edc75e867617d82a6424,5
train,Ringworm,../datasets/feed/train/Ringworm/NEWR34_png_jpg.rf.2b7a0581922a98ae471d77f76ed3bd1d.jpg,95ea436a8524abb12dedb64613cec346,5
train,Demodicosis,../datasets/feed/train/Demodicosis/IMG_5314_jpeg_jpg.rf.ee651f8323bb306eecb44b8bc5f292df.jpg,95f72c94385892324400679bef893a55,0
train,Demodicosis,../datasets/feed/train/Demodicosis/2024-05-13-164256_1_jpg.rf.aa19f978dc8e8cc2658b041507c616ff.jpg,962d5d3b2963ee24a1e6aebca8ca39f4,0
valid,Ringworm,../datasets/feed/valid/Ringworm/ringworm-30-_jpg.rf.e9e1b5ca07cb1dacb0099b24371c16cc.jpg,966c66c116253db987bbdb7bbfcff8fb,5
train,Ringworm,../datasets/feed/train/Ringworm/6D4F94F0-A463-4F97-9E69-32C7C4493054_jpeg_jpg.rf.7642a53724795c6adc922fadc13ad745.jpg,96784527c822d393f8aab61ff9351e60,5
valid,Ringworm,../datasets/feed/valid/Ringworm/ringworm-9-_jpg.rf.9fe3be4fa3db2ddf57294c515dd1a8c0.jpg,968addc72220f7932855a9ef9a250b4c,5
valid,Demodicosis,../datasets/feed/valid/Demodicosis/IMG_5168_jpeg_jpg.rf.6afe73381b01c65fec233cdc16f793bf.jpg,969c94c11873b5935d445bb5124edbe5,0
train,Healthy,../datasets/feed/train/Healthy/pic9_jpg.rf.44015a5a309a2c7b010a144dc378e986.jpg,969ed53c82ade8d5431d56ab153bff4b,3
train,Hypersensitivity,../datasets/feed/train/Hypersensitivity/1337_jpg.rf.a60528daef489a1f5f15e45ad975eaea.jpg,96a23c19c7dd845b274a336bda6f4390,4
train,Healthy,../datasets/feed/train/Healthy/images-16_jpg.rf.5701591240c379ef43891c93348a51ab.jpg,96a516e66639559231481b49541f56dc,3
train,Ringworm,../datasets/feed/train/Ringworm/6D4F94F0-A463-4F97-9E69-32C7C4493054_jpeg_jpg.rf.965cddbbdd38ff0a5158267de439df1c.jpg,96dab92dd1e74922517824531c6e4036,5
train,Dermatitis,../datasets/feed/train/Dermatitis/May-is-allergy-awareness-month-here-at-The-Shot-Spot_01366_jpg.rf.3b20c8f4ea0921fea7394178a64b21ed.jpg,96e04fd9c2d982e608f10875cfa16f33,1
train,Ringworm,../datasets/feed/train/Ringworm/R15_png_jpg.rf.57fcf044589dc03880408c46fd7dc7c3.jpg,9707148546d4eaf592570844ad5125c0,5
train,Fungal Infections,../datasets/feed/train/Fungal Infections/pic19_jpg.rf.b1c122eed1a03b43457496211fc22084.jpg,97177a77f7fecd600c53fd0daa3d0ed6,2
train,Ringworm,../datasets/feed/train/Ringworm/1000010503_x16_jpg.rf.ebd13f665814985322ac3f7e66fe3eda.jpg,9718d8181c7d7daa8eded6785d29cede,5
train,Dermatitis,../datasets/feed/train/Dermatitis/1000010509_x4_jpg.rf.8b9fb6249dfae3d3538fbc16a9e66ef1.jpg,971a240e6bc9063ecc8dbe7a01f30e67,1
train,Healthy,../datasets/feed/train/Healthy/HEALTHY_058_jpg.rf.ae8ad8ea7dddb0c264ee3f03a2234206.jpg,971a8a7464d830ae351f0743aaffca4b,3
valid,Fungal Infections,../datasets/feed/valid/Fungal Infections/Fungal_2_jpg.rf.a7f496804be1d69761d4d7447661cab5.jpg,9724e79b5193dfb516b98cc388655ea1,2
train,Demodicosis,../datasets/feed/train/Demodicosis/scabies_135_png_jpg.rf.24890a46f4f4696f9388533c9497b7fa.jpg,97335944de403f0d39e218b60906b9e7,0
train,Hypersensitivity,../datasets/feed/train/Hypersensitivity/B9781416056638000070_f007-013-9781416056638_jpg.rf.cf59ffc9ce1e7b6e682ebd22b3e18f75.jpg,9759a311ed633163d88d2012874fe2dd,4
train,Dermatitis,../datasets/feed/train/Dermatitis/bacterial_Image_3_jpg.rf.9aa6d8e93e7ebf46f5ae81dbd9b6832d.jpg,975e2b9889e3c7eb4295f1cff1907b09,1
train,Hypersensitivity,../datasets/feed/train/Hypersensitivity/26_jpg.rf.88d4f52172c72d7217fb1633bf3ebd4f.jpg,977571d844b6c14e941503e3fade52c3,4
train,Ringworm,../datasets/feed/train/Ringworm/ringworm-2-_jpg.rf.24ee96240fbb6bb861543b28c0f009bd.jpg,9776d2f4b78d2e387c42f0cb1588a1db,5
train,Ringworm,../datasets/feed/train/Ringworm/436886639_984826669663928_3052914574866382434_n_jpg.rf.ad6156c5fd3ef28cbe8366b974e32dae.jpg,97998d902a4d29312dad73237be38142,5
train,Dermatitis,../datasets/feed/train/Dermatitis/HOT-SPOT-IN-DOG-HOW-vet-treated-symptom-prevention_-flea-bite-moist-eczema_dog-itching-000355_png_jpg.rf.12a7d32b630c685ad105411351b01c1c.jpg,97a01c242abf47323c983d65cd6de6ba,1
valid,Healthy,../datasets/feed/valid/Healthy/dogs_088_jpg.rf.cd715d8abf153354c122ae0113395d6d.jpg,97a06ac4abb45c3af1419cf68f033bed,3
train,Ringworm,../datasets/feed/train/Ringworm/ringworm-115-_jpg.rf.e5e3be92979e03e54b559f9a6f4f67c0.jpg,97ae7cf4e0fb3290995174ce1d591305,5
valid,Healthy,../datasets/feed/valid/Healthy/featured-nutrition-skin-dogs_FI_jpg.rf.174ee2a0988c5876552868d265539d7e.jpg,97e7decddcb0f23116605568d9802e1e,3
train,Healthy,../datasets/feed/train/Healthy/dogs_143_jpg.rf.879d3d9102a72794e411715b3bfa21fe.jpg,97e92f95da86b30cb30ac2a9540929cc,3
valid,Demodicosis,../datasets/feed/valid/Demodicosis/2024-05-13-164224_3_jpg.rf.b4fe6d16899267cc3339d896826e805a.jpg,9802993baffafa2047cef61bcda9f063,0
train,Hypersensitivity,../datasets/feed/train/Hypersensitivity/1668_jpg.rf.a9ef0b0ff783bde847225c92fe67626b.jpg,980da6e8e335ef74acda2218819fb74f,4
train,Dermatitis,../datasets/feed/train/Dermatitis/May-is-allergy-awareness-month-here-at-The-Shot-Spot_00688_jpg.rf.19cadb337f6205897bb3ffe8f605d13d.jpg,98203cd91981c45f511e4f6f1591b1f8,1
train,Healthy,../datasets/feed/train/Healthy/pic58_jpg.rf.ef4f69356a8d12dac1157a9e8221e543.jpg,982875499f358875c64ae5937bff0b70,3
train,Ringworm,../datasets/feed/train/Ringworm/ringworm-60-_jpg.rf.8a5c103e818c2a2e6b41b36256c91f03.jpg,982b5472fd79bd695b9a3bf5fc3ab777,5
train,Fungal Infections,../datasets/feed/train/Fungal Infections/pic34_jpg.rf.4475aff93a1801bb095857da3e59c42f.jpg,982cc349c7f991f93813aea6c6cee2f7,2
train,Healthy,../datasets/feed/train/Healthy/Image_23_jpg.rf.87eb3385872ec98d6f8d1b209acfa7d4.jpg,984b74ade975c51ffbe33b024ee22d2f,3
train,Demodicosis,../datasets/feed/train/Demodicosis/P33_png_jpg.rf.3b9ab95e615274296e717785400daec7.jpg,9850d1a0c309e1cf8db7d4d691088caf,0
train,Healthy,../datasets/feed/train/Healthy/pic29_jpg.rf.f87a019ff12fadd8bd3457a5d7e0b5b4.jpg,985b34a846186e15fb429dd7d177905d,3
train,Demodicosis,../datasets/feed/train/Demodicosis/1-3-_png_jpg.rf.c37ff5fde7d4728f804cd51ad675b56b.jpg,9870966120b4ed318d6a46c0c9935e3c,0
train,Dermatitis,../datasets/feed/train/Dermatitis/Hot-Spot-on-_Chance_-How-to-treat-a-dog-that-you-can_t-touch_-000612_png_jpg.rf.809a6acbc3c585e10336de738b97eef7.jpg,987ceff6f760548028d9684df3fcab60,1
train,Ringworm,../datasets/feed/train/Ringworm/WIN_20240514_17_41_26_Pro_jpg.rf.45886becae88267396ccd13c87f4fc19.jpg,9885d16bbd7018b93d1b0f754a76a683,5
train,Dermatitis,../datasets/feed/train/Dermatitis/HOT-SPOT-IN-DOG-HOW-vet-treated-symptom-prevention_-flea-bite-moist-eczema_dog-itching-000454_png_jpg.rf.e10edd01c4763f3c8e480fd4f0579182.jpg,988d27f106ffe1ec842b9fc8112d5d69,1
train,Ringworm,../datasets/feed/train/Ringworm/WIN_20240514_17_42_55_Pro_jpg.rf.52e98d14ba4d61c59f06126d515cd0e5.jpg,988d6a3b3ca9e6e939c7dee4b0928fa0,5
valid,Demodicosis,../datasets/feed/valid/Demodicosis/IMG_5175_jpeg_jpg.rf.9875fd501aa5bff17808ad0a6f6ded33.jpg,98a0ea98a81fbf48dd397eb595949e3d,0
train,Demodicosis,../datasets/feed/train/Demodicosis/scabies_123_png_jpg.rf.f74520f87aaee596da63afd3a7d11a28.jpg,98a6c2e136e9312575a07a90a7651179,0
train,Demodicosis,../datasets/feed/train/Demodicosis/scabies_132_png_jpg.rf.97a4a6f72139e39fdb24de429b2a1591.jpg,98ab7341795deedf97a1376cd368a4c7,0
train,Hypersensitivity,../datasets/feed/train/Hypersensitivity/1621_jpg.rf.e9caf554f3ae034bf2bcedbe4c4722c8.jpg,98ae92cb185106cc2a50f45f3cad1b17,4
train,Healthy,../datasets/feed/train/Healthy/dogs_005_jpg.rf.e021fc8d7315f37e34f785d45f0853cb.jpg,98bde648addf79d80697b2a01900409c,3
train,Ringworm,../datasets/feed/train/Ringworm/WIN_20240514_17_26_50_Pro_jpg.rf.085a69df497ecc9cda2cf75f668fbc4a.jpg,98d2e53565a8b1337c176499959be306,5
train,Ringworm,../datasets/feed/train/Ringworm/WIN_20240514_17_28_04_Pro_jpg.rf.6555fa133b65e1cd3e1da495344115ff.jpg,98d327b4e9801135c13d5ebf3896fd09,5
valid,Hypersensitivity,../datasets/feed/valid/Hypersensitivity/Hypersensitivity5_png_jpg.rf.a25c0d43fbbe35f92e716984f1be427b.jpg,98df91fbdac0600ca184b76c49f4537e,4
train,Dermatitis,../datasets/feed/train/Dermatitis/1000010516_x16_jpg.rf.bae3a88cf9d9240fad7046b65de2f235.jpg,98e715dc4e96b48d1e0f39989660575b,1
train,Dermatitis,../datasets/feed/train/Dermatitis/1000010769_x16_jpg.rf.541e55dedf492655afbec174e52225ca.jpg,98eae9267941de62d16aab8ae9ae6aa0,1
valid,Dermatitis,../datasets/feed/valid/Dermatitis/May-is-allergy-awareness-month-here-at-The-Shot-Spot_00085_jpg.rf.9f21d9f43a003f5dc0f3a1094ae23de6.jpg,994fce643a1cce8869957db98ecaa3e5,1
train,Hypersensitivity,../datasets/feed/train/Hypersensitivity/B9781416056638000070_f007-041-9781416056638_jpg.rf.5a97ef84086ada2504fb557a55a3c830.jpg,996ae16c2f55f1e9b59ccfa0a330c07f,4
train,Fungal Infections,../datasets/feed/train/Fungal Infections/pic65_jpg.rf.c751cc70e40528f751f710d263fffb20.jpg,9978b46043872b57037b15eee7d4ffd4,2
valid,Ringworm,../datasets/feed/valid/Ringworm/69779474_2813720978641346_3471018570912104448_n_jpg.rf.b37905087c6dcb59561a6f82d4947885.jpg,997e47512fc6b7446d05601ad3a160ac,5
train,Healthy,../datasets/feed/train/Healthy/dogs_139_jpg.rf.a3bcb9912e40ebb2b27b275316c28fac.jpg,9982d3de9292b5f80e0de3389f6624f2,3
train,Dermatitis,../datasets/feed/train/Dermatitis/1000010543_x16_jpg.rf.3d5c8fbd838ce372995e687752cdb307.jpg,998a24c009e21acce4f1bae968e1c7ef,1
train,Ringworm,../datasets/feed/train/Ringworm/WIN_20240514_17_25_33_Pro_jpg.rf.1ff5728c9114ebb94e2ec78df400801f.jpg,998c3f37bd2b2b5332629944501dd1c7,5
valid,Hypersensitivity,../datasets/feed/valid/Hypersensitivity/B9781416056638000070_f007-028-9781416056638_jpg.rf.2c1d36d770487a8924773ea46e1baf38.jpg,998ec5411b77144f9facc6a0dc918822,4
train,Healthy,../datasets/feed/train/Healthy/dogs_152_jpg.rf.2f62f16b40ebc90f7ac461faa34050d3.jpg,9998382cca848f33e937752f166a9c6f,3
valid,Fungal Infections,../datasets/feed/valid/Fungal Infections/pic6_jpg.rf.bb91d159dd71cf994243708d3ed4888c.jpg,99afcfd796a91655ef668ecfea8c2c36,2
train,Dermatitis,../datasets/feed/train/Dermatitis/Bacterial_2_jpg.rf.17b6643d1f14753095f0a3f6529b5a78.jpg,99b11edaefe748f9c94a732a7ca40b84,1
train,Ringworm,../datasets/feed/train/Ringworm/R51_png_jpg.rf.a7f870e89fe1e23d1050a72648d10ece.jpg,99b43a6b17e4320856b030f3b819bf2f,5
train,Ringworm,../datasets/feed/train/Ringworm/Day-1-of-ringworm-treatment_00151_jpg.rf.cce6a30e05baf571f2610eea13d6a472.jpg,99da5ebae634e451ac61506bc0e668c2,5
train,Ringworm,../datasets/feed/train/Ringworm/436701099_994061025387216_3841232665235162802_n_jpg.rf.23c4754ed8491f7a029ba20692706dd3.jpg,99ed9420756eb791eb103802d6220fc9,5
train,Dermatitis,../datasets/feed/train/Dermatitis/Hot-Spot-on-_Chance_-How-to-treat-a-dog-that-you-can_t-touch_-000613_png_jpg.rf.6d5cf9abd5b6d74236a7eda158ba8893.jpg,9a005af21b1915e9d8577c4948322488,1
valid,Hypersensitivity,../datasets/feed/valid/Hypersensitivity/B9781416056638000070_f007-023-9781416056638_jpg.rf.f3eeaf91d1a24dcf2d7ca4ddd2b642d9.jpg,9a06124393dcdd8010f0a2b52cd6f4ce,4
train,Healthy,../datasets/feed/train/Healthy/dogs_164_jpg.rf.5f8481a7fdd674659112ef5de9c15ecb.jpg,9a1f3542f0b1c1f799fb63beae1be1a0,3
train,Healthy,../datasets/feed/train/Healthy/dogs_000_jpg.rf.0f04ed07e575aa73fbb357930c80f595.jpg,9a3d58baf3e1df3a6ca0ee9894950113,3
train,Healthy,../datasets/feed/train/Healthy/dogs_069_jpg.rf.562a0c8dc89d774e0410dd82be793800.jpg,9a6d79e5150c7b6bc2517907e621c1c0,3
train,Fungal Infections,../datasets/feed/train/Fungal Infections/FUNGAL-INFECTION_046_jpg.rf.1683ca4e06113a7cdf08e8856e30d9d2.jpg,9a78ae542bc30eb6427274c10be6494b,2
train,Fungal Infections,../datasets/feed/train/Fungal Infections/FUNGAL-INFECTION_056_jpg.rf.4f869f7823d7aed4c40dea71e87773f9.jpg,9a7bed947f8c5a7caa6175190c3d12e1,2
train,Healthy,../datasets/feed/train/Healthy/dogs_116_jpg.rf.4b669307d7a1ff363b46d8a0ea4ec96c.jpg,9a7eb3b7f41c0fad1ad3187dc03d6eac,3
valid,Ringworm,../datasets/feed/valid/Ringworm/E64D9F1D-0C27-42C1-9A7F-B0F6755F7913_jpeg_jpg.rf.a851ff5752530ab02a4e6becceabcd4f.jpg,9aa98bc8960c7eee6d4a49b5fb800b3a,5
train,Fungal Infections,../datasets/feed/train/Fungal Infections/FUNGAL-INFECTION_019_jpg.rf.212550344c2c4dff00925fc83ab8aa9a.jpg,9affa33ef9ff61a6a61fceb87f952bd7,2
valid,Dermatitis,../datasets/feed/valid/Dermatitis/Bacterial_2_jpg.rf.74c77926a136fb07ce0e37889418ba60.jpg,9b0f01d2d98afbbb893e408a3c6646fc,1
train,Ringworm,../datasets/feed/train/Ringworm/ringworm-121-_jpg.rf.e4b799e88530c33d5538c6961a773371.jpg,9b295c784edade170c56696524979c4d,5
train,Dermatitis,../datasets/feed/train/Dermatitis/May-is-allergy-awareness-month-here-at-The-Shot-Spot_02671_jpg.rf.7dac9f163523bbeaea5573511a0dd3fa.jpg,9b3aabcb282668fc589dcda3df3b998c,1
valid,Demodicosis,../datasets/feed/valid/Demodicosis/P29_png_jpg.rf.007f762f8b368614dacf0cf9394b4a45.jpg,9b49d7867020f8bcc76a2ed38af52136,0
train,Healthy,../datasets/feed/train/Healthy/HEALTHY_007_jpg.rf.7dad0dfd20c18cbc02c76ec66d2b26ad.jpg,9b4e2a8f936f70ba1d32d9fefdb6d47d,3
train,Hypersensitivity,../datasets/feed/train/Hypersensitivity/Hypersensitivity4_png_jpg.rf.baeb8b1f458ded5127156e6719d47325.jpg,9b5b3b679d560353364e4a1684bf16eb,4
train,Healthy,../datasets/feed/train/Healthy/HEALTHY_027_jpg.rf.879c2db26ca14fa5ef78033cd1827781.jpg,9b6eecf543d88553741d6265b1456fc8,3
train,Demodicosis,../datasets/feed/train/Demodicosis/1-6-_png_jpg.rf.f5810351cea40b563b410d771bcb1a16.jpg,9b73f87aa7c1b8148986f0634ab2733b,0
train,Healthy,../datasets/feed/train/Healthy/dogs_003_jpg.rf.49a6ff4195ac497c3d5b03b2e2f7fc02.jpg,9bc514f53c925018d772041fdc65e0f3,3
train,Ringworm,../datasets/feed/train/Ringworm/438051747_429300536462648_7834621964132658771_n_jpg.rf.dd4bed90571900b3a3145f35fec44027.jpg,9bca68e9c8fb469fa6bf31e746e99b7f,5
train,Dermatitis,../datasets/feed/train/Dermatitis/bac4_png_jpg.rf.466e620fef99ed7bfa4590c3e0b13af8.jpg,9bcc26c86a19b0186745fac78c4eadb3,1
train,Dermatitis,../datasets/feed/train/Dermatitis/HOT-SPOT-IN-DOG-HOW-vet-treated-symptom-prevention_-flea-bite-moist-eczema_dog-itching-000466_png_jpg.rf.7cb27e278f32fe371d6edd9190c030f6.jpg,9be8a1ad83324781fb9af898ab82a248,1
train,Dermatitis,../datasets/feed/train/Dermatitis/May-is-allergy-awareness-month-here-at-The-Shot-Spot_00085_jpg.rf.c9c65eaa61023df0d84b667b1fea6801.jpg,9c035aa535141eeff9c27d83b9046f1b,1
train,Demodicosis,../datasets/feed/train/Demodicosis/1-26-_png_jpg.rf.e2ddf7b69cf6fc42e369ce760f696dae.jpg,9c10ba93e845d3ca1dd285856f294429,0
train,Hypersensitivity,../datasets/feed/train/Hypersensitivity/Hypersensitivity2_png_jpg.rf.dc1fc1dc3507684ad08bdf087f920dfe.jpg,9c12692a0206b354da7fd8dd5eccdec4,4
train,Fungal Infections,../datasets/feed/train/Fungal Infections/FUNGAL-INFECTION_068_jpg.rf.12a49d9f15bedebfce393a79880d2df0.jpg,9c296845f86c971a95b8808440d1c5a0,2
train,Hypersensitivity,../datasets/feed/train/Hypersensitivity/Hypersensitivity_image_3_jpg.rf.7479304d09ab89ed37cd81e803241062.jpg,9c2af6aec119c86fed4d7c166e2bf705,4
train,Ringworm,../datasets/feed/train/Ringworm/R11_png_jpg.rf.7d0634a891dc0a16906f3110c0ad03b3.jpg,9c673209a5c6e863847c835a06144b05,5
train,Fungal Infections,../datasets/feed/train/Fungal Infections/FUNGAL-INFECTION_017_jpg.rf.ae450da2edf4b44a247bfe82f5a5c479.jpg,9c70cf34992beb631e3308a4e82cfce7,2
valid,Fungal Infections,../datasets/feed/valid/Fungal Infections/Fungal4_png_jpg.rf.a6b2541e155e89973b41cd9a42e1dfc1.jpg,9c7221d836d23811c370acfa583aaf39,2
train,Dermatitis,../datasets/feed/train/Dermatitis/May-is-allergy-awareness-month-here-at-The-Shot-Spot_00019_jpg.rf.a81136af068fe39b12feb649643b056d.jpg,9c78cd0d0b9271662265b7485ba1881e,1
train,Fungal Infections,../datasets/feed/train/Fungal Infections/FUNGAL-INFECTION_024_jpg.rf.08bc64d12a96f961d9549970c744e3a5.jpg,9c8511c51eb51dd03f2dfcf50a91fa69,2
valid,Healthy,../datasets/feed/valid/Healthy/dogs_150_jpg.rf.4cf82be19afeeb02ac14329920ec24b4.jpg,9c9c74af07384d08e7f45401ff49a1e3,3
train,Ringworm,../datasets/feed/train/Ringworm/1000010644_x16_jpg.rf.ed39fd688db0d1525957533a2cd9e444.jpg,9ca8e88d8e82c3528309efa2ddd514b7,5
train,Dermatitis,../datasets/feed/train/Dermatitis/50_jpg.rf.1e2911152f696862c27d24937fcc812d.jpg,9d06d410dcb9bc4aa01aa28c68aa8e18,1
train,Dermatitis,../datasets/feed/train/Dermatitis/hotspot-50-_jpg.rf.ed96bd890c4ed42cf8d9604dab1719da.jpg,9d0a4d06d0a81053e345fb8bc9c12ee3,1
train,Hypersensitivity,../datasets/feed/train/Hypersensitivity/B9781416056638000070_f007-008-9781416056638_jpg.rf.34d38d11263ba0fc682fda65447034a4.jpg,9d11fd2a3a592143450cf1987019a744,4
train,Dermatitis,../datasets/feed/train/Dermatitis/HOT-SPOT-IN-DOG-HOW-vet-treated-symptom-prevention_-flea-bite-moist-eczema_dog-itching-000355_png_jpg.rf.8d332d1a8cb74f51babbea7b34bffc44.jpg,9d2d2224ac21e69904b24c8fce7760a1,1
train,Fungal Infections,../datasets/feed/train/Fungal Infections/FUNGAL-INFECTION_042_jpg.rf.9b1a395b351d8e81243db1013b5021cb.jpg,9d3757a827d3c67a2cc45b8167f65113,2
train,Dermatitis,../datasets/feed/train/Dermatitis/Hot-Spot-on-_Chance_-How-to-treat-a-dog-that-you-can_t-touch_-000616_png_jpg.rf.ce069cd28cf02c5f3579598d5dde2602.jpg,9d504c5f6cb9f7cafc7e2e8aeee3ac61,1
valid,Fungal Infections,../datasets/feed/valid/Fungal Infections/fungal2_jpg.rf.4828542fde44ca3433d59ed97ead9af9.jpg,9d6466c7137e5886593cae68a46fcbeb,2
train,Dermatitis,../datasets/feed/train/Dermatitis/HOT-SPOT-IN-DOG-HOW-vet-treated-symptom-prevention_-flea-bite-moist-eczema_dog-itching-000455_png_jpg.rf.b5470686c7f9e76cc354058f92e03c84.jpg,9d7748b3d8364df2a2a6ba43b63ee998,1
train,Demodicosis,../datasets/feed/train/Demodicosis/scabies_88_png_jpg.rf.71d23268defbbff671757492b1fa0a2d.jpg,9d803df5256f367e2f85876e6cb2e354,0
train,Dermatitis,../datasets/feed/train/Dermatitis/hotspot-72-_jpg.rf.8816a781dc272533661d588e47778b58.jpg,9da32dec7888d320585a9333d069963f,1
train,Healthy,../datasets/feed/train/Healthy/dogs_113_jpg.rf.116d1a79eda3ee0c115c42e7dc4ba2b9.jpg,9da9680699d0cbccb079784ae9710fcf,3
train,Fungal Infections,../datasets/feed/train/Fungal Infections/pic11_jpg.rf.5ca573dcf56789fe10bf9f6be0fa8f5f.jpg,9db41496032dcca5f195b4db5d3c3101,2
train,Healthy,../datasets/feed/train/Healthy/dogs_164_jpg.rf.a0bf80b9d1177817a1d9e1ab7c9bb284.jpg,9dc5ebb125655095846c846ea4c49cb0,3
valid,Dermatitis,../datasets/feed/valid/Dermatitis/1000010725_x16_jpg.rf.89889aa969b5709ab96b12fb9f39bf4b.jpg,9dd4e3f5e4630cfbbaff4d3a1d242e0d,1
valid,Fungal Infections,../datasets/feed/valid/Fungal Infections/fungal2_jpg.rf.d5548719c50feb9e130582eb3d8ee3f5.jpg,9dff2d0522d57c2b47adbed9a743edb5,2
train,Healthy,../datasets/feed/train/Healthy/HEALTHY_023_jpg.rf.a92c48ee15d85a8be7f81fcfa39b808c.jpg,9e32a26023df8a4c8253fe6533cc097d,3
valid,Ringworm,../datasets/feed/valid/Ringworm/ringworm-123-_jpg.rf.727ca3f4a4efa4b4cee2ba43ed596925.jpg,9e596ef42773e4af4f6a14a70d480492,5
valid,Demodicosis,../datasets/feed/valid/Demodicosis/1-19-_png_jpg.rf.492569ec5b4c949affb1b521f8fccef7.jpg,9e5c21d6754c3249cfe5a04a02cccb47,0
train,Fungal Infections,../datasets/feed/train/Fungal Infections/FUNGAL-INFECTION_046_jpg.rf.3fe915087893975639830c4f2f0e168e.jpg,9e5c378cd0cf7dfeeda29d33d0a73584,2
valid,Dermatitis,../datasets/feed/valid/Dermatitis/1000_F_266925987_GoNkiLNIUXfRzYXf96Ngo00leArxL72S_jpg.rf.5b8f5f9bd2e9cfc694ae57028e9afa57.jpg,9e8c504cb52d4e86768ce524d9d8f0a2,1
train,Hypersensitivity,../datasets/feed/train/Hypersensitivity/1158_jpg.rf.1f9c68ab5511931f9446f2ea23f51fc7.jpg,9e983b440753e5c8ad25f87bd8144151,4
train,Ringworm,../datasets/feed/train/Ringworm/R47_png_jpg.rf.dd6c1613907378299724901dd99a677b.jpg,9e9f078465ae7b91bcd23cccb94f65ee,5
valid,Ringworm,../datasets/feed/valid/Ringworm/R22_png_jpg.rf.2467bb89c620f8646a7bd46e9192556f.jpg,9eba99b6a13df60041897fc2eecca8f1,5
train,Ringworm,../datasets/feed/train/Ringworm/ringworm-115-_jpg.rf.fbfebc2e8a51df9bcd03f29ec55a8cd5.jpg,9ef426d61a774b3c7f8b6c48592ea8ee,5
train,Healthy,../datasets/feed/train/Healthy/HEALTHY_015_jpg.rf.a031cd225fd50ebdd20b8ba770fdb5b5.jpg,9ef5cb1fee2e71441cc1291c2f51405b,3
train,Hypersensitivity,../datasets/feed/train/Hypersensitivity/Hypersensitivity2_png_jpg.rf.81e2c0fc8fda8835405cee5ff3a43fe3.jpg,9f10c87f629ce7225987167f0caa6524,4
train,Dermatitis,../datasets/feed/train/Dermatitis/1000010700_x16_jpg.rf.0ce2d0b9f061123dd8518eec6c2299d6.jpg,9f256d1b31476aa80dd0cb7533dd4353,1
train,Fungal Infections,../datasets/feed/train/Fungal Infections/Fungal_Image_4_jpg.rf.4ff2db7e9bf2e67bca3211b8713c6ce0.jpg,9f2df4c2277d09a3f487edbe8669fb53,2
train,Demodicosis,../datasets/feed/train/Demodicosis/1-2-_jpg.rf.9341f5ab37b3a34fdf00ebd64a34cae9.jpg,9f314107b2fa3815d6634c284ed54f2c,0
valid,Healthy,../datasets/feed/valid/Healthy/dogs_028_jpg.rf.132b349f779744676395cacdb440991d.jpg,9f3d466261acdc02264399bd60fedff8,3
valid,Ringworm,../datasets/feed/valid/Ringworm/72AF7C39-5E76-4D59-ABE8-A26A7A74B28B_jpeg_jpg.rf.180be14a5cc6adaddb71a26724da2da2.jpg,9f623f556349b2dea73aad982d9fed3e,5
train,Demodicosis,../datasets/feed/train/Demodicosis/P27_png_jpg.rf.4e4d0ea5d9f42fa006b6e0187cb525c2.jpg,9f6e9115ce1fb46574f453099d217753,0
valid,Hypersensitivity,../datasets/feed/valid/Hypersensitivity/B9781416056638000070_f007-014-9781416056638_jpg.rf.a04d25438195e4044f861f9ceb137da8.jpg,9f74d366e04fd4611040abd12e203d35,4
train,Hypersensitivity,../datasets/feed/train/Hypersensitivity/B9781416056638000070_f007-040-9781416056638_jpg.rf.cc1d6bf27e6c7e7d5ce3cfed6e491c50.jpg,9f7d477fb3a81e2771f6fe88b2c91982,4
train,Fungal Infections,../datasets/feed/train/Fungal Infections/pic3_jpg.rf.6013925db264998d0a0e28c4e4ba6f7b.jpg,9f813c200cb825e66dd89de622c3c43b,2
valid,Dermatitis,../datasets/feed/valid/Dermatitis/HOT-SPOT-IN-DOG-HOW-vet-treated-symptom-prevention_-flea-bite-moist-eczema_dog-itching-000503_png_jpg.rf.2bc8e196df0b5331bc741e497f1d9c24.jpg,9fa2589f6eaaab62ff6cdde26e172319,1
train,Healthy,../datasets/feed/train/Healthy/dogs_010_jpg.rf.db1c3c58bc2fcb7968255cc89579f8fd.jpg,9faa2e1005ac5ccb036a5c2066b3251d,3
valid,Hypersensitivity,../datasets/feed/valid/Hypersensitivity/B9781416056638000070_f007-025-9781416056638_jpg.rf.be520eb2fa2bec7becbecdba8abc3b17.jpg,9fad4a06c30f257a1cdf6fb47f83bd83,4
train,Demodicosis,../datasets/feed/train/Demodicosis/scabies_110_png_jpg.rf.b83334914c57fc6c7307942e94ce23de.jpg,9fb908b9347a723716f186b8582346c2,0
train,Demodicosis,../datasets/feed/train/Demodicosis/2024-05-13-161952_jpg.rf.f9c67acb550e3111cfec5eea8e9e3127.jpg,9fb9d5891e38d3402a89bea4ae6ad60d,0
train,Demodicosis,../datasets/feed/train/Demodicosis/P33_png_jpg.rf.21961e5b52424dd80dd83d706c7d34cc.jpg,9fbf466ff4c0ac3b50321edecc6d8807,0
train,Ringworm,../datasets/feed/train/Ringworm/WIN_20240514_17_27_21_Pro_jpg.rf.6d3c0e830e002c40cff72c002cb4eb63.jpg,9fd478037a14c61e4ea8a14a5a99b68d,5
train,Fungal Infections,../datasets/feed/train/Fungal Infections/FUNGAL-INFECTION_027_jpg.rf.26fb470d65bdb9eb2058d2fe956fdaf4.jpg,9fd643553c71c652bbc6b8a4a39810ed,2
train,Fungal Infections,../datasets/feed/train/Fungal Infections/FUNGAL-INFECTION_062_jpg.rf.273806b53c9e11ba63b1ff9bd336259e.jpg,9fef68354a0e2ccd0b32ca877545776e,2
valid,Demodicosis,../datasets/feed/valid/Demodicosis/IMG_5156_jpeg_jpg.rf.412c4178dc71e319c39d68e8ae1517f0.jpg,9ff5ffa299837f436eeb7fd2b94b4b90,0
valid,Healthy,../datasets/feed/valid/Healthy/dogs_041_jpg.rf.1b26300c8a13838b90dbe655ea80a73d.jpg,a0057dd19d811f224fce24ba7354b0f4,3
train,Dermatitis,../datasets/feed/train/Dermatitis/1000011972_x4_jpg.rf.264f82f3679924911eb3893dbf280edf.jpg,a061776d15639f819081868eea113cc5,1
valid,Dermatitis,../datasets/feed/valid/Dermatitis/1000011977_x4_jpg.rf.6e1f084f8e6454e2db7acf3c91eee67c.jpg,a0734c29da196a32c1bfd14440708749,1
valid,Hypersensitivity,../datasets/feed/valid/Hypersensitivity/pic3_jpg.rf.691b4bda3c6b666216bd66669357bb9b.jpg,a07e6447a3212043b29738235aeb7396,4
valid,Healthy,../datasets/feed/valid/Healthy/images-38_jpg.rf.fdfdf8083b4a168337f7da4194cb15a1.jpg,a083eaf9dac8209f20044cecac129e6c,3
valid,Fungal Infections,../datasets/feed/valid/Fungal Infections/1380_jpg.rf.99950ea8f3f3916791224fcd021f9e3e.jpg,a0a75a663176764641afff9f1bdf581d,2
train,Fungal Infections,../datasets/feed/train/Fungal Infections/FUNGAL-INFECTION_024_jpg.rf.f4e826af1b81a549c15fac3cb29a2f8e.jpg,a0b106a79c5380eb1a190df60d1491cc,2
train,Ringworm,../datasets/feed/train/Ringworm/ringworm-126-_jpg.rf.a6870ebd10c080fa0338772774d52470.jpg,a0b4e1d803d0529e8d6f91f82eb681ae,5
valid,Healthy,../datasets/feed/valid/Healthy/dogs_272_jpg.rf.a6c2a6d569cad239e7f422e8849eac2e.jpg,a0b50ffd10531151b030531e1b2ec00b,3
train,Demodicosis,../datasets/feed/train/Demodicosis/IMG_5188_jpeg_jpg.rf.4d3c68b56454ee11c75472499da4d5bd.jpg,a0b879aab69e46a9b834e1c83e716543,0
train,Dermatitis,../datasets/feed/train/Dermatitis/hotspot-36-_jpg.rf.769aa690ff344bcae901ea63af7ea284.jpg,a0e2ea2b38037881ff8136fbfd6a8e49,1
train,Healthy,../datasets/feed/train/Healthy/HEALTHY_049_jpeg_jpg.rf.83a10948ed1ddd30996b9656f8b9e26f.jpg,a0fea0facf1b985212d130942942b9de,3
train,Ringworm,../datasets/feed/train/Ringworm/R7_png_jpg.rf.2d6b526c01fa511638da3a7eb5890a0a.jpg,a134040d6a9d8f72979029237f6b0721,5
valid,Demodicosis,../datasets/feed/valid/Demodicosis/1-15-_png_jpg.rf.25f1df5fc387f2fac23dbcbfa834c1b7.jpg,a1390a9e46f1eacba4ba3cc706064d37,0
train,Demodicosis,../datasets/feed/train/Demodicosis/1-72-_png_jpg.rf.d0a56f75878107b73dfbaafb9663377b.jpg,a14a7256318af33d7e8eccbb484ee19a,0
train,Demodicosis,../datasets/feed/train/Demodicosis/IMG_5222_jpeg_jpg.rf.3bf0c40f310035c538eee04a64e867ee.jpg,a15915cb97f831a7de4c4a03b3b3fbf4,0
train,Fungal Infections,../datasets/feed/train/Fungal Infections/1328_jpg.rf.0185fab8046751f78e5ffe5a37bd37d3.jpg,a161316bb3ccc073ea798625e297e7e2,2
train,Dermatitis,../datasets/feed/train/Dermatitis/1000010769_x16_jpg.rf.90618aad00f8f13a7f04cc55b76e9c77.jpg,a166d68a1f0402a40717768b854196a0,1
valid,Healthy,../datasets/feed/valid/Healthy/Image_7_jpg.rf.185fc9bb5bf422a54da38a0584d6dd44.jpg,a180358bfa14bc6eb26fbec35be3cb9a,3
valid,Demodicosis,../datasets/feed/valid/Demodicosis/2024-05-13-134153_3_jpg.rf.b69422d5340e908ff2f710d6e04998c1.jpg,a182438472e82e35f9c3cf5737af4943,0
valid,Demodicosis,../datasets/feed/valid/Demodicosis/2024-05-13-162013_4_jpg.rf.2c8f29d027a291ef12f7d82d05d9844e.jpg,a1a795673e96d054c627f87e3485cc8b,0
train,Demodicosis,../datasets/feed/train/Demodicosis/1-15-_png_jpg.rf.60dc283a95333b2e21b234f4f2968cd4.jpg,a1dc0849aec0db5609c30390e54ad296,0
train,Fungal Infections,../datasets/feed/train/Fungal Infections/pic71_jpg.rf.5fbbc549830a1487c3a3b386099b9bd6.jpg,a1de3b09e818d31354e21eed3892160a,2
train,Hypersensitivity,../datasets/feed/train/Hypersensitivity/B9781416056638000070_f007-035-9781416056638_jpg.rf.62ee59ea50be6364b40df96a84d24364.jpg,a1f8e6b18e01e71a86c6541f5827d941,4
train,Demodicosis,../datasets/feed/train/Demodicosis/2024-05-13-134316_4_jpg.rf.316b5860fcf1fd8f291fce985ea65ed2.jpg,a204e420c4c883edee0777dea7f99fdc,0
valid,Fungal Infections,../datasets/feed/valid/Fungal Infections/pic67_jpg.rf.86be900b1545fcf9f1b478d529f3b1ed.jpg,a20da8035cee6b8aba9767a7e832809a,2
train,Demodicosis,../datasets/feed/train/Demodicosis/scabies_112_png_jpg.rf.f1307561b5c159491a9b9353bdc67d59.jpg,a22aaf7976aaba1738ef0bd50c731feb,0
train,Ringworm,../datasets/feed/train/Ringworm/WIN_20240514_17_38_33_Pro_jpg.rf.2e4523244981d0e982c2f79b4980b287.jpg,a233e31b733761b62c2cd54a782f95be,5
train,Demodicosis,../datasets/feed/train/Demodicosis/IMG_5176_jpeg_jpg.rf.f8004d0dbcfcac2c8319bb58b0efb7de.jpg,a25a5915d93d7792ed2ab1316c5c19db,0
valid,Demodicosis,../datasets/feed/valid/Demodicosis/D113_png_jpg.rf.03ac75d0d15115d99bdf4ee6ccc6a123.jpg,a27e4b0ac87439e9a2a80ddc2460fe6c,0
train,Dermatitis,../datasets/feed/train/Dermatitis/I-thought-this-was-an-Ingrown-hair-in-my-dogs-toe-grass-seed-removal-000312_png_jpg.rf.282b1b7772fb4a97a60fd71654901e88.jpg,a2a80aaefb1b29761f94dd155ad31383,1
train,Healthy,../datasets/feed/train/Healthy/dogs_030_jpg.rf.23d99775a63c0000d4fd987b7e30a834.jpg,a2afd7806eb70064748a24cdb0a75f46,3
train,Ringworm,../datasets/feed/train/Ringworm/R40_png_jpg.rf.3a07bb09cc5af345f38884c3538a81f2.jpg,a2b44f51070f033378ef27892152281f,5
train,Healthy,../datasets/feed/train/Healthy/Image_7_jpg.rf.5d279007ae12304bd8ff0cc6e42fef3a.jpg,a2ca2619f88ecd37ad95e244a728aa97,3
valid,Dermatitis,../datasets/feed/valid/Dermatitis/HOT-SPOT-IN-DOG-HOW-vet-treated-symptom-prevention_-flea-bite-moist-eczema_dog-itching-000486_png_jpg.rf.256ad4504362283aff949b8d63bc9e41.jpg,a2d11590ee1356605b2e8ed948a9914c,1
train,Demodicosis,../datasets/feed/train/Demodicosis/P31_png_jpg.rf.98136b8787567fb448adb1adfcedbbf4.jpg,a2d72768476c2f9203c42d7ff6e6f832,0
train,Ringworm,../datasets/feed/train/Ringworm/R27_png_jpg.rf.5ced1cdf4096e2587938e03f7eeb49fd.jpg,a2da919059e00cde4657578806ad81e7,5
train,Demodicosis,../datasets/feed/train/Demodicosis/scabies_89_png_jpg.rf.6bd32f593d546116f98e29ffde256782.jpg,a2e2cab6250311e9a5a5d13308761094,0
train,Fungal Infections,../datasets/feed/train/Fungal Infections/FUNGAL-INFECTION_056_jpg.rf.9562961db047622e5041e0d8793a8934.jpg,a2ea99c6cc6ee8f48d6ad7e6719415b1,2
train,Healthy,../datasets/feed/train/Healthy/dogs_122_jpg.rf.3d7c2107b8e61106f3aa4dfccb80a8d3.jpg,a2fbab2e1dcddd5674f5275405749c83,3
valid,Ringworm,../datasets/feed/valid/Ringworm/ringworm-43-_jpg.rf.4780240bcfb7ea0c45cb21bf9e6de66c.jpg,a300d29e7a28d98100e4bf5f2f8745d7,5
train,Ringworm,../datasets/feed/train/Ringworm/436701801_8280282811988582_286668803611391804_n_jpg.rf.c9e5486cbc504aeb8b00c7e9ca702559.jpg,a32499cae772dcdc312f11fe59e3ba67,5
train,Healthy,../datasets/feed/train/Healthy/images-55_jpg.rf.16214de54af17c2905f31425e24b7542.jpg,a341e8bb7805735fbd681558c0415dc5,3
train,Demodicosis,../datasets/feed/train/Demodicosis/P26_png_jpg.rf.e54dfacf3fb326d1f9ca1548c5be8c04.jpg,a3531d0e327bd2d5d5d669586f008ea6,0
train,Healthy,../datasets/feed/train/Healthy/066_jpg.rf.c9c2374361df6a285aaaf3209d0e7451.jpg,a35483d5801bf3284f9bda78419582ba,3
train,Ringworm,../datasets/feed/train/Ringworm/5A4BF21E-2505-406C-9A43-30E236CE08FE_jpeg_jpg.rf.ef61eef92c5ee30711b81d960d3f21f6.jpg,a36601c076c97799ec7b8b1f83855ef4,5
train,Healthy,../datasets/feed/train/Healthy/047_jpg.rf.3622dd44ec2437ad7ebb655bcb8dadc2.jpg,a36806d36cd9de550cf288f7c0903746,3
train,Ringworm,../datasets/feed/train/Ringworm/E518EDB2-AF23-4A0B-A1FB-30CC5C9E52E3_jpeg_jpg.rf.dbb6f2dcad3675ff6657eea259d49205.jpg,a377e66de56cc0477860814accd26acd,5
train,Demodicosis,../datasets/feed/train/Demodicosis/scabies_133_png_jpg.rf.3893b83f55c62e62ecae49f5dacdfa15.jpg,a395c28061531ca278e87df108c7d53a,0
train,Demodicosis,../datasets/feed/train/Demodicosis/2024-05-13-165441_jpg.rf.4c96e5a5ec3e18695453d5d02df6f545.jpg,a3a2a6327386bfd61c35e1d036f0f3d2,0
train,Ringworm,../datasets/feed/train/Ringworm/NEWR46_png_jpg.rf.2e1e3819a9adf3be2116b19e6f13240f.jpg,a3a458bba9bc1a1f3505b2f8a6f6ab60,5
train,Dermatitis,../datasets/feed/train/Dermatitis/1000010590_x4_jpg.rf.d07cae6ad834a13868f61f9409af69a1.jpg,a3b025ed8db8eae5a15261fcac31eb54,1
valid,Dermatitis,../datasets/feed/valid/Dermatitis/HOT-SPOT-IN-DOG-HOW-vet-treated-symptom-prevention_-flea-bite-moist-eczema_dog-itching-000466_png_jpg.rf.bcfe80e877f82192e0214278fee72915.jpg,a3b9ef6527cf25e05fec18b8524f0b28,1
valid,Dermatitis,../datasets/feed/valid/Dermatitis/HOT-SPOT-IN-DOG-HOW-vet-treated-symptom-prevention_-flea-bite-moist-eczema_dog-itching-000477_png_jpg.rf.41110c57311b789e09635d1933fd623f.jpg,a3e13e0c6b2fa417bffd5857e61034f2,1
train,Fungal Infections,../datasets/feed/train/Fungal Infections/1173_jpg.rf.6103f182d3ad7459b478ea4b7ebd9b01.jpg,a3e586765f758f39636773a1a1d7feaf,2
train,Demodicosis,../datasets/feed/train/Demodicosis/1-17-_png_jpg.rf.65b34beabfe611f872084e46959ad8e7.jpg,a3f5c1383f4d71f83f399c7aa92e94e8,0
train,Demodicosis,../datasets/feed/train/Demodicosis/IMG_5188_jpeg_jpg.rf.4ceb18b60a34ef098eaff0a9af85ed40.jpg,a41333c1dbc8677c4d1d8e72dbf90964,0
train,Ringworm,../datasets/feed/train/Ringworm/R41_png_jpg.rf.14ef07bf009b2db1726833ef8592e897.jpg,a417f6df0fb8dc0d76d6199181d5289f,5
train,Hypersensitivity,../datasets/feed/train/Hypersensitivity/Hypersensitivity4_png_jpg.rf.9e016a48ea4afc44bf6d6c730f95cbe6.jpg,a41c7f443aa0fa6b1afb9c574f81160b,4
train,Demodicosis,../datasets/feed/train/Demodicosis/IMG_5168_jpeg_jpg.rf.e4e8ea2f54d23d84ba10a4760e993090.jpg,a430f373d6ecb03d8f9933761924a669,0
train,Dermatitis,../datasets/feed/train/Dermatitis/HOT-SPOT-IN-DOG-HOW-vet-treated-symptom-prevention_-flea-bite-moist-eczema_dog-itching-000357_png_jpg.rf.9e758ee6d404ff53c859efd769ac9b40.jpg,a43c02071be30ab7443f2fb308475237,1
valid,Demodicosis,../datasets/feed/valid/Demodicosis/1-29-_png_jpg.rf.648260a6f263b3eaae39ec9f713c8b63.jpg,a441a5a0488d3db4b9739a461cfa5340,0
train,Dermatitis,../datasets/feed/train/Dermatitis/1000010543_x16_jpg.rf.04ad268ac108a271f525f6c655c3aa44.jpg,a44ac58095d11b8327ad332db31c8bad,1
valid,Hypersensitivity,../datasets/feed/valid/Hypersensitivity/1309_jpg.rf.7edcedc524eb1203226ae92297ec3943.jpg,a44ea83a1129002423f372f71342689b,4
train,Demodicosis,../datasets/feed/train/Demodicosis/IMG_5214_jpeg_jpg.rf.760ccbce8ebc1bbed64bb6febc92aadb.jpg,a45be19bf38fecd792414fbc4aaab717,0
train,Demodicosis,../datasets/feed/train/Demodicosis/scabies_113_png_jpg.rf.5bf5782a912dbe0d1874f047771eca31.jpg,a483d6cb0281bc2df410349388e33274,0
train,Fungal Infections,../datasets/feed/train/Fungal Infections/fung5_jpg.rf.f118f53aa219eb92fb8eee1e0a8bd21d.jpg,a483efa6f02cf12bb835e42ccdb5fe0d,2
valid,Hypersensitivity,../datasets/feed/valid/Hypersensitivity/Hypersensitivity4_png_jpg.rf.65d2dcb461005bfe231e6592146501d3.jpg,a491a103af82077c63730daf781d4cbd,4
train,Demodicosis,../datasets/feed/train/Demodicosis/P23_png_jpg.rf.694dded9806df941fa64768e2d3e335e.jpg,a49b0ed3a34609a3fb036a49bceee450,0
train,Demodicosis,../datasets/feed/train/Demodicosis/IMG_5264_jpeg_jpg.rf.b4df938223c4a60b0290351c476a4fa7.jpg,a49daae750e256a753ca83c771ed8a0d,0
valid,Dermatitis,../datasets/feed/valid/Dermatitis/hotspot-54-_jpg.rf.f48edf91e78443e0ed285d062005e56f.jpg,a4d10ea70e8fb8c5e76cd473fa5234ed,1
train,Ringworm,../datasets/feed/train/Ringworm/WIN_20240514_17_41_18_Pro_jpg.rf.7f7e8421a28029e3f25a63a5cdfe93d6.jpg,a4dac3c6605241afef495d1e84376c26,5
train,Ringworm,../datasets/feed/train/Ringworm/NEWR22_png_jpg.rf.0ca501f40a21da37eb6f7eebb96329a3.jpg,a4ddff4e4d066fafe9d1b276620d0606,5
train,Hypersensitivity,../datasets/feed/train/Hypersensitivity/B9781416056638000070_f007-001-9781416056638_jpg.rf.dce0cdc032193b719e38c2a0bd4c450e.jpg,a4e77e8e238d9c11806df8ab6be6f888,4
valid,Ringworm,../datasets/feed/valid/Ringworm/WIN_20240514_17_26_56_Pro_jpg.rf.93618177709e26c960380af0526b959e.jpg,a4ef862c2798c7405f1f274cb2582313,5
train,Fungal Infections,../datasets/feed/train/Fungal Infections/FUNGAL-INFECTION_012_jpg.rf.36851ebf84c2b6fbb6ebf41b71b954b8.jpg,a4f0b3f3e380bf7fff50db3dd9deee3f,2
train,Fungal Infections,../datasets/feed/train/Fungal Infections/FUNGAL-INFECTION_068_jpg.rf.6914aaa22d3d5e57b1b83514b7d4d87d.jpg,a4f28a3c232e511f47142e6a098f7ef8,2
valid,Hypersensitivity,../datasets/feed/valid/Hypersensitivity/Hypersensitivity1_png_jpg.rf.46aad4712f7fbe0c88fdde4649936a5c.jpg,a4f867a488083973909e08e158194063,4
train,Ringworm,../datasets/feed/train/Ringworm/R10_png_jpg.rf.b55b7f5ce4fdf0830671510853640f2c.jpg,a5405fca462d1c2777f54a938c298cc6,5
train,Dermatitis,../datasets/feed/train/Dermatitis/1000010628_x4_jpg.rf.7e1c28a5bf4a0072bdc1038bcc117f2b.jpg,a5444b64434a391b572dd71a6ac095e6,1
valid,Ringworm,../datasets/feed/valid/Ringworm/NEWR11_jpeg_jpg.rf.30562eb0a1c77afd8806faad2e608307.jpg,a54cef8f23f66736ce742640f9e8164f,5
valid,Fungal Infections,../datasets/feed/valid/Fungal Infections/FUNGAL-INFECTION_048_jpg.rf.f5910e25562689a536b5c63917221a7b.jpg,a557aa5b104d0bf49bdc71d188a071f1,2
train,Dermatitis,../datasets/feed/train/Dermatitis/May-is-allergy-awareness-month-here-at-The-Shot-Spot_02314_jpg.rf.aaae4dbc570ebe5a66d01ef53aaab6d0.jpg,a5677b0f153d3db4e549774b83177f89,1
train,Demodicosis,../datasets/feed/train/Demodicosis/IMG_5215_jpeg_jpg.rf.c9101b6d8e8e8dcc68501406be12d46e.jpg,a571b49ce45d976bbb1fe9e6bcf72289,0
train,Ringworm,../datasets/feed/train/Ringworm/436636046_360111827071591_750719804675544335_n_jpg.rf.fad329460bb69bea5fd83d495931f3b6.jpg,a5778d150579dc3019f459f6c5c90726,5
train,Demodicosis,../datasets/feed/train/Demodicosis/2024-05-13-162941_jpg.rf.02b090a5d5f2429afb44f9038ca47125.jpg,a58233de0b373ed8937642b851db286d,0
train,Ringworm,../datasets/feed/train/Ringworm/WIN_20240514_17_27_14_Pro_jpg.rf.b3dbaac7455c5307f9e936a7121652b7.jpg,a59fcb45d5523a81ccdb282964da73ef,5
train,Demodicosis,../datasets/feed/train/Demodicosis/IMG_5181_jpeg_jpg.rf.1859b6ef5fe3ff23a13e7cebf7a78c12.jpg,a5aba9651f70f718a2ef9019968cbb34,0
train,Healthy,../datasets/feed/train/Healthy/HEALTHY_006_jpg.rf.dc67bb8cc228c3e27e311280bc5dcdc2.jpg,a5d785c8a05c2448703dba473de0bc15,3
train,Hypersensitivity,../datasets/feed/train/Hypersensitivity/B9781416056638000070_f007-015-9781416056638_jpg.rf.d7b571cdf93b7b5b13c35ee5bbc580ac.jpg,a5dea76355f829ea35864234fbc92b05,4
train,Ringworm,../datasets/feed/train/Ringworm/438065176_410071371966337_678127791024855360_n_jpg.rf.a71f8e79a801202858b37fa9d8a0bf56.jpg,a5ff7819469a86c199ee64d220306175,5
train,Demodicosis,../datasets/feed/train/Demodicosis/IMG_5169_jpeg_jpg.rf.3149a803e76d57dc2c8f5f0dc548883d.jpg,a60bed7bd4f43feda55badfbae1a266c,0
train,Dermatitis,../datasets/feed/train/Dermatitis/1000010765_x4_jpg.rf.d95f9fa1e8fe211d91efc28a68a66199.jpg,a618645686abda76e60117c83609a118,1
train,Healthy,../datasets/feed/train/Healthy/images-34_jpg.rf.ce55179ceef0ed5375f094560cc12645.jpg,a61dc307a6eecd1c8ae7367530fde34e,3
train,Hypersensitivity,../datasets/feed/train/Hypersensitivity/1713_jpg.rf.8366e9b79b590ea815e4be3a4d911cf4.jpg,a6348df981dea4976ea488457e455b1f,4
valid,Demodicosis,../datasets/feed/valid/Demodicosis/IMG_5172_jpeg_jpg.rf.62a0367003bafc2f103b19102ac56476.jpg,a6559dea9ef31dc328770e3a2b6746f2,0
train,Dermatitis,../datasets/feed/train/Dermatitis/HOT-SPOT-IN-DOG-HOW-vet-treated-symptom-prevention_-flea-bite-moist-eczema_dog-itching-000151_png_jpg.rf.ac5789d69e1e641cf42e784b1e6f22a7.jpg,a663ca5af31b9a80fbaad672aeed021f,1
train,Demodicosis,../datasets/feed/train/Demodicosis/scabies_134_png_jpg.rf.994e13930cb3ad770bf6947f4d967d87.jpg,a6838838071cc95a4d60502c97ad53ac,0
train,Demodicosis,../datasets/feed/train/Demodicosis/IMG_5153_jpeg_jpg.rf.f188ef884eb85bddfa079eaba24d33d5.jpg,a6839710ccc3bc90efcacb7998a59379,0
train,Dermatitis,../datasets/feed/train/Dermatitis/1000010646_x16_jpg.rf.46fdb734a2df88ae127e4b4655265e9e.jpg,a6882c3a00d4bdde35139d526407cd8b,1
valid,Ringworm,../datasets/feed/valid/Ringworm/ringworm-110-_jpg.rf.235c99ad062701483b2f9707bc39d7b5.jpg,a69a6092456c01e195294591e5278a37,5
train,Ringworm,../datasets/feed/train/Ringworm/NEWR25_png_jpg.rf.07bd311811cdc8305c418f87de1e83bf.jpg,a6a632eb745550e53f37a79419761964,5
train,Fungal Infections,../datasets/feed/train/Fungal Infections/pic79_jpg.rf.8be943e5e46fc7f3a385156c4a017e96.jpg,a6c2193796672011948807b9270a3ade,2
train,Healthy,../datasets/feed/train/Healthy/dogs_087_jpg.rf.e4178ed04c4ef4c8d1cae08d17a8f8f5.jpg,a6e749b6249b5e2e60f22ecdaf29bede,3
train,Healthy,../datasets/feed/train/Healthy/Blog-Hero-1_jpg.rf.7f28e73ab60c6f9b38e214a07aeb2ee7.jpg,a6f688005e199579d61b938beb13b661,3
train,Ringworm,../datasets/feed/train/Ringworm/F6C9DE00-6537-4BBA-9190-139E3276427E_jpeg_jpg.rf.c0b81e6645e6e9790ccd1d434c7266f0.jpg,a6fbca67d23e77d833c145eb68e3c43f,5
train,Ringworm,../datasets/feed/train/Ringworm/1000010651_x16_jpg.rf.e1c9dbea45bb2963d0378605a7689fd2.jpg,a7125c21509561d414aafec1fbf0bdd9,5
train,Ringworm,../datasets/feed/train/Ringworm/R52_png_jpg.rf.5e18ce8bb947ff091dc4c81f6a0e5047.jpg,a71278cdfc29bc7a8bc5849a8ba989ab,5
train,Hypersensitivity,../datasets/feed/train/Hypersensitivity/B9781416056638000070_f007-027-9781416056638_jpg.rf.e2a9ceff08d54a73abe3b1df56107687.jpg,a7237cddf66c7f710784ade42f91f8df,4
train,Demodicosis,../datasets/feed/train/Demodicosis/P2_png_jpg.rf.3aefb3aca335a09af2774dcf5a8b5e40.jpg,a7379c6c26e143c37ca150f7effa7d97,0
train,Dermatitis,../datasets/feed/train/Dermatitis/hotspot-85-_jpg.rf.48e76e96a18b4530dcbcda22ee2116a6.jpg,a75ed2451fcdbf7d977459889b1cd971,1
train,Dermatitis,../datasets/feed/train/Dermatitis/May-is-allergy-awareness-month-here-at-The-Shot-Spot_00064_jpg.rf.1e3703416f275048af0848ffcf201182.jpg,a76906ac40e118bfa8844e593d7cc9f5,1
train,Ringworm,../datasets/feed/train/Ringworm/R27_png_jpg.rf.1c75750bf52cfe66800c2eb6d6a5e8bd.jpg,a76cb0468b2c440a5f662af76e26620d,5
train,Ringworm,../datasets/feed/train/Ringworm/WIN_20240514_17_26_41_Pro-2-_jpg.rf.dcd731692347d7ead42f80b0161f22d3.jpg,a776810f7297d4cf5a78f93573968b58,5
train,Demodicosis,../datasets/feed/train/Demodicosis/IMG_5219_jpeg_jpg.rf.fee58927183d7f37f633999e739bcb0f.jpg,a779b4f32935cb1688cf1ac9f7605b4f,0
train,Fungal Infections,../datasets/feed/train/Fungal Infections/pic86_jpg.rf.b1aab36c916011aca4c7baefa7d215e4.jpg,a77a7501cc027fe125ec201da3a12621,2
train,Healthy,../datasets/feed/train/Healthy/HEALTHY_026_jpg.rf.8eb7c6ee28b9eb1196fc0f2d86ab3115.jpg,a78d217e7c2e9c91e04fb6277cdeffa7,3
train,Ringworm,../datasets/feed/train/Ringworm/WIN_20240514_17_28_04_Pro_jpg.rf.58510c0a2d64eb54cfaccf42fd9284b1.jpg,a79e3e237451ef8d43a36e0d75c4c4a9,5
train,Hypersensitivity,../datasets/feed/train/Hypersensitivity/Hypersensitivity_image_3_jpg.rf.b7bd1e5770de25cf213ec82810a0fd22.jpg,a79f0a44c4eac94d961675c4d89bf3e2,4
train,Fungal Infections,../datasets/feed/train/Fungal Infections/pic62_jpg.rf.bb420cb957244c883019dc5a3331022c.jpg,a7a7d344a4fcc8b4c893ab17b62c69dc,2
train,Demodicosis,../datasets/feed/train/Demodicosis/2024-05-13-162700_jpg.rf.924d3883e15381c45bf840b2173a9333.jpg,a7b1e989f080ec1a362852a16d0adc8c,0
train,Hypersensitivity,../datasets/feed/train/Hypersensitivity/B9781416056638000070_f007-013-9781416056638_jpg.rf.24e1d1ac7240f9c25a84ccbbe96b594c.jpg,a7c259558a9d6206a0eb768f0016ae9e,4
valid,Demodicosis,../datasets/feed/valid/Demodicosis/2024-05-13-162032_4_jpg.rf.ba275650bb8a9e49fcfd63e170fd387f.jpg,a7c88825ba294f8ff90e0b8ddaa5aeaa,0
train,Ringworm,../datasets/feed/train/Ringworm/436768270_412696705044184_4681296294994857344_n_jpg.rf.6a0870f8e569f584f237cf778158522f.jpg,a7ee334adb75a874f41e9f5b33c48eb8,5
valid,Fungal Infections,../datasets/feed/valid/Fungal Infections/1260_jpg.rf.4d5e1c1183950ee8213262e5f89b3d8d.jpg,a8128d95f75da58c617d6b6b83adac4f,2
train,Ringworm,../datasets/feed/train/Ringworm/R12_png_jpg.rf.a01aa0d50331797b3216bdd29d19b3dc.jpg,a826b2ec14a0abca78e8fb28f3f9f025,5
train,Ringworm,../datasets/feed/train/Ringworm/WIN_20240514_17_44_52_Pro_jpg.rf.1b29edeba874fd1b9c8f1016de55f202.jpg,a82f3e1c7fa7c2b459fc3924435ce59d,5
train,Fungal Infections,../datasets/feed/train/Fungal Infections/pic81_jpg.rf.2e33a07cbcbe7d725e7bc730c2928ee5.jpg,a8316b2488eb727f13d5159e7d0fb3ab,2
valid,Hypersensitivity,../datasets/feed/valid/Hypersensitivity/B9781416056638000070_f007-007-9781416056638_jpg.rf.0c6842206ac3c985d7ef2697499e4e61.jpg,a84e91c522ef4e69736a6ab3a3ae169d,4
train,Demodicosis,../datasets/feed/train/Demodicosis/2024-05-13-162717_jpg.rf.4c0ddfb34f3025270098fc85238593ef.jpg,a85fd8025090b9b66023c75500a92143,0
train,Ringworm,../datasets/feed/train/Ringworm/ringworm-7-_jpg.rf.4f48669a0f7720594ee22464c9ef4dcc.jpg,a87c35a0d806db4c31d4165884bc43b1,5
train,Ringworm,../datasets/feed/train/Ringworm/ringworm-3-_jpg.rf.340effdc519c4b4bc6acd2e967bc3470.jpg,a8a16f50e421727224b81bb7a7eac997,5
train,Ringworm,../datasets/feed/train/Ringworm/R29_png_jpg.rf.85454eaf1621d8860910995d0b14ee22.jpg,a8c229de26db3abf65c173d616ea0995,5
train,Healthy,../datasets/feed/train/Healthy/dogs_012_jpg.rf.4b97f213e854da1dbd66f9f29808eab7.jpg,a8f4a69249b43c40c65e2b3faa7ae0de,3
train,Healthy,../datasets/feed/train/Healthy/dogs_160_jpg.rf.c1685e45dedb3ede36039b4c023b242b.jpg,a8f6ed7bdf97b87c86703f93f997dad8,3
train,Ringworm,../datasets/feed/train/Ringworm/R30_png_jpg.rf.8eb0c3165a83537585cde0c6411115a4.jpg,a906f2f107aa8cbc44d0ef111f2cf62c,5
valid,Hypersensitivity,../datasets/feed/valid/Hypersensitivity/hps11_jpg.rf.adcb41789deff7821d9b7589c9bc5f11.jpg,a929684ddb4b960841b38ce4f605156c,4
train,Healthy,../datasets/feed/train/Healthy/HEALTHY_019_jpg.rf.da72a4e58109de4ae6c56926c81630fb.jpg,a93e2a6fa656468ed9062e8738faddc7,3
train,Dermatitis,../datasets/feed/train/Dermatitis/hotspot-112-_jpg.rf.460b8d7fc89bdba5ee47d9deb6b0046d.jpg,a968de50cd17233061fd42cbcb25be8e,1
train,Fungal Infections,../datasets/feed/train/Fungal Infections/FUNGAL-INFECTION_029_jpg.rf.55b716b3e458f2f867eb6a594da62bb0.jpg,a97600091a5b03b2333379f5750177b6,2
valid,Demodicosis,../datasets/feed/valid/Demodicosis/2024-05-13-162802_jpg.rf.8337cb27da3175a6656b0354fe9388e9.jpg,a978bcbaff683dd68cb29cadfd3a59c6,0
valid,Demodicosis,../datasets/feed/valid/Demodicosis/P39_png_jpg.rf.cae551a7146d85b17f9b75baf7bbd1e5.jpg,a9809e37bd0db1d62b2e346ca7c07e36,0
train,Dermatitis,../datasets/feed/train/Dermatitis/May-is-allergy-awareness-month-here-at-The-Shot-Spot_00130_jpg.rf.9666ca01ceb90a5fa91d9325047f15ae.jpg,a985f56e956b96a70c88241c5916481e,1
train,Hypersensitivity,../datasets/feed/train/Hypersensitivity/B9781416056638000070_f007-010-9781416056638_jpg.rf.8ad06a37c9700a3df1f7e40f4c1db7ce.jpg,a98830f2b508c5a529e9842b74de45f1,4
valid,Demodicosis,../datasets/feed/valid/Demodicosis/IMG_5247_jpeg_jpg.rf.232030abaf522cd7497e2e188f0ef508.jpg,a9abedc785173ac9d85a7bac2837ab76,0
valid,Ringworm,../datasets/feed/valid/Ringworm/1000010682_x16_jpg.rf.b6d0cba3453a02611d4da36bf3ea59f9.jpg,a9bf41bed5c9e5a0bf04afab4576ab73,5
train,Ringworm,../datasets/feed/train/Ringworm/WIN_20240514_17_25_33_Pro_jpg.rf.96f3449512dcdbb027e52de03ddb62f3.jpg,a9d4daca19ab09241c36094d4e3a78c1,5
valid,Ringworm,../datasets/feed/valid/Ringworm/R10_png_jpg.rf.9976d774e53203d03a30161dbcc9057f.jpg,a9dee7b775cb1f7c08e6c2a147c254b0,5
train,Fungal Infections,../datasets/feed/train/Fungal Infections/1281_jpg.rf.52cf841987605afdcc33b72e1ece147c.jpg,a9fa7d9335d3ffca141fbe3a3ed02ecd,2
train,Demodicosis,../datasets/feed/train/Demodicosis/2024-05-13-133940_4_jpg.rf.8bea115cf51ceae148c09c8aee69bf9c.jpg,aa1e5c767be2a65fd2e496abc992cec3,0
train,Fungal Infections,../datasets/feed/train/Fungal Infections/pic27_jpg.rf.60e16d36dbe06ba3c5a5c88f764403ea.jpg,aa2be73bc3197725725c542fd89cd4f4,2
train,Fungal Infections,../datasets/feed/train/Fungal Infections/fung1_jpg.rf.8d0c6a66477c19dc8ac26aff936bbc41.jpg,aa37ff575782769fedab6373bee599ea,2
train,Demodicosis,../datasets/feed/train/Demodicosis/P38_png_jpg.rf.6d9ca451ae1635eba1dbff72a1945bac.jpg,aa602f4a3e94eb258e7ba9c644915630,0
train,Healthy,../datasets/feed/train/Healthy/HEALTHY_044_jpg.rf.6a0a87043bbd53e9b91e2f04942c39fc.jpg,aa630426c5e778d74f0c60f95c410a85,3
train,Healthy,../datasets/feed/train/Healthy/dogs_083_jpg.rf.e63b3fca51422003767c6ccbefbb7ec4.jpg,aa6478e80b03ba6f006edec09007e8bd,3
train,Dermatitis,../datasets/feed/train/Dermatitis/bacterial_Image_1_jpg.rf.875da6911f92d4381c6046b8c02def16.jpg,aa751ca14fd67277e191fc42e3e9083d,1
train,Ringworm,../datasets/feed/train/Ringworm/WIN_20240514_17_26_58_Pro_jpg.rf.2456397a5f23f99ebaa7abc03c845f9f.jpg,aa78225939270dc8bd568684f689b84a,5
train,Healthy,../datasets/feed/train/Healthy/pic53_jpg.rf.7de54a01873f54897cd8cc232b0632d4.jpg,aa99bf6d0445057db9e76b79c8f8b005,3
train,Hypersensitivity,../datasets/feed/train/Hypersensitivity/B9781416056638000070_f007-043-9781416056638_jpg.rf.a5d026997af40842340d3586067fdeaa.jpg,aa9dc34b1a249a78a2258bbd3986463e,4
train,Demodicosis,../datasets/feed/train/Demodicosis/IMG_5150_jpeg_jpg.rf.d6348ea10d8f0af80ec76f01b95c3590.jpg,aaad18d7900c8a752cbe5ba1100a74aa,0
train,Healthy,../datasets/feed/train/Healthy/pic37_jpg.rf.5818221b04c02fbf4d9bd67d10539850.jpg,aabc972918cbc69617914ac94989d9da,3
train,Ringworm,../datasets/feed/train/Ringworm/ringworm-112-_jpg.rf.afdd90da2be6060bc1256f2bf4aa9e74.jpg,aabd35468b6c63c0737707eab7f9ac57,5
train,Fungal Infections,../datasets/feed/train/Fungal Infections/1670_jpg.rf.27703f0bffe5df4a8aef160dc5232c41.jpg,aac0905995ea74e78753ed186e1b7315,2
train,Demodicosis,../datasets/feed/train/Demodicosis/IMG_5196_jpeg_jpg.rf.43c4c9453f451b20357689e9f82bbe05.jpg,aad08ca9711fa9e4f4a1a7325d8e20d1,0
valid,Demodicosis,../datasets/feed/valid/Demodicosis/scabies_97_png_jpg.rf.7647492b23040c9f0348b38d180dda42.jpg,aad8006907cc6db1d0b8aaeeff310d25,0
train,Fungal Infections,../datasets/feed/train/Fungal Infections/FUNGAL-INFECTION_011_jpg.rf.eb5a5abebdca9f95df8df3b9aec5dbe7.jpg,aaf0431aa946e3ceb6928ff48f8bf82b,2
train,Hypersensitivity,../datasets/feed/train/Hypersensitivity/B9781416056638000070_f007-030-9781416056638_jpg.rf.49177975797083e32729f36e3095b577.jpg,aaf5c433aeea307802e004e8709a6dc5,4
valid,Ringworm,../datasets/feed/valid/Ringworm/ringworm-148-_jpg.rf.bee7d7576e186668d2ba440ab8be22e6.jpg,ab3927cd4d7e7f1b126c0a181e086201,5
valid,Healthy,../datasets/feed/valid/Healthy/HEALTHY_053_jpg.rf.7a61e88453c93e047f81eab95e7b84f4.jpg,ab3bcc7dc3a7a01cfccc7d3417c9e911,3
train,Ringworm,../datasets/feed/train/Ringworm/ringworm-130-_jpg.rf.58f3ac5b11e2fc917faf84de17430ea1.jpg,ab625b856cd2a37f514ec9ecad98f7d5,5
valid,Hypersensitivity,../datasets/feed/valid/Hypersensitivity/B9781416056638000070_f007-042-9781416056638_jpg.rf.801ce9d7a0eb5d6a89b42eaee4b00c42.jpg,ab65fa75d52b3c1bca0e03782dc8605e,4
train,Fungal Infections,../datasets/feed/train/Fungal Infections/pic60_jpg.rf.5eda8f5b04cd2de74d1a9efc1a8da00a.jpg,ab7fb7987f458b4b76545e84fe12a207,2
train,Dermatitis,../datasets/feed/train/Dermatitis/Hot-Spot-on-_Chance_-How-to-treat-a-dog-that-you-can_t-touch_-000618_png_jpg.rf.f33bb3bef2f3361e1dc2f791452861f2.jpg,ab84c3bbd9a23b4d290a88df42ab2a67,1
valid,Healthy,../datasets/feed/valid/Healthy/Image_10_jpg.rf.f0dc276e4aaa368353060290d266039b.jpg,ab9008e74efa102416df199d17a1d29b,3
train,Demodicosis,../datasets/feed/train/Demodicosis/D130_png_jpg.rf.d7fee7aafa1ebed5aadfba54a5e0dd96.jpg,ab93d0541a3cc87574b5d75e186096e8,0
train,Ringworm,../datasets/feed/train/Ringworm/ringworm-67-_jpg.rf.1281f865ec662a841dde9d2581a1df4e.jpg,ab995f0b0f7a9875751c7f699f6882c1,5
train,Dermatitis,../datasets/feed/train/Dermatitis/hotspot-80-_jpg.rf.5d46bace24ebd8bc535a700c7ee1263e.jpg,ab996a4a42ea0ef158bece1bff681ebd,1
train,Healthy,../datasets/feed/train/Healthy/67_jpg.rf.707243c6d5b9435f3c83c598cf7bf911.jpg,ab9c317e3e046b86f20f4054e9467b79,3
train,Ringworm,../datasets/feed/train/Ringworm/ringworm-141-_jpg.rf.f5e49872c764b994a8ef5e7ebb3c0d08.jpg,ab9e9c4e9c54702aae43e604230d9eb5,5
train,Demodicosis,../datasets/feed/train/Demodicosis/1-10-_png_jpg.rf.52d5ab90bb3854c1af5206e5aed04c9f.jpg,abb74aa9085155a590bdf6c9c05de80f,0
valid,Demodicosis,../datasets/feed/valid/Demodicosis/P18_png_jpg.rf.cec7aae9064ed3e73dbcec8623e33f43.jpg,abb7df67181d8be8fe9fe714f49a1fdd,0
train,Healthy,../datasets/feed/train/Healthy/dogs_162_jpg.rf.a5957093ceb1ffc686ff304f99b01a77.jpg,abcabdbc6ba0331bea5760dcff714ec9,3
valid,Demodicosis,../datasets/feed/valid/Demodicosis/P32_png_jpg.rf.ad589970bb403b403bb03534f304cbae.jpg,abd3d25863584a98d981264c8339dc06,0
train,Dermatitis,../datasets/feed/train/Dermatitis/OIP-5-_x4_jpg.rf.bb7a2bc26de5e790e4dc0d11ddb888e9.jpg,abe3bc0a2062e1d9c9cc9b1d758df088,1
train,Healthy,../datasets/feed/train/Healthy/dogs_099_jpg.rf.c0bf77292972351430bc1b8cc4b1e5b5.jpg,ac018b377dc046e5d3d492ee1e99466e,3
valid,Ringworm,../datasets/feed/valid/Ringworm/WIN_20240514_17_31_24_Pro_jpg.rf.2291996c7379c513b23f5955a4099c8f.jpg,ac0439ee250116999a6db6dc41a61e54,5
valid,Ringworm,../datasets/feed/valid/Ringworm/R11_png_jpg.rf.9d8c13a754a24f245fdb7acfd1862a2e.jpg,ac0e9fcb4a1d3790cb42966d8834f4a7,5
valid,Fungal Infections,../datasets/feed/valid/Fungal Infections/1116_jpg.rf.6d0126a4f1c52c2cf03a30cc5fd86d34.jpg,ac2afd7c0b2d26a201f4c10349fd1817,2
train,Dermatitis,../datasets/feed/train/Dermatitis/1000010653_x16_jpg.rf.0ee88ffcc489ca17dabb102c2e43b0f7.jpg,ac36287ab25b9c09fed915c27cb6ced6,1
train,Dermatitis,../datasets/feed/train/Dermatitis/May-is-allergy-awareness-month-here-at-The-Shot-Spot_02224_jpg.rf.f6fc8ecbe868128ddf78aaaa324b158f.jpg,ac479b1c588bb8ad87cfe84cf83bef9e,1
valid,Ringworm,../datasets/feed/valid/Ringworm/R21_png_jpg.rf.3a41026f442e910c402b5eab243de907.jpg,ac60c0f794e80cd897952c7077033726,5
train,Demodicosis,../datasets/feed/train/Demodicosis/IMG_5173_jpeg_jpg.rf.2d91f706b2f4fc575f8a2ab7baa3e70d.jpg,ac69a0a3913b8ff1b21b80a17450f386,0
train,Demodicosis,../datasets/feed/train/Demodicosis/P39_png_jpg.rf.54ccdeb6e5535255b28e28748b283250.jpg,ac709158d1e7524a0256126f60ab66fd,0
train,Demodicosis,../datasets/feed/train/Demodicosis/1-61-_png_jpg.rf.f566c509106054803557ca6f03942824.jpg,ac8ae58444455e5c3c66580e572920ef,0
train,Healthy,../datasets/feed/train/Healthy/GettyImages-665692493-93a3738e52764fbda4e65a509230d470_jpg.rf.0ff89eb0143ad01c3671e36d53a594c0.jpg,ac92d3386253a532f7cfdba3187f5fc6,3
train,Healthy,../datasets/feed/train/Healthy/HEALTHY_043_jpg.rf.714cb0b3d61682281b24de482d51d503.jpg,ac977991da19fbb722824949d36a5c97,3
train,Dermatitis,../datasets/feed/train/Dermatitis/May-is-allergy-awareness-month-here-at-The-Shot-Spot_01387_jpg.rf.4e9221b3239de278dc24db5949073b12.jpg,aca2a5e5afae7ebd13b64fbed825b689,1
train,Ringworm,../datasets/feed/train/Ringworm/R51_png_jpg.rf.a958a445578efb472854eadb0a5ae61a.jpg,acd8489592ba32214d153af8b965281c,5
train,Demodicosis,../datasets/feed/train/Demodicosis/2024-05-13-161921_jpg.rf.0734439fc5e416c315beef5c24d3bcce.jpg,ace2c30bf26691258a4c4634bd985aea,0
train,Dermatitis,../datasets/feed/train/Dermatitis/hot-spots-suck_00349_jpg.rf.1b7ab9a4123fc6983cf2b8bfe46f0ec2.jpg,acf65d62b7534ff666ecfb3649e0a3c4,1
train,Demodicosis,../datasets/feed/train/Demodicosis/IMG_5190_jpeg_jpg.rf.059486e851998f5c196b37ef4e41f9e7.jpg,acf7a2b34738872a7e569b8f53c21485,0
train,Demodicosis,../datasets/feed/train/Demodicosis/P38_png_jpg.rf.6ace0206c974f55081ae7cb00d7821dc.jpg,ad07dc7a32191d7cca02fcd2488689b9,0
train,Healthy,../datasets/feed/train/Healthy/dogs_076_jpg.rf.6d6d29f7628beeed3b63e9da4b8abf99.jpg,ad39ac5e7ea229339270851c61ce74af,3
train,Healthy,../datasets/feed/train/Healthy/dogs_255_jpg.rf.9ee2664b43a7f2a48b27f251a628974b.jpg,ad39e9d81ad0f0f7dca4de9dcc297049,3
train,Dermatitis,../datasets/feed/train/Dermatitis/bac3_jpg.rf.c0689338331bfa99281fce6db78bdec6.jpg,ad6207058aac04f22ebba4b63f0bb510,1
train,Dermatitis,../datasets/feed/train/Dermatitis/May-is-allergy-awareness-month-here-at-The-Shot-Spot_00547_jpg.rf.c762138b83539787df7b19881c6ec4c2.jpg,ad75b2ef0f27c2c700aeb2d48cd1273f,1
valid,Ringworm,../datasets/feed/valid/Ringworm/R31_png_jpg.rf.19e2b20f33ec63fb0b67b63fd2133eec.jpg,ad7cb5f963d46071fbee85fe7dc0a5fc,5
train,Healthy,../datasets/feed/train/Healthy/Image_25_jpg.rf.8412a7765361e6f848993dc39c968f68.jpg,ad81a29a481cb4fb59bf146bb5e36f6f,3
train,Fungal Infections,../datasets/feed/train/Fungal Infections/pic7_jpg.rf.3bd4ee11060259b080c9f7d0f24b13f5.jpg,ad9f51a74b38f1f5aa1567f6032e7016,2
train,Fungal Infections,../datasets/feed/train/Fungal Infections/Fungal2_png_jpg.rf.5fff1ea4d3e900dc059b994f5d79e52f.jpg,adaae0b1be2f420160701f24acfd170f,2
train,Ringworm,../datasets/feed/train/Ringworm/ringworm-93-_jpg.rf.c759d24c9f25874a418dfdb0d18b8cd4.jpg,adce3d4b76280c588bc773b8a863bec1,5
train,Hypersensitivity,../datasets/feed/train/Hypersensitivity/B9781416056638000070_f007-041-9781416056638_jpg.rf.923dc05b3995d7336dd1d6525400e2a0.jpg,add475e77177e832ee07ae5bed6acacd,4
train,Ringworm,../datasets/feed/train/Ringworm/NEWR5_jpeg_jpg.rf.74a9541d03489d5abfb42fd6aa4327e3.jpg,addb62d247e8979ffadc7cbb8e87f219,5
train,Ringworm,../datasets/feed/train/Ringworm/ringworm-14-_jpg.rf.58a7cd35e231b9222045b00fe1c8a8a2.jpg,adefb95fb4cbbfa4c43f59e4f0439376,5
valid,Healthy,../datasets/feed/valid/Healthy/dogs_120_jpg.rf.667603b6e2cfb99075ab4e4d1a4cfef4.jpg,adf1aadd136a7769813fe5c4be04ece8,3
train,Demodicosis,../datasets/feed/train/Demodicosis/1-4-_png_jpg.rf.6122edc10267d48470a9291b295821ce.jpg,adf3d4294c4f0755fb99dae80c37ca58,0
train,Ringworm,../datasets/feed/train/Ringworm/1000010496_x4_jpg.rf.21f06fa64d619be6ae404ea123d995ed.jpg,ae01b34e6c499309b5fc6f0488cbd6cb,5
train,Dermatitis,../datasets/feed/train/Dermatitis/1000011971_x4_jpg.rf.65c57b9f3b3565a1c89c0c7feb864295.jpg,ae05ab570124a209ca01574e937dd1f0,1
train,Demodicosis,../datasets/feed/train/Demodicosis/2024-05-13-165441_jpg.rf.55a03c52440a217afd6dfa8fa7b31503.jpg,ae22146cea4a7a86fd059c3232916930,0
train,Ringworm,../datasets/feed/train/Ringworm/1000010528_x4_jpg.rf.d067f572037a7bc36dfd3724060d01f2.jpg,ae29945afbd03063dc00cdb5bd773719,5
valid,Demodicosis,../datasets/feed/valid/Demodicosis/scabies_110_png_jpg.rf.729441726b22132a054fd9c2c7578b3a.jpg,ae3fe034c3c40f24dbaa56cecb3d54a3,0
train,Ringworm,../datasets/feed/train/Ringworm/WIN_20240514_17_34_20_Pro_jpg.rf.b1d0300ea20d2e777b80f46fda83b1c2.jpg,ae516b1acff65b58d56ef2eb3cf7daa0,5
train,Fungal Infections,../datasets/feed/train/Fungal Infections/pic16_jpg.rf.f517502a1aae2f4a9bfd34d6a79daf58.jpg,ae541a678239a35c7ebb8bdafa0cb5de,2
train,Healthy,../datasets/feed/train/Healthy/Image_7_jpg.rf.c003aa01129a595db4dca86057dc62e0.jpg,ae68e3616c7475c30d4cf273a8950809,3
valid,Ringworm,../datasets/feed/valid/Ringworm/NEWR58_jpeg_jpg.rf.2a883b97cf6e133ffbe2f9f385c009d7.jpg,aea7fbd5f11b4212c582e98bf5e23f4f,5
train,Healthy,../datasets/feed/train/Healthy/dogs_168_jpg.rf.178fa96034223bab04940d0cdb07a8e2.jpg,aead21bc7f267482a85d52fa80bc4801,3
train,Healthy,../datasets/feed/train/Healthy/HEALTHY_046_jpg.rf.6610e9e0a046906680a9e3925de0697f.jpg,aeadcc82c8c122c59a88ef6a3560ee35,3
train,Healthy,../datasets/feed/train/Healthy/dogs_084_jpg.rf.3aa164747f4942efc63b28d43a102f34.jpg,aed52c869f6c3a9f6fdd0e9201546229,3
valid,Ringworm,../datasets/feed/valid/Ringworm/436638693_826239035984778_764987017093970170_n_jpg.rf.c6308c0a6ec2af7c428917b5870795e2.jpg,aef8da0f296e708a8c1f7f65f15e5ff9,5
train,Hypersensitivity,../datasets/feed/train/Hypersensitivity/17_jpg.rf.dcb7e4ccf91b4a658d5969d1730ffa5e.jpg,af06c3a3d16249f458bc1809eb619b07,4
valid,Healthy,../datasets/feed/valid/Healthy/Image_10_jpeg_jpg.rf.3f58d3e7ea3f0e0176fe516b923d6fa2.jpg,af1f07ee4ad641b529dcb54e4502b7a5,3
train,Healthy,../datasets/feed/train/Healthy/dogs_016_jpg.rf.8ec3d8f71774ce9cda349b2771417a8f.jpg,af32dbbd9bdac5afaba79a403820f71c,3
train,Ringworm,../datasets/feed/train/Ringworm/NEWR58_jpeg_jpg.rf.1cc9fa2e82f2608eb3303467bdfb2a70.jpg,af5da726defb5108a6bde54977db2d48,5
valid,Dermatitis,../datasets/feed/valid/Dermatitis/1000010634_x4_jpg.rf.701df39a44e33a596c53111a0fa6e1fc.jpg,afa4931bd8121780c2486497b94b03c1,1
train,Ringworm,../datasets/feed/train/Ringworm/1000010655_x16_jpg.rf.34e715788269ab5a0f3dc675942d322a.jpg,afa644644651c5b11ced72ea64e9d3ab,5
train,Dermatitis,../datasets/feed/train/Dermatitis/May-is-allergy-awareness-month-here-at-The-Shot-Spot_02314_jpg.rf.09cc6c55a833a3354427505181349f21.jpg,afe1da829f27c4b7161584dcdb3b5434,1
train,Demodicosis,../datasets/feed/train/Demodicosis/2024-05-13-161905_jpg.rf.fa14034ddb6e8ddc53e0db087fd4fc6f.jpg,aff1f18d8798c0b7c30ea55090d8e62c,0
train,Ringworm,../datasets/feed/train/Ringworm/R29_png_jpg.rf.7632062e55c3924079ee39df8bd3a33b.jpg,b00162830c74f5bb1ddc29d0c2692a86,5
train,Demodicosis,../datasets/feed/train/Demodicosis/IMG_5186_jpeg_jpg.rf.0bbc5f120ec21bb6e482537515eebe12.jpg,b002cfcbd54e991e3c2027022ae7b29c,0
train,Hypersensitivity,../datasets/feed/train/Hypersensitivity/B9781416056638000070_f007-030-9781416056638_jpg.rf.308b486d5131ceddc89a722c1811e2cb.jpg,b01b109f3060507696c3dfbc179af3ce,4
valid,Fungal Infections,../datasets/feed/valid/Fungal Infections/fung2_jpg.rf.8b986929b867569acad092a416984924.jpg,b01dce1919b21d0cbe04d8936a76e3ca,2
train,Demodicosis,../datasets/feed/train/Demodicosis/2024-05-13-162001_jpg.rf.5de024b8762a375fb62feb85fe72b78f.jpg,b0297b76bce007a8789e932e60132af5,0
train,Demodicosis,../datasets/feed/train/Demodicosis/1-36-_png_jpg.rf.a71d707dacd5cd919ae41eedd6dc4780.jpg,b031a2f5c48a24ffa40f071e49590e28,0
train,Hypersensitivity,../datasets/feed/train/Hypersensitivity/1209_jpg.rf.4eaee362315db9b4d155bbc58239f131.jpg,b03decf82a23ce6d58f4aa66d0a3cf73,4
train,Demodicosis,../datasets/feed/train/Demodicosis/1-72-_png_jpg.rf.0fff163ab783e79f18b63ac60c0fec6f.jpg,b08daeb13b6536be92c3e00aafa08a91,0
train,Ringworm,../datasets/feed/train/Ringworm/ringworm-108-_jpg.rf.22462d88374f86c403fdc1be24a85198.jpg,b0b0446e17ffb23433f3dcad87fa297c,5
train,Healthy,../datasets/feed/train/Healthy/images-50_jpg.rf.8d49158df0566b856578355bcc4a062d.jpg,b0ba38d4a9e0fa155dd8ef7ee76a62f0,3
train,Ringworm,../datasets/feed/train/Ringworm/90756CC4-0872-4328-B777-FABEAFABD5EF_jpeg_jpg.rf.b27b77e7fde95671e3e6b1dd70aff771.jpg,b0ebdfed5b9f66ceb23d129a58a6abbe,5
train,Ringworm,../datasets/feed/train/Ringworm/NEWR46_png_jpg.rf.be6b2ec614a90a40851108325132f7cf.jpg,b105aa9df7966e0116624430d1737219,5
train,Dermatitis,../datasets/feed/train/Dermatitis/1000010536_x4_jpg.rf.0fb66c97cfd539e51fdbdf630a8a40a7.jpg,b114afd7d81c6b600a347354e05c04a7,1
valid,Dermatitis,../datasets/feed/valid/Dermatitis/Hot-Spot-on-_Chance_-How-to-treat-a-dog-that-you-can_t-touch_-000617_png_jpg.rf.bb9e37486f3b7e2f31c622e9ea7cc33f.jpg,b11dd7cf4639c3deafd56dcad9d26bbc,1
train,Dermatitis,../datasets/feed/train/Dermatitis/May-is-allergy-awareness-month-here-at-The-Shot-Spot_00550_jpg.rf.d403fbc062c9a7f27dfb563336c4fd29.jpg,b12180c2afe208354117884afc0ae7cf,1
train,Demodicosis,../datasets/feed/train/Demodicosis/2024-05-13-164256_2_jpg.rf.ed88a02a2a7d7569def5b6f382fb1fec.jpg,b136cdfc2c917ddbb89df0207f7122e0,0
train,Fungal Infections,../datasets/feed/train/Fungal Infections/FUNGAL-INFECTION_003_png_jpg.rf.1b7a80b2b65fa18e437e46a480aa4681.jpg,b138379928988622a66093b7febbadbe,2
train,Ringworm,../datasets/feed/train/Ringworm/WIN_20240514_17_29_17_Pro_jpg.rf.b7cc2391c54c3fa0cc0489a46b7ec3f9.jpg,b176df2cf62841600c7a54e60435bf3e,5
train,Healthy,../datasets/feed/train/Healthy/dogs_021_jpg.rf.06b29674b3f313b0119bba85bd98a651.jpg,b1832a4051c6686d528a851a2be337ad,3
valid,Dermatitis,../datasets/feed/valid/Dermatitis/May-is-allergy-awareness-month-here-at-The-Shot-Spot_00016_jpg.rf.e268b99f9c67f5a3e475de9f27953ccb.jpg,b185226af286c1039f279eab78a78079,1
train,Dermatitis,../datasets/feed/train/Dermatitis/hot-spot-sh_jpg.rf.335be7e402051931b614c919d4966d87.jpg,b1953dd7e0b639ed1fe158f862df2286,1
train,Healthy,../datasets/feed/train/Healthy/HEALTHY_025_jpg.rf.41b3a41f8a26b2c6a4eec6c7d6413ee9.jpg,b198420b7cbf41c50bd3a1a66d3d0e33,3
train,Ringworm,../datasets/feed/train/Ringworm/1000010503_x16_jpg.rf.914c393fcd3652f8bb2b29f3b27fd93f.jpg,b1b28be58f65fcf24ced8940e8fbf7f4,5
train,Dermatitis,../datasets/feed/train/Dermatitis/Hot-Spot-on-_Chance_-How-to-treat-a-dog-that-you-can_t-touch_-000622_png_jpg.rf.ce35ff70c609644c12ad030806205e54.jpg,b1b2b749d8176f3b2a7be00e14ac69df,1
valid,Fungal Infections,../datasets/feed/valid/Fungal Infections/fung1_jpg.rf.ee2fba91545a096a6ebd04e23476958b.jpg,b1b35c22a08dfd8bf3d43d82635fcab7,2
train,Dermatitis,../datasets/feed/train/Dermatitis/1000010610_x4_jpg.rf.b13238092ace216de0127d01b5d09afd.jpg,b1bb09ae72d1fae0e2f5e761f802e967,1
train,Dermatitis,../datasets/feed/train/Dermatitis/1000010494_x16_jpg.rf.00d359d7b8fbb6e03261a661d509d0fc.jpg,b1d69d92fdd4495cb0d7d3cf2f10a0ba,1
train,Demodicosis,../datasets/feed/train/Demodicosis/1-40-_png_jpg.rf.b199ad867d46087706470c2ee3e64c22.jpg,b1e048e3eef6fb07dbaffe5129c07e82,0
train,Healthy,../datasets/feed/train/Healthy/dogs_112_jpg.rf.773e7a9e0c17c5f24dd07da48d4d5692.jpg,b1e44b87e889d8c5f21724fbb7aa19e3,3
train,Ringworm,../datasets/feed/train/Ringworm/ringworm-147-_jpg.rf.d8a38da3be7a80342684e2d1da081e6a.jpg,b1f2fe4f20a88fcffb1fb6275e5aaa50,5
train,Ringworm,../datasets/feed/train/Ringworm/ringworm-137-_jpg.rf.4b917ebddd64463d27623ff4b3e78b64.jpg,b1fe94c30a2407bd44bc2640be9f30ee,5
train,Demodicosis,../datasets/feed/train/Demodicosis/1-33-_png_jpg.rf.b351a272a2a209575392037267505805.jpg,b1fecc9909440bbe769dbb389274b0c3,0
valid,Dermatitis,../datasets/feed/valid/Dermatitis/1000010781_x16_jpg.rf.7257d5753194f0b3cb0a02c5a483d9a9.jpg,b206d06cd3b8f21928b0ec0528c47db6,1
train,Healthy,../datasets/feed/train/Healthy/HEALTHY_054_jpg.rf.85f1c36e5a13e0d1554affd71ea5fd34.jpg,b21b45dd1f39bad6221387fc6988cff9,3
train,Fungal Infections,../datasets/feed/train/Fungal Infections/FUNGAL-INFECTION_027_jpg.rf.3bcc206af28a7ef21998eeeb54b0339a.jpg,b23aa5a638baa37967f48121cad62e6c,2
train,Dermatitis,../datasets/feed/train/Dermatitis/HOT-SPOT-IN-DOG-HOW-vet-treated-symptom-prevention_-flea-bite-moist-eczema_dog-itching-000359_png_jpg.rf.c03fc3f32d283d5039af1e5c975bfb35.jpg,b2412df139bde2b809d7093e86ae7901,1
train,Fungal Infections,../datasets/feed/train/Fungal Infections/pic43_jpg.rf.c39e9c9de92d42e49fa09fb47991ee87.jpg,b241fb5703749f748a62a25c6b5297aa,2
train,Ringworm,../datasets/feed/train/Ringworm/ringworm-86-_jpg.rf.9e214431e86f6726b392e24803e4ad28.jpg,b2571eae511337e632679982d0e01e8a,5
train,Healthy,../datasets/feed/train/Healthy/dogs_053_jpg.rf.ac7e6a1baa2ed4e33971b47a6c4d4533.jpg,b25c4844e406693fec897f4b8e17e258,3
train,Ringworm,../datasets/feed/train/Ringworm/ringworm-78-_jpg.rf.75ebb93e3f9863611159dec9d9eb0df7.jpg,b294da9f1ef37c2050cd90fedad135fc,5
train,Ringworm,../datasets/feed/train/Ringworm/Day-4-of-ringworm-treatment_00171_jpg.rf.c7c222ea24a1a8e1dc466ed6fb5d5303.jpg,b2a5aa299e422338de9f9454d5bd8431,5
train,Fungal Infections,../datasets/feed/train/Fungal Infections/1171_jpg.rf.6b68cc96c8e8924194213e6abc8bfef5.jpg,b2b73a75b9595a3e6c2d77b2d82aceda,2
train,Ringworm,../datasets/feed/train/Ringworm/R5_png_jpg.rf.03473083d79add93e10bd1ed84d6dd40.jpg,b2c247157e37e131732a710522e41617,5
train,Demodicosis,../datasets/feed/train/Demodicosis/IMG_5311_jpeg_jpg.rf.88e12ab7710781d24ab83cc8a1bc7886.jpg,b2d7cea5a3d200155d6315d4b769bd46,0
train,Ringworm,../datasets/feed/train/Ringworm/ringworm-44-_jpg.rf.c3ac89163363cce07218cebe83fddf1d.jpg,b2e20ddcd3b313e40268fd4314e64614,5
train,Demodicosis,../datasets/feed/train/Demodicosis/P30_png_jpg.rf.11a555687a43498c1748809395b13559.jpg,b3331439cb5bcd4135e3b4adc61d347e,0
train,Ringworm,../datasets/feed/train/Ringworm/ringworm-100-_jpg.rf.32441b5f6775a11a7d32449e4ee01c7b.jpg,b37094403b3bd690ef71d661be528483,5
train,Healthy,../datasets/feed/train/Healthy/dogs_265_jpg.rf.870d41884fb403b97a8de6e608930149.jpg,b3859e4bcf2d3cedfcfd860135dca3c0,3
train,Ringworm,../datasets/feed/train/Ringworm/NEWR18_png_jpg.rf.03066f799d4aa6e66b3935aa2260e7e6.jpg,b3a8f170bb2f91f683671d96f3e22bca,5
valid,Healthy,../datasets/feed/valid/Healthy/dogs_271_jpg.rf.19d1158b23f6e2a8ae3292f31ee3ccf5.jpg,b3b6d65c030d37b020fef4d69aec9570,3
train,Dermatitis,../datasets/feed/train/Dermatitis/May-is-allergy-awareness-month-here-at-The-Shot-Spot_02251_jpg.rf.bf47ebfedca82c99a6890a0c53e745d2.jpg,b3b89e08b126e555fbe0860dd753885e,1
train,Fungal Infections,../datasets/feed/train/Fungal Infections/FUNGAL-INFECTION_020_jpg.rf.9ba6142b2952e0bfa1ecebbfc7ff2123.jpg,b3bf1fec88dd24689448edaa3bbe5ea3,2
train,Dermatitis,../datasets/feed/train/Dermatitis/1000010697_x16_jpg.rf.32449dd75e111edd172aeba503d691e8.jpg,b3c5d0906d126784d296fb5301065e45,1
valid,Healthy,../datasets/feed/valid/Healthy/Puppy-Basics-Keeping-Your-Puppy-s-Skin-and-Coat-Healthy-mob_png_jpg.rf.406f18c6bfe3ce5ab3dd4368ef5c5c89.jpg,b3c79bf7e88f5d9fb0bcec0a721cfc1d,3
train,Ringworm,../datasets/feed/train/Ringworm/438051747_429300536462648_7834621964132658771_n_jpg.rf.41ef1c410de0964e8ef74b7d0a45244c.jpg,b3ca8d8b5fafd2c4591ed044edab9d7d,5
train,Ringworm,../datasets/feed/train/Ringworm/WIN_20240514_17_26_59_Pro_jpg.rf.5b042d76424d1c65be627320c6877895.jpg,b3cc58aa004d06566a14ebf378800e2f,5
valid,Dermatitis,../datasets/feed/valid/Dermatitis/1000010573_x4_jpg.rf.5993f62f13f4e5cd4995a9ae3ed4545f.jpg,b3d0b0cadc2fd252ff038e4a317e6078,1
train,Ringworm,../datasets/feed/train/Ringworm/R27_png_jpg.rf.ca1932cd9ede074586145c4762283496.jpg,b3e0b460bbb2c1b67fd119d9fbb4267d,5
train,Dermatitis,../datasets/feed/train/Dermatitis/hotspot-38-_jpg.rf.9bd2ccc6c97b93d4d23f00277d19aad7.jpg,b43cd2a5396782adc1ba4383e232f41a,1
train,Demodicosis,../datasets/feed/train/Demodicosis/IMG_5200_jpeg_jpg.rf.96e8384e24620f7fbe7730eed2d84bf8.jpg,b43eaef9b15cccc8de1ada6cfc771652,0
valid,Dermatitis,../datasets/feed/valid/Dermatitis/1516253873174_x4_jpg.rf.36256399fc9101db47ce29633c8dc69e.jpg,b453e504f635a1cc20b868cb6316199c,1
train,Ringworm,../datasets/feed/train/Ringworm/1000010654_x16_jpg.rf.3cea897cf52fba9be67bc10d7f85ee90.jpg,b45ce1fe83b6c850c73a66eab0987df9,5
valid,Dermatitis,../datasets/feed/valid/Dermatitis/HOT-SPOT-IN-DOG-HOW-vet-treated-symptom-prevention_-flea-bite-moist-eczema_dog-itching-000453_png_jpg.rf.6d123f1bd9ef196bf5ec7babbd42bee3.jpg,b466f2a7ceada321a44d28a1105d98b2,1
valid,Ringworm,../datasets/feed/valid/Ringworm/ringworm-35-_jpg.rf.ac4cd51c6b0987a0dae355c537ad4fb6.jpg,b48ea7853377441ef513c646ffdec5c2,5
valid,Healthy,../datasets/feed/valid/Healthy/dogs_013_jpg.rf.d77885b6bb5254f8c67c5017ed3d5385.jpg,b49335ce562671801f69fcc2098d4f51,3
train,Healthy,../datasets/feed/train/Healthy/dogs_153_jpg.rf.1a32eb15f0fbf983d5fc92d9b82c9218.jpg,b49492cf38f630c8ae243d15310d8e32,3
valid,Ringworm,../datasets/feed/valid/Ringworm/B9917847-2A5F-453D-A28B-2C14E21E5CE5_jpeg_jpg.rf.24234f3d4c0f142dddee4e9b6fd0efbf.jpg,b4bc9646ca07cd3b38969e366c0a70c2,5
train,Dermatitis,../datasets/feed/train/Dermatitis/231160892_518946332645147_3656949587182572307_n_jpg.rf.a975b8127c1edccc40fcfc5890e87877.jpg,b4bec2b0b992a98c87c9f9a5aa1f08d3,1
valid,Dermatitis,../datasets/feed/valid/Dermatitis/53_jpg.rf.80b9bef7fbf04517df4c6b579cc0847c.jpg,b4e44bda9736248c833fec73f57e9429,1
train,Dermatitis,../datasets/feed/train/Dermatitis/hotspot-66-_jpg.rf.cdcb49b6daa055066d9fa2cc36b1133e.jpg,b4eeb0cdf327d291c83f5079264a30bb,1
train,Dermatitis,../datasets/feed/train/Dermatitis/231160892_518946332645147_3656949587182572307_n_jpg.rf.ad20df8c877801873cf751bad814f81e.jpg,b4ef70068211e733336e31b8a877b5a3,1
train,Fungal Infections,../datasets/feed/train/Fungal Infections/FUNGAL-INFECTION_061_jpg.rf.132045a9db126b094916dbd78deba0d0.jpg,b4f154da1fb176134a1d979f28a46498,2
train,Dermatitis,../datasets/feed/train/Dermatitis/hotspot-30-_jpg.rf.efd07aba991b7ec1084447ad3b4509f4.jpg,b52f48d04bbb40e910eb6df886da715a,1
train,Demodicosis,../datasets/feed/train/Demodicosis/scabies_115_png_jpg.rf.9118f5d539de4de4452433cfb4fa83f3.jpg,b537bd08f1c97820c44666fa36f44bdf,0
train,Demodicosis,../datasets/feed/train/Demodicosis/IMG_5227_jpeg_jpg.rf.11cef6ac5d05a42528986a03034ccd32.jpg,b542b941486c4a635769cdb65675f977,0
train,Demodicosis,../datasets/feed/train/Demodicosis/1-5-_jpg.rf.eeb980d8958d50e11ddd15ca952a732e.jpg,b5537db04f651fcb480668d5ee8e84b4,0
valid,Dermatitis,../datasets/feed/valid/Dermatitis/HOT-SPOT-IN-DOG-HOW-vet-treated-symptom-prevention_-flea-bite-moist-eczema_dog-itching-000484_png_jpg.rf.c7524502aea32324cc7c7413f14ea377.jpg,b5576e81e692215de8c069a92f263061,1
train,Hypersensitivity,../datasets/feed/train/Hypersensitivity/B9781416056638000070_f007-023-9781416056638_jpg.rf.037506973e14b3e9bcd2029674f2cf03.jpg,b57918682f5f0aa3fc351568a33dc45a,4
valid,Demodicosis,../datasets/feed/valid/Demodicosis/1-20-_png_jpg.rf.7b7522bdef10609e5de74b4565cd6192.jpg,b58948a4006d6c2376bdcd405352ae87,0
train,Demodicosis,../datasets/feed/train/Demodicosis/P64_jpg.rf.df06335f7f8dbb654f32092af1e96f07.jpg,b592a3bed338002d3c1b9a8964c75f3d,0
valid,Healthy,../datasets/feed/valid/Healthy/HEALTHY_056_jpg.rf.d3d13e38c9eaec75611d6b1ecdd8ef17.jpg,b5a6131c924113b3182f4b87b66f0533,3
valid,Dermatitis,../datasets/feed/valid/Dermatitis/May-is-allergy-awareness-month-here-at-The-Shot-Spot_00046_jpg.rf.92bb14229222842ffa71a7d9a39ea52b.jpg,b5d8137614b5a74bfab81cef07c94609,1
valid,Demodicosis,../datasets/feed/valid/Demodicosis/scabies_114_png_jpg.rf.db9c4475fb73adab905dc0a56d5d6ecf.jpg,b5e83fd2bead9d8ebd4363618ce9dc22,0
train,Dermatitis,../datasets/feed/train/Dermatitis/bacc3_jpg.rf.ef0bcd3146ee8e23cbb4e361cfadce2d.jpg,b5ef3d1843a154f13ee47a4158ddbb98,1
valid,Demodicosis,../datasets/feed/valid/Demodicosis/2024-05-13-165025_jpg.rf.f72d6020120bcae7ee9d542c54be0f19.jpg,b5f3d810ead480a563a2332dd7702d4e,0
train,Dermatitis,../datasets/feed/train/Dermatitis/1000011975_x4_jpg.rf.8c376393cec01ea56b4d0a400f63095d.jpg,b5f7757ab073ebb7748f314b85f9f810,1
train,Ringworm,../datasets/feed/train/Ringworm/ringworm-38-_jpg.rf.3d663eac0147dd1aaafe60bf0accfdb9.jpg,b5fc9e14433a97fe248db4249a8a24e2,5
train,Ringworm,../datasets/feed/train/Ringworm/ringworm-1-_jpg.rf.59c2cd8cacad1ae9ab4e89d056a5c969.jpg,b603f843cd36c2b63de9db869629b6ff,5
valid,Ringworm,../datasets/feed/valid/Ringworm/NEWR17_png_jpg.rf.005547346d92fd7f1e51898bc43d26ab.jpg,b62494f069f2cca49165ac4ed0d9b529,5
train,Healthy,../datasets/feed/train/Healthy/dogs_151_jpg.rf.53a84308579a03381802834c51070c2c.jpg,b62f49a079741fb528064eee7f8e1f58,3
train,Ringworm,../datasets/feed/train/Ringworm/436996564_1168053864147468_7935871064142461185_n_jpg.rf.21077b28ecc3161d553a6b611c9a535c.jpg,b66a0372b0a31b1896d54cf84d8f0217,5
valid,Dermatitis,../datasets/feed/valid/Dermatitis/1000010586_x4_jpg.rf.d16c50743df01410bd45586f1adb4ceb.jpg,b66fde90377b9e935db43033121f9fe6,1
train,Hypersensitivity,../datasets/feed/train/Hypersensitivity/B9781416056638000070_f007-002-9781416056638_jpg.rf.3eca4143630b22700269e490054e5ade.jpg,b6726bb56803bf76fe86521b6113ee1f,4
valid,Dermatitis,../datasets/feed/valid/Dermatitis/1000010518_x4_jpg.rf.6ea1cd0710f6b857c678500654c5ffbb.jpg,b68225287d0c79891f3a47f26d9cb507,1
train,Healthy,../datasets/feed/train/Healthy/dogs_172_jpg.rf.32a7ffd3ff0e783bff2e023b55d7a211.jpg,b6875690b58a707d35f81c6a92262884,3
train,Dermatitis,../datasets/feed/train/Dermatitis/HOT-SPOT-IN-DOG-HOW-vet-treated-symptom-prevention_-flea-bite-moist-eczema_dog-itching-000467_png_jpg.rf.76a0f2e72b9ed84f59a1e859ef151f0b.jpg,b6884ca083c731ad6a02e81e90c7c0da,1
train,Dermatitis,../datasets/feed/train/Dermatitis/1000010673_x16_jpg.rf.ef14d5474639fabff57706250dab334a.jpg,b68f12ddc1a8c15dc06937242c428aa6,1
train,Dermatitis,../datasets/feed/train/Dermatitis/May-is-allergy-awareness-month-here-at-The-Shot-Spot_00688_jpg.rf.01c58468eeef1d14b5a5ff01894cedb2.jpg,b6b7205fa063e6f4e20e449b71103103,1
train,Demodicosis,../datasets/feed/train/Demodicosis/1-46-_png_jpg.rf.b4b210cad708e96b7e752f4df74dba42.jpg,b6c172911507f4ea682cb6e94dea22dd,0
train,Dermatitis,../datasets/feed/train/Dermatitis/pic9_jpg.rf.10e7ad624c436341b89068de209a25a9.jpg,b6d26d7e30ef88260b65c9d4dd2e2a1d,1
valid,Ringworm,../datasets/feed/valid/Ringworm/NEWR11_jpeg_jpg.rf.e78e45cd8252f69347a639752a816781.jpg,b6defee1a07f5571d2587f5b12bb8825,5
train,Dermatitis,../datasets/feed/train/Dermatitis/HOT-SPOT-IN-DOG-HOW-vet-treated-symptom-prevention_-flea-bite-moist-eczema_dog-itching-000359_png_jpg.rf.9d384bbd18077b6ec8b26a5c5d3fd3f5.jpg,b6ee85e37586867f0d6f671831e10ad3,1
train,Healthy,../datasets/feed/train/Healthy/1-1-_png_jpg.rf.2de5c412768a6dab5343d3d3d903224a.jpg,b6f1f2648cf5b5d6b63906dd2f4cd8d2,3
train,Ringworm,../datasets/feed/train/Ringworm/436724346_1101576490931453_293184214701696605_n_jpg.rf.12efa9b9538056b7b967c9a1eb928019.jpg,b7080df34898a04e12cf2f3485d849da,5
valid,Ringworm,../datasets/feed/valid/Ringworm/R7_png_jpg.rf.4451b45a86d71dfa2133a384506e5b75.jpg,b72ef783a6583366f894289344c92c5f,5
train,Ringworm,../datasets/feed/train/Ringworm/NEWR2_jpeg_jpg.rf.648763a4e3ffae9c5df3bc3285d8586f.jpg,b72fd50bf519c318b7aeb3e0778c7f41,5
train,Fungal Infections,../datasets/feed/train/Fungal Infections/fung2_jpg.rf.a22ab03220e659f37b8adabb15c903f8.jpg,b73cb43e2fd0db8d99bfc64b057030fb,2
valid,Demodicosis,../datasets/feed/valid/Demodicosis/IMG_5264_jpeg_jpg.rf.a171bd5912afe4cc1e6871f8f76916ff.jpg,b7423b368a9ddca4ece634116d7dd98f,0
train,Fungal Infections,../datasets/feed/train/Fungal Infections/pic57_jpg.rf.7ffc1072c1fafe2d40866b6f8356e00c.jpg,b76c225552cd460fbedd35d0721a430e,2
train,Demodicosis,../datasets/feed/train/Demodicosis/1-32-_png_jpg.rf.92ca5d2e75d470c4c78c398f4c4ef99c.jpg,b770cbdadcd97ba45040f3d075fa6e76,0
train,Ringworm,../datasets/feed/train/Ringworm/1000010613_x4_jpg.rf.20b73956d592687efa9ec47551e45664.jpg,b7945bbb49a31d081e2938e46a65d3cf,5
train,Fungal Infections,../datasets/feed/train/Fungal Infections/pic32_jpg.rf.ce834a018331e2f8242d1f3666ce799a.jpg,b79c975b24c4f7cfc8fcd0ebc80d249e,2
train,Healthy,../datasets/feed/train/Healthy/dogs_123_jpg.rf.bf377019635b4a3928f48576da9ff1a8.jpg,b7a785f41ad93cfee0bc226127f32b74,3
train,Demodicosis,../datasets/feed/train/Demodicosis/P24_png_jpg.rf.f0975b0422ef76d5a0b87bdcd754ad09.jpg,b7d941acf024636db97279e6238a4d10,0
valid,Fungal Infections,../datasets/feed/valid/Fungal Infections/FUNGAL-INFECTION_047_png_jpg.rf.3e5f48783c885646518f2dfcdf42685a.jpg,b7ec6b19cf62c769d66cadca4b7db899,2
train,Demodicosis,../datasets/feed/train/Demodicosis/D110_png_jpg.rf.9ae598ab3401fcf45e1748eaeeb7bfc9.jpg,b7ecfb2750081094cae9303ceb155b8d,0
valid,Dermatitis,../datasets/feed/valid/Dermatitis/Hot-Spot-on-_Chance_-How-to-treat-a-dog-that-you-can_t-touch_-000624_png_jpg.rf.866d22ce7d959e60512aeccd1836f921.jpg,b7f0476815fc47adb5fd6544bae1a0ff,1
train,Demodicosis,../datasets/feed/train/Demodicosis/2024-05-13-133853_2_jpg.rf.b6a45fc00b3f97dab57c1da63eb1a639.jpg,b83e7a832a9df63dc91aa90337694267,0
train,Ringworm,../datasets/feed/train/Ringworm/R37_png_jpg.rf.8dbdf7086d4543d21d023b654cf59d81.jpg,b855b0e6a801655da22f2571945f53a6,5
train,Dermatitis,../datasets/feed/train/Dermatitis/1000010558_x4_jpg.rf.2bee0f9705f18a9f7d2b9361f3179fea.jpg,b86ee87b77d9ae64fd6cc8200aaf4fb5,1
valid,Dermatitis,../datasets/feed/valid/Dermatitis/HOT-SPOT-IN-DOG-HOW-vet-treated-symptom-prevention_-flea-bite-moist-eczema_dog-itching-000456_png_jpg.rf.fd1400dcc9fd7652fef93ea41e7fa54a.jpg,b87758cdf957993fafe938665421da08,1
train,Healthy,../datasets/feed/train/Healthy/HEALTHY_040_jpg.rf.5df7c47868712037cd1b3a8dca8aec87.jpg,b892b14c2503aa13604a3dd5880c98ac,3
valid,Demodicosis,../datasets/feed/valid/Demodicosis/P11_png_jpg.rf.bb753ae8922fc00015e9e7c340a1138c.jpg,b8b08096cafddb29509972fa9dcb31b7,0
train,Ringworm,../datasets/feed/train/Ringworm/ringworm-134-_jpg.rf.87d04883cf79a70a927414ec6404f63e.jpg,b8d3da2398748acdd470a71d1a20453a,5
train,Dermatitis,../datasets/feed/train/Dermatitis/1000010753_x16_jpg.rf.4cb52a1e3e06b2a253a8d3ed26efc9a7.jpg,b8f9f84e88efd6a64e9348a62c59a372,1
valid,Dermatitis,../datasets/feed/valid/Dermatitis/May-is-allergy-awareness-month-here-at-The-Shot-Spot_01447_jpg.rf.d2f73f90bb008d13a963e86c8031f68f.jpg,b8fa20eb5ced8ad6516d372a23a47ad3,1
train,Demodicosis,../datasets/feed/train/Demodicosis/IMG_5244_jpeg_jpg.rf.0dbb3d3678e33eb0daa73c9d42cc105a.jpg,b8fb6eb30c07c880482089b9b7c701f5,0
train,Ringworm,../datasets/feed/train/Ringworm/R37_png_jpg.rf.8021d3ae3f8f9a980d75156bc3f5b9e4.jpg,b9400b8093604ecafa674044acdf63e0,5
train,Ringworm,../datasets/feed/train/Ringworm/ringworm-117-_jpg.rf.80ef4514f2b5e3bc638c38a918198086.jpg,b96f006784d798daa07d458b7a318b28,5
train,Ringworm,../datasets/feed/train/Ringworm/ringworm-85-_jpg.rf.a629a7b330764efc9bc02f8b4afbafd8.jpg,b9ed28f35c8136290415961c487b6547,5
valid,Fungal Infections,../datasets/feed/valid/Fungal Infections/pic47_jpg.rf.36af3e4e45d3dadfec49d8b2241d6b69.jpg,ba04af8086c06678206efb8a939138fb,2
valid,Healthy,../datasets/feed/valid/Healthy/Image_1_jpg.rf.8f39858cc077ae4c7f5ea8d8cf681d53.jpg,ba067e9585a76103f66d49ccf6ad9f88,3
valid,Hypersensitivity,../datasets/feed/valid/Hypersensitivity/Hypersensitivity2_png_jpg.rf.763496d26ee439788016115cc967aa44.jpg,ba082b8c666b4621aa5dafc059ae5a13,4
train,Demodicosis,../datasets/feed/train/Demodicosis/P13_png_jpg.rf.06ebf825377a1fd425db9586c0101335.jpg,ba13bd1f938ec8326f7e8ac2a24eb1a0,0
train,Demodicosis,../datasets/feed/train/Demodicosis/IMG_5314_jpeg_jpg.rf.8a4ee16e21221a40041cc33df5ed72c5.jpg,ba23e9a83c6d41ac06b7bbe55f1e1266,0
train,Ringworm,../datasets/feed/train/Ringworm/ringworm-90-_jpg.rf.d627ec4623b54c9753725e7d513aab64.jpg,ba410981a6e2ef2affc6b575c016cd30,5
train,Demodicosis,../datasets/feed/train/Demodicosis/D116_png_jpg.rf.f7d280528f531334b83675374ce003b8.jpg,ba4e0687218f51951eb18460b4bd5189,0
train,Ringworm,../datasets/feed/train/Ringworm/436799686_1645755056226653_3055609830143657343_n_jpg.rf.e7b6dd28a8ee97de076dde867e47e807.jpg,ba62bcb76ba746f91e77adf079bddd97,5
train,Ringworm,../datasets/feed/train/Ringworm/436659257_1400912270538983_2219402059155208617_n_jpg.rf.4d743298d879919c064465b75b693d3f.jpg,ba73b2dd0f7601143620079d13e9731f,5
valid,Dermatitis,../datasets/feed/valid/Dermatitis/1000010509_x4_jpg.rf.6d694f2ac4a76ef7eec74a7f99c17be7.jpg,ba8b017d209ca2ec6ac4ab6c3543b5e9,1
train,Ringworm,../datasets/feed/train/Ringworm/1000011983_x4_jpg.rf.3644fd63e4a11a3cc9067220b4e4f7aa.jpg,ba8c4c6fc42d725740532785106fbe3b,5
train,Healthy,../datasets/feed/train/Healthy/HEALTHY_022_jpg.rf.3dacf3fc2c1b00a3b176209246dc229f.jpg,ba956a8391b3975df0f466c634856096,3
train,Healthy,../datasets/feed/train/Healthy/pic64_jpg.rf.949f8642045425b37c48d044cc3bc75e.jpg,baac09421995b2a971ed2ef542f9047d,3
train,Fungal Infections,../datasets/feed/train/Fungal Infections/FUNGAL-INFECTION_049_jpg.rf.91277c2517cadfcd1ebd4812108ced8c.jpg,baad0b2b4f07a58d81ae50fad24a358a,2
train,Dermatitis,../datasets/feed/train/Dermatitis/Owners-usually-don-t-get-a-good-vote-of-just-how-big-hotspots_00353_jpg.rf.5a7d5a8e46d71af0607a21b916a8634e.jpg,bac5ae4449722a1c3511cae5e87f5974,1
valid,Dermatitis,../datasets/feed/valid/Dermatitis/Hot-Spot-on-_Chance_-How-to-treat-a-dog-that-you-can_t-touch_-000626_png_jpg.rf.d165f2ae3428708b9dfa0b42ec04e192.jpg,bac69bd2719f9430e8f6b58fb4d4d09c,1
train,Healthy,../datasets/feed/train/Healthy/dogs_004_jpg.rf.022a3e64eb42d3ab7a1df92a7d4d0f18.jpg,badcb91731c554f34a17f8b75fda6dbb,3
train,Dermatitis,../datasets/feed/train/Dermatitis/hotspot-107-_jpg.rf.55b65c579021db0cd756094939821014.jpg,bae12e9c51da93cd001aa525dd33f945,1
valid,Ringworm,../datasets/feed/valid/Ringworm/R26_png_jpg.rf.91b314f242b7f58c39724a9e52acbf1f.jpg,bb539217449958dc096fe7baba9d03de,5
train,Dermatitis,../datasets/feed/train/Dermatitis/1000_F_266925987_GoNkiLNIUXfRzYXf96Ngo00leArxL72S_jpg.rf.40897edeb61351de7d3dd0dd8f67631d.jpg,bb55305b454e84d58f9c4a87232f5612,1
train,Ringworm,../datasets/feed/train/Ringworm/R9_png_jpg.rf.d12ab7192fe72889571c31d2cae29d14.jpg,bb5c2addf16bb0a3135e6255b66e06f3,5
train,Fungal Infections,../datasets/feed/train/Fungal Infections/pic23_jpg.rf.5ae3efd77650d25dcf247398bee1a5a8.jpg,bb5d8d016866488fa3f9cddef5eb8ea1,2
train,Ringworm,../datasets/feed/train/Ringworm/ringworm-69-_jpg.rf.1bc1651a944573b93607f4078f7fc687.jpg,bb61e4ec960184b71c1bb1c1daabfc35,5
train,Demodicosis,../datasets/feed/train/Demodicosis/1-40-_png_jpg.rf.894b3ed80c9d0b0519c123cf07800da8.jpg,bb65b5bf11234f7a8eb088bb6861a567,0
train,Ringworm,../datasets/feed/train/Ringworm/WIN_20240514_17_27_09_Pro_jpg.rf.06923871db93e3e8578c65247b1a05dd.jpg,bb66fe9da5d88345eb475d55c99c0d56,5
train,Hypersensitivity,../datasets/feed/train/Hypersensitivity/B9781416056638000070_f007-012-9781416056638_jpg.rf.352c8b628b04185157e30396bd695cf0.jpg,bb7b009a4770f05bcb4c85e1ae8ccdd7,4
train,Dermatitis,../datasets/feed/train/Dermatitis/hotspot-22-_jpg.rf.324890dba54299bf1892928491b84f96.jpg,bb96cb126ee87ec48553852b45ca01b4,1
train,Demodicosis,../datasets/feed/train/Demodicosis/P21_png_jpg.rf.411838f41359f2794a24cbccc7c5a59b.jpg,bbb087586ed60caa6e5b6bade2e114ab,0
train,Healthy,../datasets/feed/train/Healthy/Image_11_jpg.rf.846e4d0eccb36f2b699bc1836cc36859.jpg,bbb44dcb6c19ec2f5e4ff6f2246f820f,3
train,Fungal Infections,../datasets/feed/train/Fungal Infections/fungal1_jpg.rf.2b9c152b76cba4b6e73d7da175c0bd53.jpg,bbbf4eb94c9760be37810f609fdda6c5,2
train,Ringworm,../datasets/feed/train/Ringworm/ringworm-147-_jpg.rf.263f00f0626895cbdd105dba990e207c.jpg,bbc607d9c15ffdca68a14e1a972f662b,5
train,Ringworm,../datasets/feed/train/Ringworm/WIN_20240514_17_33_49_Pro_jpg.rf.48a7da0d89ad29e17f168e4b8c361f49.jpg,bbdcbd97f851abf81d82faa3829258f7,5
train,Hypersensitivity,../datasets/feed/train/Hypersensitivity/B9781416056638000070_f007-032-9781416056638_jpg.rf.ac30526fee33b46e8cfba7b952a34282.jpg,bbe2a0a168d3b9cda63aaf7d981049a1,4
train,Demodicosis,../datasets/feed/train/Demodicosis/2024-05-13-134336_3_jpg.rf.773f284ac6cc82a7b2688e1700aef699.jpg,bbe45b8cd82c13be3702050ce216ab82,0
train,Dermatitis,../datasets/feed/train/Dermatitis/Hot-Spot-on-_Chance_-How-to-treat-a-dog-that-you-can_t-touch_-000621_png_jpg.rf.89119a2dddaeb99162d8dd7fb051fccb.jpg,bbef1988d1ee3553101225512a341e51,1
train,Ringworm,../datasets/feed/train/Ringworm/ringworm-92-_jpg.rf.51115d9415ee3e7f88f80e07680adaf6.jpg,bc074a725effa9a55a2c556e0f3954b2,5
train,Demodicosis,../datasets/feed/train/Demodicosis/scabies_116_png_jpg.rf.b505e7f4368dcbfe77466c67021a86e4.jpg,bc1718dc59c0903c8cad687896addca3,0
valid,Ringworm,../datasets/feed/valid/Ringworm/R5_png_jpg.rf.1f1fb4c8e2f25982a7ae2915d6024109.jpg,bc1ce54525ef51dd09b7a936397020a0,5
train,Dermatitis,../datasets/feed/train/Dermatitis/55_jpg.rf.902dd8febb1bb6a0c5f181672fa2dbae.jpg,bc29afab8fe2eab01fe8aa34b98c80ca,1
train,Healthy,../datasets/feed/train/Healthy/dogs_094_jpg.rf.8279ae5620fb8080deb66777390a5f09.jpg,bc2d351ab934545e82ff8e3cce907087,3
train,Demodicosis,../datasets/feed/train/Demodicosis/2024-05-13-165649_jpg.rf.9180f917ff57ccdd19315d8a99d94e32.jpg,bc3bfdf1d58d1901c8c82cf733b1a85b,0
train,Dermatitis,../datasets/feed/train/Dermatitis/May-is-allergy-awareness-month-here-at-The-Shot-Spot_00064_jpg.rf.3b5d719768c4709b2155d5356e378dc7.jpg,bc40336d202964ac116703fe6b1d3a21,1
train,Healthy,../datasets/feed/train/Healthy/Image_12_jpg.rf.c789732c472266741e684c819725ae7e.jpg,bc608b1190d2b352273f3faa81b3e269,3
train,Healthy,../datasets/feed/train/Healthy/images-13_jpg.rf.31c8b83f7a04adc453eec2eec7b04c18.jpg,bc73f508093e3c4300e1d48d1be7eac9,3
train,Fungal Infections,../datasets/feed/train/Fungal Infections/pic85_jpg.rf.9b75c12d941538e30e1eda68838e873d.jpg,bc79cd143afb731785a1f6e3cb78368c,2
train,Demodicosis,../datasets/feed/train/Demodicosis/D116_png_jpg.rf.a2bfb0013692930ba870f539ae889c03.jpg,bc9f58daab21fafea383ff20cdcf3a31,0
train,Dermatitis,../datasets/feed/train/Dermatitis/pic5_jpg.rf.2961cfd5a53d0d2330ab637d7cf509ef.jpg,bcb993216a276ea7808fb12f1891b4d3,1
train,Demodicosis,../datasets/feed/train/Demodicosis/1-60-_png_jpg.rf.f144951854bae13c996b3db384ac686a.jpg,bd03f300a8232161defd193e2f07864c,0
train,Dermatitis,../datasets/feed/train/Dermatitis/217702707_549389272771952_6096969687785169247_n_jpg.rf.25fdf7c8e1b14ec139d2f76eec841b3c.jpg,bd0d8dd8c36061e130e9e5eae0ccc4e9,1
train,Ringworm,../datasets/feed/train/Ringworm/WIN_20240514_17_36_20_Pro_jpg.rf.3badfe7a5ba27bcb850082725f5e6e17.jpg,bd117bedf9740bc6ce709fdad1a17d10,5
train,Ringworm,../datasets/feed/train/Ringworm/ringworm-94-_jpg.rf.46d303c48a3d45dfe78119455268c9d2.jpg,bd171263bcb680d4d292b4a2dc8aa3cb,5
train,Healthy,../datasets/feed/train/Healthy/dogs_143_jpg.rf.907b31e3e00ca57fcf04d4630b0f3f58.jpg,bd1f06b6359a620e797cdf2aa1bc9189,3
valid,Fungal Infections,../datasets/feed/valid/Fungal Infections/1555_jpg.rf.eefe5038e0bddbb4c50542029d30a486.jpg,bd2730f6365146d0e91363a4c2466c21,2
train,Ringworm,../datasets/feed/train/Ringworm/R13_png_jpg.rf.262aa226fc9c9970f4d595c0066be2d6.jpg,bd60bde289b21bc4f37b1b1eb836d7c9,5
train,Fungal Infections,../datasets/feed/train/Fungal Infections/Fungal_2_jpg.rf.e0673c4483e8ec691a33bef5c670dce8.jpg,bd78bb6a61591315abff5fa095d8c6b7,2
train,Demodicosis,../datasets/feed/train/Demodicosis/1-2-_png_jpg.rf.b11c714d298f1c3537a49236f31fa0b9.jpg,bd9002cee3ce9d4e3cd6af166109e7c3,0
train,Ringworm,../datasets/feed/train/Ringworm/ringworm-140-_jpg.rf.24a7e54d2f326d7c53e4845a6a261e1b.jpg,bda5f0897d7f54562a02cf4b4563c432,5
train,Ringworm,../datasets/feed/train/Ringworm/WIN_20240514_17_26_49_Pro_jpg.rf.72b9f7b3ef77cacda81e2e6043cfb1a4.jpg,bdae65dea07410c57378477146723741,5
train,Fungal Infections,../datasets/feed/train/Fungal Infections/pic84_jpg.rf.930a0e601b735b4f8c69ad56d1e74c1d.jpg,bdae702497a925db24d6205b50ccd178,2
train,Ringworm,../datasets/feed/train/Ringworm/69779474_2813720978641346_3471018570912104448_n_jpg.rf.5e24746af07046a0689c06eee604dead.jpg,bdb4896312cef2667d08ab512dd64f6b,5
train,Dermatitis,../datasets/feed/train/Dermatitis/Bacterial_1_png_jpg.rf.a838fd890785cadfc85afd892d7d9cc8.jpg,bdb6691bfeb1d3496dc7ade62e479b6d,1
train,Demodicosis,../datasets/feed/train/Demodicosis/P18_png_jpg.rf.d3618cb5440244f3a8a25d570452fdcb.jpg,bdca93449972bc35440f24244f94bdb0,0
train,Dermatitis,../datasets/feed/train/Dermatitis/May-is-allergy-awareness-month-here-at-The-Shot-Spot_01456_jpg.rf.1f5eeac6a3763cf5b16b763de667aac6.jpg,bdd86a3086e38dc62f125979d0a0c52a,1
valid,Fungal Infections,../datasets/feed/valid/Fungal Infections/pic41_jpg.rf.1aceb6dbb483a2933a620541315b8de2.jpg,bddbc5793c8714862331fc0673456169,2
train,Dermatitis,../datasets/feed/train/Dermatitis/1000010614_x4_jpg.rf.fb626e0579ed377e2b41368454917400.jpg,bddead63ee714bf6f90b0b2b438fb082,1
valid,Dermatitis,../datasets/feed/valid/Dermatitis/OIP-8-_x16_jpg.rf.a15f1d835cc036ecbc661788132c3a54.jpg,bde01e8a112f95de2cc68ffedaa64752,1
train,Demodicosis,../datasets/feed/train/Demodicosis/scabies_130_png_jpg.rf.baddab22fa31a3eaae484ccddf545f19.jpg,bde8874143b0d06c246a0565868c2e79,0
train,Dermatitis,../datasets/feed/train/Dermatitis/Thank-you-all-for-your-support_00001_jpg.rf.a7d4cf4567b5083010d3ae3bba8f7fd9.jpg,bde94a9d01aaf0c0e29987c531425989,1
valid,Demodicosis,../datasets/feed/valid/Demodicosis/IMG_5267_jpeg_jpg.rf.be8e45b97d5431be1fc926c5d1ab72b2.jpg,bdf77f8f3da885246f3e8b88047cc84c,0
train,Healthy,../datasets/feed/train/Healthy/HEALTHY_030_jpg.rf.9367e1b0e5b084a1888a97700e52f143.jpg,bdfd94a0d9968f853a69ae2328b49a41,3
train,Healthy,../datasets/feed/train/Healthy/pic43_jpg.rf.5ad76f2a4ae190bc973bab6a0e7764ff.jpg,be1ed63d2190f5e234b8255a7fd6ef1f,3
train,Dermatitis,../datasets/feed/train/Dermatitis/143539111_266046041593593_2826120553753353940_n_jpg.rf.aeb35373a110aa89de52393b8a8e5c0e.jpg,be213115eff47d336cbb29c11322988e,1
train,Healthy,../datasets/feed/train/Healthy/dogs_088_jpg.rf.1988366fbb3034207cc9d940eb60b06a.jpg,be32e86228878f3fd276e54c1d57b816,3
train,Ringworm,../datasets/feed/train/Ringworm/ringworm-126-_jpg.rf.536a8bd0e8621b91c48c7a3bd53428b1.jpg,be3759b23cc88f6b2e8bb1179b32d1dd,5
valid,Healthy,../datasets/feed/valid/Healthy/dogs_130_jpg.rf.7ef815ff63c58697adbf156a5d154ed2.jpg,be3bad238e3598813e685e1e35c11567,3
valid,Dermatitis,../datasets/feed/valid/Dermatitis/1000010715_x16_jpg.rf.f4a3aa975ef24133022ce0c65f36b438.jpg,be40e1470c558e176a2ec00154edd2c5,1
train,Ringworm,../datasets/feed/train/Ringworm/NEWR16_jpeg_jpg.rf.13274fb4c6643f57770bc6b44c4a25d7.jpg,be43f1a977aebf8b1b55d23c1dee1b1a,5
train,Demodicosis,../datasets/feed/train/Demodicosis/IMG_5186_jpeg_jpg.rf.cb27441dd17f66554d24a58dd494459d.jpg,be4feecf1409b7e3bc9279dfe7b0d307,0
train,Dermatitis,../datasets/feed/train/Dermatitis/hotspot-98-_jpg.rf.23c2f05679126e2f8dbb371ca8e494f9.jpg,bea1a7cd147bae36b5a923f4bce91a56,1
valid,Demodicosis,../datasets/feed/valid/Demodicosis/2024-05-13-133458_4_jpg.rf.22723c8d3ae55cd1319f334c1bcb2210.jpg,bea4b546d5534eeecccb96afc70c46c9,0
train,Healthy,../datasets/feed/train/Healthy/dogs_074_jpg.rf.735a5b23553b3a30be366fdda6250b45.jpg,bea611e54febce686519c1929f333ef6,3
train,Demodicosis,../datasets/feed/train/Demodicosis/IMG_5198_jpeg_jpg.rf.1effbb4c856e875dc39a36c6f7b5e17a.jpg,bea9b023061f977fc77337a070b3de06,0
train,Demodicosis,../datasets/feed/train/Demodicosis/P44_jpg.rf.c0f01f80ab38c9f329787735b1d72ea0.jpg,beb3373a50355067a09b8b878abf5c4a,0
train,Demodicosis,../datasets/feed/train/Demodicosis/P30_png_jpg.rf.98845c5bd4ba3a111bb96639cbac074a.jpg,beb3c97124ed3978c8d908467e55b01f,0
train,Fungal Infections,../datasets/feed/train/Fungal Infections/Fungal1_png_jpg.rf.c6d493975bd34539278a56d8c7a98762.jpg,bedf1230efdabb7f3bd8919650d9f5b9,2
train,Dermatitis,../datasets/feed/train/Dermatitis/hotspot-90-_jpg.rf.f75eebae3d4f937fed6767ecb19e0302.jpg,bedfeebdf4f5d438baa63f34c7b05e49,1
valid,Ringworm,../datasets/feed/valid/Ringworm/WIN_20240514_17_43_37_Pro_jpg.rf.5710855873c99ca0a41701f7cc4a451f.jpg,bf0ac51236a297540fbd98932e646592,5
valid,Dermatitis,../datasets/feed/valid/Dermatitis/1000010721_x16_jpg.rf.f5bf99e49c1e23436113286284405d04.jpg,bf30d309e64654807c81eb3780671ade,1
train,Healthy,../datasets/feed/train/Healthy/Image_24_jpg.rf.cf0654f07c28b79c49d435a36845bd3c.jpg,bf40897c44972d93823494af4213b33c,3
train,Demodicosis,../datasets/feed/train/Demodicosis/scabies_134_png_jpg.rf.ed85fa36cd00a029c37c4e9a531e35d4.jpg,bf4c363c015590c4a3c33891ce61f492,0
valid,Ringworm,../datasets/feed/valid/Ringworm/ringworm-130-_jpg.rf.56d0b2140dcb95aa2b671c78868c5bf3.jpg,bf4ffaa4c3661b29b5968621f362cfb0,5
train,Demodicosis,../datasets/feed/train/Demodicosis/IMG_5169_jpeg_jpg.rf.2472006ab1cefd70ddf9fd18efa0e79c.jpg,bf62f4879b9ca5eb457ed7247cba1100,0
train,Demodicosis,../datasets/feed/train/Demodicosis/2024-05-13-164141_jpg.rf.d4a53e05a9dfd9f6fa178c419cdab6fb.jpg,bf756782deb2dd9c47823ead32a33d19,0
train,Hypersensitivity,../datasets/feed/train/Hypersensitivity/1011_jpg.rf.da509d1dc16bbee6e11b8457ace553ac.jpg,bf7990fe38d2019c95be6354636d44ad,4
train,Dermatitis,../datasets/feed/train/Dermatitis/atopic_dermatitis_in_cats_causes_symptoms_and_treatment_4206_webp_jpg.rf.dba91616072dec9388c457355e7ccc93.jpg,bf7a357947a0d057dc944a47a5b855ad,1
train,Ringworm,../datasets/feed/train/Ringworm/ringworm-74-_jpg.rf.a2634bb005ad274c1025eea55c04b3c3.jpg,bf83cdf4e3e8b468a63b43ebb60d0892,5
train,Healthy,../datasets/feed/train/Healthy/dogs_056_jpg.rf.6d30fc966818aa00bfdbcfb274e286b5.jpg,bf8750b8a23a42c1dd534142b1f0460a,3
train,Dermatitis,../datasets/feed/train/Dermatitis/1000010551_x16_jpg.rf.1be6906988436ed0b8b8c58fcaf019c4.jpg,bf9461b7aae6084290adffa8d106dbd6,1
train,Dermatitis,../datasets/feed/train/Dermatitis/hotspot-79-_jpg.rf.940e2df368f26bfbcdead1f97847c204.jpg,bf966a15e08e25226db0a5b9cfc74ebc,1
train,Fungal Infections,../datasets/feed/train/Fungal Infections/pic69_jpg.rf.c41f2ec04a9af541bbcd202506eb34b9.jpg,bf9ee3da8390f4a542adcc5a6a1e962c,2
valid,Fungal Infections,../datasets/feed/valid/Fungal Infections/1016_jpg.rf.26fab6f86bb2c2af74bff424fbbec034.jpg,bfb48b7cad537d17df58d798be9c07c0,2
valid,Dermatitis,../datasets/feed/valid/Dermatitis/83482425_2666988283398175_4819098995697647616_n_jpg.rf.8578c80770d4b22ff3c2705b90115314.jpg,bfcafb87526f2edc6ae9c49a11355cb3,1
valid,Demodicosis,../datasets/feed/valid/Demodicosis/IMG_5157_jpeg_jpg.rf.0f5a26b7bde25a49d86f856ca62c7c40.jpg,bfdafa43abf47c1b6b59d4077ff85781,0
train,Healthy,../datasets/feed/train/Healthy/dogs_025_jpg.rf.28ace147755548f0900939dcddc8b79d.jpg,c007c45d482228ebd8e8e386cd71aa77,3
train,Demodicosis,../datasets/feed/train/Demodicosis/2024-05-13-165423_jpg.rf.fb0264359a50611780bda87b225ee961.jpg,c03178b691a9582369263509a0af279e,0
train,Healthy,../datasets/feed/train/Healthy/HEALTHY_037_jpg.rf.d97b6f2edcbc7c9b6f8c8be98dd88d8a.jpg,c039e41275ab9fbee92becdaf538e99d,3
valid,Fungal Infections,../datasets/feed/valid/Fungal Infections/pic28_jpg.rf.c8f59dba80afa429d32cd5b99347cc08.jpg,c04098fa5dd67ea911378e332331f57a,2
train,Fungal Infections,../datasets/feed/train/Fungal Infections/pic73_jpg.rf.7dad63c377f208e65c7b6b095c39a7dc.jpg,c044d74762ab59b2e272cb4fe83a969f,2
train,Dermatitis,../datasets/feed/train/Dermatitis/May-is-allergy-awareness-month-here-at-The-Shot-Spot_01666_jpg.rf.fc76e9cd2dd93edb9649358481a5125d.jpg,c0626eef70904653ce547ea9a0ca3150,1
train,Ringworm,../datasets/feed/train/Ringworm/ringworm-113-_jpg.rf.67b7e14680efa584f424f400b54dc6e6.jpg,c06323846ad82e55dbd17e570c5a60d0,5
valid,Hypersensitivity,../datasets/feed/valid/Hypersensitivity/Hypersensitivity4_png_jpg.rf.853534523d548af0fb716bd34c82ca2a.jpg,c065c83e4dec1359eacc6b792509ec77,4
train,Ringworm,../datasets/feed/train/Ringworm/ringworm-54-_jpg.rf.83d30666af97e54cddab375545b60fd3.jpg,c06866d735ed92e5ba3190ef96e590f7,5
valid,Demodicosis,../datasets/feed/valid/Demodicosis/P33_png_jpg.rf.642c1f73f25cc1b4dcfb375ba0deb52b.jpg,c07fd516fa1b3b3437318f9890690921,0
train,Dermatitis,../datasets/feed/train/Dermatitis/Owners-usually-don-t-get-a-good-vote-of-just-how-big-hotspots_00349_jpg.rf.0a29843b59b4702ca273916b7ec7919f.jpg,c08f572f75d0714763840123d1b5a1a9,1
train,Hypersensitivity,../datasets/feed/train/Hypersensitivity/Hypersensitivity_image_3_jpg.rf.9ade7dfa0ca558cd40ae71e017bd9313.jpg,c098202eb3ad887b27bf4bc3b308cab8,4
train,Demodicosis,../datasets/feed/train/Demodicosis/2024-05-13-133205_2_jpg.rf.760bf13b90cc65609824faf54f4f2c9b.jpg,c0a32bee7ea2d4c9f1fb7524ccd6d804,0
train,Healthy,../datasets/feed/train/Healthy/HEALTHY_041_jpg.rf.d6f8b99c4a86fcb782d2652d0b682240.jpg,c0ad08813620d4fca3df760f3e411bdc,3
train,Healthy,../datasets/feed/train/Healthy/HEALTHY_002_jpg.rf.33755169a2489359a6a8d659f0a7b417.jpg,c0b7e7699c438a72a7ad00663c2186e3,3
train,Healthy,../datasets/feed/train/Healthy/Image_4_jpg.rf.3a4573cbe2c602047a779e84184a719b.jpg,c0cb99dfa950c2bae634f74d25426491,3
train,Ringworm,../datasets/feed/train/Ringworm/436690070_400352989482816_2231845472517013715_n_jpg.rf.55655c59d4a1d440a3b3d8508940eab2.jpg,c0dc021ff8d6a8b52a4ffd299ded8d2e,5
valid,Dermatitis,../datasets/feed/valid/Dermatitis/HOT-SPOT-IN-DOG-HOW-vet-treated-symptom-prevention_-flea-bite-moist-eczema_dog-itching-000460_png_jpg.rf.01a7ba848da4c7387b1ff4edfb10db3b.jpg,c0f1de2010fe7bfe0a0a315d95da908b,1
train,Dermatitis,../datasets/feed/train/Dermatitis/hotspot-115-_jpg.rf.722d61da626d51332ac4d28f3e0468c2.jpg,c1005e187736b0ec6d29eb72a88c281f,1
train,Ringworm,../datasets/feed/train/Ringworm/ringworm-38-_jpg.rf.b639669e30c2ee586cd767eea3ff19ab.jpg,c1122148f6a1f48203adeb6ab1bd7e90,5
train,Ringworm,../datasets/feed/train/Ringworm/R5_png_jpg.rf.2f17129c1dad3881d9271e8eb1153e4c.jpg,c114f2a2a4aff7fd95a25a50f5933764,5
train,Hypersensitivity,../datasets/feed/train/Hypersensitivity/B9781416056638000070_f007-028-9781416056638_jpg.rf.dee6ed381a9e22dff1dbaccefa9f7aa2.jpg,c1204947d9cbdddbe19674d2cdc956c6,4
train,Ringworm,../datasets/feed/train/Ringworm/ringworm-101-_jpg.rf.e09eb4d942fb61cbcbd6ebbca8a7e016.jpg,c126c978f1a072bc51fefb234948277d,5
valid,Healthy,../datasets/feed/valid/Healthy/dogs_054_jpg.rf.8ba6cc962df4a64e1c61d315e7b0f75c.jpg,c14cb160684abbc1a3043f62655b4f77,3
train,Demodicosis,../datasets/feed/train/Demodicosis/2024-05-13-161913_jpg.rf.bcd75ad5a93ef0009e9a862267f8e269.jpg,c16035cfc891bb7ff088b8ee58ca5c4a,0
train,Fungal Infections,../datasets/feed/train/Fungal Infections/FUNGAL-INFECTION_043_jpg.rf.bb1d634cc54ead7f30d59d623a8206cd.jpg,c1733f5cf4b9cd4059099bf3fe799d0b,2
train,Ringworm,../datasets/feed/train/Ringworm/NEWR55_jpeg_jpg.rf.3b14d1e87f862a12b22067e8130992b8.jpg,c17e59bed73746588cadffe4d3fbfb7d,5
train,Ringworm,../datasets/feed/train/Ringworm/NEWR34_png_jpg.rf.528b7a5321c9065b18765c54522b36d5.jpg,c198510ff3fb62e566495be2a9c174bc,5
train,Fungal Infections,../datasets/feed/train/Fungal Infections/Fungal2_png_jpg.rf.5975f7f6dac45396292580da33a6b856.jpg,c1a02c5ca25c0007d13c291df7d18527,2
valid,Dermatitis,../datasets/feed/valid/Dermatitis/May-is-allergy-awareness-month-here-at-The-Shot-Spot_00031_jpg.rf.7f98efcca021fa878bbae7f6f57bedd6.jpg,c1a79839c92c386aca3ccb8b609d40dd,1
train,Healthy,../datasets/feed/train/Healthy/Image_7_jpg.rf.6c914c1a155d800b0fc2a20b2289f885.jpg,c1be9cc6b3fc154f2a3bd20e85266f30,3
train,Ringworm,../datasets/feed/train/Ringworm/ringworm-131-_jpg.rf.b4cd7a7324fe4babea682b68d4ac2e63.jpg,c1ccbf45e61828e6e90473806af7913b,5
train,Healthy,../datasets/feed/train/Healthy/dogs_054_jpg.rf.85706ac5ca3f44c12faf960a20405b1e.jpg,c1cf25dbbde313801e724b3b6aadcce1,3
valid,Hypersensitivity,../datasets/feed/valid/Hypersensitivity/1724_jpg.rf.b6ce4caf8b9a7c6b13a2008a04ac2b0a.jpg,c2268be99c144699403d52c9c77037f0,4
train,Healthy,../datasets/feed/train/Healthy/dogs_147_jpg.rf.40a172062113218047a8d6614498be43.jpg,c24bb35a38f5418df7030639e29efe16,3
train,Hypersensitivity,../datasets/feed/train/Hypersensitivity/pic6_jpg.rf.dbff60e73867e2fafa24867e4633ee13.jpg,c25433785fa150ed4e5e62b27ab06516,4
train,Demodicosis,../datasets/feed/train/Demodicosis/2024-05-13-162741_jpg.rf.3f2455e7118d63f9f1cb17de72e2c73e.jpg,c25ca9f62453f2d521f91284f4f9569b,0
valid,Ringworm,../datasets/feed/valid/Ringworm/436770000_474575525363319_4064234022423729288_n_jpg.rf.858c0ad895dba74f33534f01ac59c0ab.jpg,c27052928ab8459f97cff0f587cc62d2,5
train,Ringworm,../datasets/feed/train/Ringworm/R57_png_jpg.rf.85042a9eac696ca279168d1fd384486b.jpg,c27ce2124905ca3d2be8fedb8c4bb105,5
train,Healthy,../datasets/feed/train/Healthy/dogs_084_jpg.rf.2fcc85bf9d54b7eeca5190b0e904037f.jpg,c29ad651803747f91050c070568530e6,3
train,Demodicosis,../datasets/feed/train/Demodicosis/IMG_5327_jpeg_jpg.rf.5211cd3103936de153f7037dbea5f306.jpg,c2a0baafe4a36a9244d29da8c87daab0,0
train,Ringworm,../datasets/feed/train/Ringworm/R41_png_jpg.rf.76ee3b362717c051754cf52a14a9fe8c.jpg,c2d58e4c1eadf4d4d0b8947e31725950,5
train,Healthy,../datasets/feed/train/Healthy/015_jpg.rf.49860f9dd40e93205dff24c6035256f2.jpg,c2e34094d70d00ab9271a9d1e2d084de,3
train,Ringworm,../datasets/feed/train/Ringworm/NEWR32_png_jpg.rf.b4a9fae044ddea15eede743207c6586a.jpg,c2e83dc37ddd761fae287df6dbdb35d1,5
train,Fungal Infections,../datasets/feed/train/Fungal Infections/FUNGAL-INFECTION_071_jpg.rf.467648a19d7c1dcf3928cedbacfbde09.jpg,c2ee90aab783ab9cef70d8c6ebdebbac,2
train,Healthy,../datasets/feed/train/Healthy/HEALTHY_033_jpg.rf.fea121ded298884fdd685707dfbe630a.jpg,c2efa4419fcbeb535ad933ddcffd1909,3
valid,Ringworm,../datasets/feed/valid/Ringworm/436638693_826239035984778_764987017093970170_n_jpg.rf.2518156bfaad73bdb960b2dc25898fa2.jpg,c2f2dfe1503a82b1882af07a02a2baf7,5
valid,Dermatitis,../datasets/feed/valid/Dermatitis/HOT-SPOT-IN-DOG-HOW-vet-treated-symptom-prevention_-flea-bite-moist-eczema_dog-itching-000502_png_jpg.rf.54ba76149f6d39cd2a722481e11f155e.jpg,c2f75a00d4f438620bfb549826ca2267,1
train,Demodicosis,../datasets/feed/train/Demodicosis/1-63-_png_jpg.rf.8fa644ed9518b13adc73b78d62cc76e9.jpg,c2f9e3313cd4a0c4a6a71e2945e92f7a,0
valid,Dermatitis,../datasets/feed/valid/Dermatitis/1000010538_x16_jpg.rf.c1ce6f8070837bbfb8c44fa4cd003312.jpg,c307053ec271c860f863246c2aa0b34c,1
train,Demodicosis,../datasets/feed/train/Demodicosis/2024-05-13-162817_jpg.rf.21248a9ad5164d8b7001c21de8da9555.jpg,c309b17a88d1b5714833e6f262a94194,0
train,Healthy,../datasets/feed/train/Healthy/images-29_jpg.rf.ffae223582200700088276853688f53c.jpg,c32798a83f59a0c5dbbf2d8ffebe4ece,3
train,Demodicosis,../datasets/feed/train/Demodicosis/2024-05-13-134336_2_jpg.rf.c920529d96825233b75067486b88653f.jpg,c335bb1311f74f6cc6a782a557eb3b5c,0
valid,Ringworm,../datasets/feed/valid/Ringworm/WIN_20240514_17_29_44_Pro_jpg.rf.7972ddbdad90d807651fff8a85cb149c.jpg,c3487bcdf81512ff6eaf8ed35fa1c2d4,5
train,Healthy,../datasets/feed/train/Healthy/Image_15_jpg.rf.9ab337fd8a61c51e447650efa138d090.jpg,c34c7b40580d41d4f26815fd05ec242d,3
train,Dermatitis,../datasets/feed/train/Dermatitis/Thank-you-all-for-your-support_00001_jpg.rf.34d677ae6f14c09dcc21c0326406fcb6.jpg,c364248b6628c36153b3ef849988eb9c,1
train,Dermatitis,../datasets/feed/train/Dermatitis/hotspot-11-_jpg.rf.c50ab0a5c5a89b32633ac2b019bf4a75.jpg,c37de869cac32f472d71fe2bac5e217a,1
valid,Ringworm,../datasets/feed/valid/Ringworm/ringworm-150-_jpg.rf.4499a588d4901a6bdcb0330917d5b079.jpg,c37e71d94d8ad99595727b8011d5661e,5
valid,Fungal Infections,../datasets/feed/valid/Fungal Infections/pic44_jpg.rf.25d55daf9dbcab2105345ca926b4b68d.jpg,c37fae1bfcc71014be92db8f9a65b6f0,2
train,Ringworm,../datasets/feed/train/Ringworm/ringworm-71-_jpg.rf.2dccc9c4164937cd720579428f0551db.jpg,c39791deb517dcf2cad1db86378bcdeb,5
train,Hypersensitivity,../datasets/feed/train/Hypersensitivity/Hypersensitivity_image_1_jpg.rf.6733bfa49567d072f5196bd715f9751e.jpg,c3a78813821e1381ba4004acdbdabfbf,4
train,Ringworm,../datasets/feed/train/Ringworm/R14_png_jpg.rf.d69ba0707f577b5d3df80690aab7a1eb.jpg,c3aa8ceaea3ac7bca9c9a90c76c66849,5
train,Ringworm,../datasets/feed/train/Ringworm/ringworm-136-_jpg.rf.dcf257d098942fb8890e1760cdea4561.jpg,c3cc5628c34fd4cc113a7a74ba577d22,5
train,Fungal Infections,../datasets/feed/train/Fungal Infections/FUNGAL-INFECTION_019_jpg.rf.c610bd1a0a21ccf20393b10bb4959906.jpg,c3dd347b6cfa8645d6c44242ca12b84e,2
train,Ringworm,../datasets/feed/train/Ringworm/WIN_20240514_17_28_54_Pro_jpg.rf.fe197689fe248a04bc47f98ce418f627.jpg,c405c120b4a28cce465a7e7b0ed116cc,5
train,Ringworm,../datasets/feed/train/Ringworm/ringworm-63-_jpg.rf.cf5ece36e65e46b55a8512409580cd9e.jpg,c4121fdfba5fd48b1604b22c6081958e,5
valid,Ringworm,../datasets/feed/valid/Ringworm/ringworm-145-_jpg.rf.da357f8d8d2a6af3d3cf8659c1807b3c.jpg,c4353d33f66a8208f9d6a122c0adc3ba,5
train,Ringworm,../datasets/feed/train/Ringworm/R51_png_jpg.rf.0135d2f32f8496f5426015fa4f9187e5.jpg,c44969ecf1a851a13cabea155c1a1109,5
train,Ringworm,../datasets/feed/train/Ringworm/ringworm-16-_jpg.rf.785a6a40019f55e9c218d19d7bc5789d.jpg,c45750280f36573e88a4c14022da5cd6,5
train,Healthy,../datasets/feed/train/Healthy/pic12_jpg.rf.74696d6ff70feef1c348cb344c211352.jpg,c4578d7ef745679b8182f825f7f7899d,3
train,Healthy,../datasets/feed/train/Healthy/dogs_151_jpg.rf.99d34930c97447fb79d45bfcc7c9faa5.jpg,c45cac1005c5431e6ea56a1bec60ed20,3
train,Healthy,../datasets/feed/train/Healthy/dogs_040_jpg.rf.f75c886ad42a7f318602dd6756bb842b.jpg,c4604e03fe6edbfa5f3b02c0ff2e1b56,3
train,Dermatitis,../datasets/feed/train/Dermatitis/hotspot-95-_jpg.rf.0e7e0bb9472ee070a33312d8aab4c0be.jpg,c460ebc2634f09b619b4a9f17de0c7c2,1
train,Hypersensitivity,../datasets/feed/train/Hypersensitivity/Hypersensitivity_2_jpg.rf.6a88cb5b2be74c27087637c559aceebc.jpg,c49dc297ce981fcc949002d8a19f489d,4
train,Healthy,../datasets/feed/train/Healthy/HEALTHY_035_jpg.rf.6af5f001d9403608e163281e02b5f119.jpg,c4a4222da1f7b0218e100a8b7778321f,3
valid,Dermatitis,../datasets/feed/valid/Dermatitis/hot-spots-suck_00076_jpg.rf.2d51c0afbbe47a9b718e0be5429f3834.jpg,c4aaf0d99319652042b5e1d2703ef9bc,1
train,Dermatitis,../datasets/feed/train/Dermatitis/Reply-to-don-t-let-your-dog-suffer-in-silence_00009_jpg.rf.d342b873ccf78f0094c12de2c6b4fee2.jpg,c4c3abd0eb9a57d7072f627a274c0f78,1
valid,Ringworm,../datasets/feed/valid/Ringworm/WIN_20240514_17_28_21_Pro_jpg.rf.5b89e564242a8a0a61e3cad7bc39dff7.jpg,c4c65349d9063d639567ba97bd312054,5
valid,Demodicosis,../datasets/feed/valid/Demodicosis/IMG_5146_jpeg_jpg.rf.02b0769a0e64059d27a98431fb640feb.jpg,c4cbe90cac817168334b5caa022b6b21,0
train,Ringworm,../datasets/feed/train/Ringworm/1000010581_x16_jpg.rf.f67492add501c36416c165d1fea34eb2.jpg,c4e31dcfa8e110b1c62ac6f04780d83f,5
valid,Demodicosis,../datasets/feed/valid/Demodicosis/1-18-_png_jpg.rf.803dcf8f7ac046ac520dda037cae1134.jpg,c4ec3c83667685f3652c8b83e6a361cd,0
valid,Healthy,../datasets/feed/valid/Healthy/dogs_056_jpg.rf.b9d026c4e3dcc57a74a769c03739f2ef.jpg,c4f75e72c1a8dd171af042cce6eb3ff0,3
train,Ringworm,../datasets/feed/train/Ringworm/WIN_20240514_17_33_59_Pro_jpg.rf.3fc70def4ff93042e20007df834800e7.jpg,c510bb5ed455d855ef6b832801dc05ca,5
train,Ringworm,../datasets/feed/train/Ringworm/ringworm-93-_jpg.rf.fd978f58affd1815cae48f52a3a5d377.jpg,c518a5f012039139e7ceb59f31c360d1,5
train,Demodicosis,../datasets/feed/train/Demodicosis/D126_png_jpg.rf.7b302553e6089229d69a4b984c25136b.jpg,c52f5311b9afbdcf8d3886145a8f9d96,0
train,Dermatitis,../datasets/feed/train/Dermatitis/IMG_4525_jpg.rf.6b1780baa87af7d4c26f6f1abb2caa7c.jpg,c541535f3e56012bb955977e19162446,1
train,Fungal Infections,../datasets/feed/train/Fungal Infections/pic9_jpg.rf.84962aee42ba594b3a1712430bf0ffbc.jpg,c54ea1e04a83cce94489b94c121ce384,2
train,Demodicosis,../datasets/feed/train/Demodicosis/scabies_90_png_jpg.rf.13de19938b79307553f9680694774dd5.jpg,c583db4543b374dab672300abaa24d93,0
train,Ringworm,../datasets/feed/train/Ringworm/WIN_20240514_17_40_50_Pro_jpg.rf.41eaae9755646058055c83a9ada47986.jpg,c58753cbcaf3abff7c35c4712798bfc1,5
train,Fungal Infections,../datasets/feed/train/Fungal Infections/1154_jpg.rf.ee5c80d670d8f198ffd52c3862554b39.jpg,c595a3c30a5474d9854245c8cea9dee8,2
train,Hypersensitivity,../datasets/feed/train/Hypersensitivity/B9781416056638000070_f007-005-9781416056638_jpg.rf.9864ad42e52e1f05670ffdcb6a3f5cde.jpg,c59da07e734a5912a243598d35fa8ba5,4
train,Hypersensitivity,../datasets/feed/train/Hypersensitivity/B9781416056638000070_f007-038-9781416056638_jpg.rf.6b52eac3a0d024e437af618de36fdc2e.jpg,c5cf84e27a018f314ddcff8d89856005,4
train,Ringworm,../datasets/feed/train/Ringworm/WIN_20240514_17_26_59_Pro_jpg.rf.130398e658dd684334d4c60bf43ea538.jpg,c5d3eda8ae4333c3d0c3f3e32c0cc2e2,5
train,Ringworm,../datasets/feed/train/Ringworm/R42_png_jpg.rf.240ca51cfedad0db2bb518a53f8b0256.jpg,c6109058862970e6f41719fbe74c7d76,5
train,Ringworm,../datasets/feed/train/Ringworm/ringworm-53-_jpg.rf.1b8cae4a721e82545c0b9ebba06dfeb9.jpg,c6117521f53ed9a968ce074b78b3daad,5
valid,Ringworm,../datasets/feed/valid/Ringworm/ringworm-42-_jpg.rf.0848b6439160f8bb8a77dd89fafdbe3d.jpg,c61a4304e8da46179b199ae27f0d572d,5
train,Demodicosis,../datasets/feed/train/Demodicosis/D126_png_jpg.rf.2a5e3a604359bff12665712801848de0.jpg,c61f5b220908fccf839f68093051cdf3,0
train,Fungal Infections,../datasets/feed/train/Fungal Infections/1134_jpg.rf.a6cee23080556a6b6072e82807a162a2.jpg,c63efa54f63b7d1979dd15a53adce958,2
valid,Healthy,../datasets/feed/valid/Healthy/dogs_032_jpg.rf.c25393a9d4eaa4224e80affd23de1ed7.jpg,c64dd866f5b78f51efea2477e3ba2092,3
train,Ringworm,../datasets/feed/train/Ringworm/WIN_20240514_17_38_28_Pro_jpg.rf.4e24f837afd7ca054174dcb4b519f30c.jpg,c6559168779cab494ebd396393e38193,5
train,Dermatitis,../datasets/feed/train/Dermatitis/May-is-allergy-awareness-month-here-at-The-Shot-Spot_00529_jpg.rf.17dd594a438164f482788293ddce5749.jpg,c66a1eba1c1a14438135d064316f1699,1
train,Demodicosis,../datasets/feed/train/Demodicosis/IMG_5265_jpeg_jpg.rf.4381a786a12ddc5246096c9222179c62.jpg,c6793e18aaf2cec4795f8059a7be152c,0
train,Ringworm,../datasets/feed/train/Ringworm/R23_png_jpg.rf.e84a59d519f797e00235b7cd44914df0.jpg,c68e5ce635e263cade9976f46c3ae31d,5
train,Ringworm,../datasets/feed/train/Ringworm/R51_png_jpg.rf.8457e08fae7b38724c1d960ac34cc334.jpg,c6941a75d737a1e138d2df9aca29fa73,5
valid,Ringworm,../datasets/feed/valid/Ringworm/R48_png_jpg.rf.6cb38143f389e8b102c6d3197f0f0aac.jpg,c6a57d03970b3149aee4f6a141f77f07,5
train,Demodicosis,../datasets/feed/train/Demodicosis/2024-05-13-162105_jpg.rf.f8d12bfca9d6ff5a44369c3ec86a26a1.jpg,c6a8975637483e11d2c659b5ec9f10d1,0
train,Fungal Infections,../datasets/feed/train/Fungal Infections/pic4_jpg.rf.7a266dbf7e880311d2656bee37dc3d21.jpg,c6ecdcb2159ef0e7492b8876cf4f26e2,2
valid,Demodicosis,../datasets/feed/valid/Demodicosis/1-42-_png_jpg.rf.218bf01fca74e7daed459d7106a5ea15.jpg,c717fc75c83c3502e7b44825ffedb68e,0
train,Dermatitis,../datasets/feed/train/Dermatitis/IMG_4525_jpg.rf.7bebe508779f9d8a27e787f732789bff.jpg,c71dcda8e5cbef131490722eeafe4313,1
train,Fungal Infections,../datasets/feed/train/Fungal Infections/Fungal_2_jpg.rf.3436802744b2f7029b033ea284c7c93b.jpg,c71ddb0aa3b6454d8468d783b691ebfe,2
train,Hypersensitivity,../datasets/feed/train/Hypersensitivity/Hypersensitivity_image_1_jpg.rf.ab5db9d36b62f0d98679704ea41442bb.jpg,c74ce9aa2cf7b00509b62773ad5c5266,4
train,Fungal Infections,../datasets/feed/train/Fungal Infections/Fungal_Image_1_jpg.rf.16af82a64a0bf930ace2eff0a5f93e0c.jpg,c76212689f8d0eee0d1e11ced443422d,2
valid,Demodicosis,../datasets/feed/valid/Demodicosis/2024-05-13-133920_2_jpg.rf.777739bf66546d74863f5f4cda6ca5df.jpg,c775cd33fcec725ba346c7024f12014f,0
valid,Demodicosis,../datasets/feed/valid/Demodicosis/scabies_126_png_jpg.rf.97e4d752cc55b79233989f6561e62276.jpg,c77db9d6bfdefa099f6bd846f3a0e20e,0
train,Hypersensitivity,../datasets/feed/train/Hypersensitivity/Hypersensitivity_1_jpg.rf.e114a0389bccf32421caa836201a4d9c.jpg,c7ab4e524adb008f4b496ca154e39a1a,4
valid,Dermatitis,../datasets/feed/valid/Dermatitis/HOT-SPOT-IN-DOG-HOW-vet-treated-symptom-prevention_-flea-bite-moist-eczema_dog-itching-000148_png_jpg.rf.2ea067f7475172916730c9887b0510e3.jpg,c7c06f6b4e82fbbe82f71e134099a2cc,1
train,Ringworm,../datasets/feed/train/Ringworm/R53_png_jpg.rf.1d486ca944069c0bf2f21f61d359bf3d.jpg,c7cf3084d0c575948a49d583946ab85c,5
train,Ringworm,../datasets/feed/train/Ringworm/436725491_1153113969442923_7349901947606592211_n_jpg.rf.cca6ed103d01c37d89e41450eb6d8ae2.jpg,c7d59f4a589db830aaafc052c6594636,5
train,Ringworm,../datasets/feed/train/Ringworm/WIN_20240514_17_26_36_Pro_jpg.rf.1add27c85c16302407187866632a9fde.jpg,c7da0189fb6925c27311f4670cb58ffb,5
train,Demodicosis,../datasets/feed/train/Demodicosis/D133_png_jpg.rf.7a49f03e8ab79fe1fd38ef38e8a4f3fd.jpg,c7e404a4ad0ecd8a4b29e7c8590190ea,0
train,Fungal Infections,../datasets/feed/train/Fungal Infections/pic10_jpg.rf.52119ea6bc7856cf16ce63c51cdfe86b.jpg,c7eff6ce070b4f96928dd1d82ac0aa3e,2
train,Fungal Infections,../datasets/feed/train/Fungal Infections/FUNGAL-INFECTION_064_jpg.rf.b9bf48edc1403c81d3e815057dfbc7ed.jpg,c7f825bc64d3b1601ed50602ff2eab92,2
train,Healthy,../datasets/feed/train/Healthy/HEALTHY_014_jpg.rf.ca0a3ca03c1de2aa49db0d6fa0d05f34.jpg,c805199c296ffb54f358c7e8fab536e4,3
train,Dermatitis,../datasets/feed/train/Dermatitis/HOT-SPOT-IN-DOG-HOW-vet-treated-symptom-prevention_-flea-bite-moist-eczema_dog-itching-000360_png_jpg.rf.1c74b414967b3d649c5a83fb0572d952.jpg,c814ac94240c521a786dc9c5af829cfb,1
train,Ringworm,../datasets/feed/train/Ringworm/WIN_20240514_17_34_49_Pro_jpg.rf.7a782afd02f25a419285e3b8585bf5de.jpg,c825e8805976f3af754d4b7c1b17abde,5
valid,Demodicosis,../datasets/feed/valid/Demodicosis/2024-05-13-133853_2_jpg.rf.a8c8637160a0d18ecb99985690957de3.jpg,c82f30702920b5568162d4cb36ccfcb2,0
train,Dermatitis,../datasets/feed/train/Dermatitis/May-is-allergy-awareness-month-here-at-The-Shot-Spot_00028_jpg.rf.98ce5458721e197188f6351ef625fbc2.jpg,c82f7ca18ae00d9034711818fb5ac136,1
train,Dermatitis,../datasets/feed/train/Dermatitis/May-is-allergy-awareness-month-here-at-The-Shot-Spot_01363_jpg.rf.cdd7b13bfff6dd489e93a405f5cebc49.jpg,c858c13013fe4e2689bc132aaf7f5a29,1
valid,Hypersensitivity,../datasets/feed/valid/Hypersensitivity/B9781416056638000070_f007-009-9781416056638_jpg.rf.b0a9be0bed8780ff1ad4b2fba0e0154d.jpg,c8700e5b49874d53c58631cd93d633f9,4
train,Dermatitis,../datasets/feed/train/Dermatitis/depositphotos_278064588-stock-photo-selective-focus-dermatitis-disease-dog_jpg.rf.751ea2c3f2bca9ffcf2040a026986749.jpg,c87508589293aec386e446a87a68daf3,1
train,Healthy,../datasets/feed/train/Healthy/Image_10_jpeg_jpg.rf.33ee9f8dd5e6a40dee2162209bb9cc1f.jpg,c87a475994ffe90f8e60effaffb09321,3
valid,Fungal Infections,../datasets/feed/valid/Fungal Infections/fungal2_jpg.rf.520d3b59758ffb42cba8c82cdc6d4807.jpg,c880cb096d439973f55c50e27b698928,2
train,Dermatitis,../datasets/feed/train/Dermatitis/HOT-SPOT-IN-DOG-HOW-vet-treated-symptom-prevention_-flea-bite-moist-eczema_dog-itching-000475_png_jpg.rf.b6875ac3ee87545926f06bd0f36d0dc1.jpg,c8a9c875a7155adf5152f8d12af69f78,1
train,Fungal Infections,../datasets/feed/train/Fungal Infections/FUNGAL-INFECTION_026_jpg.rf.0f2e5f3658c73d41d768e7f902241651.jpg,c8cab10a7da4eb1f6adfb666489e237d,2
valid,Dermatitis,../datasets/feed/valid/Dermatitis/Hot-Spot-on-_Chance_-How-to-treat-a-dog-that-you-can_t-touch_-000612_png_jpg.rf.5ed00aebadd1092c840936c113dfe7d5.jpg,c8dc409fcd101153b86ed87e8f254cbb,1
train,Fungal Infections,../datasets/feed/train/Fungal Infections/fung5_jpg.rf.37bc9e9f0cdac292fff884c78d5d8b74.jpg,c8e44f8ee6144d8b21c653521eb5dd29,2
train,Ringworm,../datasets/feed/train/Ringworm/1000010503_x16_jpg.rf.b6266edf75db7d4a700e346e473ca6a9.jpg,c8e55dd4543096b1dc01ea079902519f,5
train,Demodicosis,../datasets/feed/train/Demodicosis/2024-05-13-161645_jpg.rf.83671cf94a5da3baa51a053fd7b5b334.jpg,c912350ee495461825440e2bdff12e2b,0
train,Ringworm,../datasets/feed/train/Ringworm/WIN_20240514_17_33_27_Pro_jpg.rf.3659f945ed3696a1fd4b95feeda0c2c4.jpg,c91254cde7dd01a9db86400517b88dbe,5
valid,Fungal Infections,../datasets/feed/valid/Fungal Infections/Fungal1_png_jpg.rf.9b18452c41b564168042f87a0e3d46c7.jpg,c91daeb320540225ee35a6874e7b16c0,2
valid,Demodicosis,../datasets/feed/valid/Demodicosis/IMG_5201_jpeg_jpg.rf.85781ff7206b1c934d323a3574c902dc.jpg,c933f25666f94ba60b05c0509e4d7fd5,0
train,Ringworm,../datasets/feed/train/Ringworm/436768273_980032929718301_6354120843627540406_n_jpg.rf.7649bec0b402954fee870007fa6f4c2a.jpg,c950f5f871ad9ab0e12026c62bddbdb2,5
train,Ringworm,../datasets/feed/train/Ringworm/ringworm-132-_jpg.rf.50dee1153bcba65e56c6296c33362a1e.jpg,c951df3ae4a870a856fdca4d7668bce1,5
valid,Demodicosis,../datasets/feed/valid/Demodicosis/D133_png_jpg.rf.acc073ef9c4971d971eaacc645296ac1.jpg,c96534f07f737e73001dc2f516e508f9,0
train,Ringworm,../datasets/feed/train/Ringworm/NEWR15_jpeg_jpg.rf.5bec93c91b2e5ffeff0b3f10019f9dc1.jpg,c969166b069670e1209e7f30422eb260,5
train,Ringworm,../datasets/feed/train/Ringworm/ringworm-122-_jpg.rf.b125ba0521a5dfb5973f81981530328f.jpg,c96c509513970f3bc40b1889feb74e56,5
train,Demodicosis,../datasets/feed/train/Demodicosis/IMG_5319_jpeg_jpg.rf.7b09ae7ce8ca9ec24cabe06dd96e3984.jpg,c96df85e20dc694f4aff6eb609ab7e37,0
valid,Demodicosis,../datasets/feed/valid/Demodicosis/2024-05-13-165037_jpg.rf.d752d94ae54782e01131a101617b56b2.jpg,c990f20fb106230eac0f1f3e7f44d517,0
train,Dermatitis,../datasets/feed/train/Dermatitis/1000010648_x16_jpg.rf.3fe44b9d31082516188d85917752bc2b.jpg,c9a32d86a4f94dc95f7e12a4d5806dcd,1
train,Demodicosis,../datasets/feed/train/Demodicosis/1-16-_png_jpg.rf.c23c02ac75cc472984fbf6f8385c16a5.jpg,c9adf0d3959b855226ea54413f36230f,0
train,Healthy,../datasets/feed/train/Healthy/dogs_275_jpg.rf.b19635b47a2168b7a7c91e8fad8113a0.jpg,c9e3ab9599ee96757d90e15cf042e07b,3
train,Demodicosis,../datasets/feed/train/Demodicosis/P22_png_jpg.rf.32c13228a23e9967c5e7d44b5b413b42.jpg,c9fbed2f60f4fcf4f14b0a96a95ef8d7,0
valid,Dermatitis,../datasets/feed/valid/Dermatitis/HOT-SPOT-IN-DOG-HOW-vet-treated-symptom-prevention_-flea-bite-moist-eczema_dog-itching-000459_png_jpg.rf.5b18eb4af0966303f5e549379215daec.jpg,c9fcd1289317929a846cb8960b017144,1
train,Ringworm,../datasets/feed/train/Ringworm/278372566_1115287789314455_1249966033354804477_n_jpg.rf.7b5675d4578636b04486563d882537d3.jpg,ca2ee2e45e9810909c48e210c00d19e0,5
train,Dermatitis,../datasets/feed/train/Dermatitis/hotspot-108-_jpg.rf.c267d073f6e1270b91694470984ac1af.jpg,ca3b01a2a667aedcd6a6d0dc70d447bb,1
train,Healthy,../datasets/feed/train/Healthy/dogs_169_jpg.rf.fd9a1635b2be60b75d28a292514d3353.jpg,ca4ad20f45718ae956fc1feca682a455,3
train,Fungal Infections,../datasets/feed/train/Fungal Infections/Fungal2_png_jpg.rf.472ee8923e30751a8ab478af2a0370f8.jpg,ca64c6ea717ce7251be2a040ea73bb1d,2
train,Healthy,../datasets/feed/train/Healthy/HEALTHY_046_jpg.rf.b2fa0a6f0e4f3ed0dcc27b6043ac924d.jpg,ca77cab8ec4c767d58ff3c29bdc86882,3
train,Demodicosis,../datasets/feed/train/Demodicosis/IMG_5172_jpeg_jpg.rf.192e9ff92284c2b9b08682467ecf330b.jpg,ca997acd5a34f5a0ea61a044ab65b8b5,0
valid,Healthy,../datasets/feed/valid/Healthy/dogs_099_jpg.rf.d2f333f0ec7b9a6af8651c670698efe1.jpg,cab193faf2193988009d743bc432ec19,3
train,Dermatitis,../datasets/feed/train/Dermatitis/May-is-allergy-awareness-month-here-at-The-Shot-Spot_01654_jpg.rf.9d688d74e9876ba243097aadcec2d839.jpg,cabf61fd713ada23b0446e8c8f90ba2a,1
train,Healthy,../datasets/feed/train/Healthy/dogs_120_jpg.rf.4d18bf83113ad6476e240a10d4af122b.jpg,cad0f705021ab18aaea08f4613100f32,3
train,Demodicosis,../datasets/feed/train/Demodicosis/2024-05-13-161645_jpg.rf.13982564b38ceeaa1aef05f0fc68ef55.jpg,cad733a49ab1ed8d395c29843836a4f9,0
valid,Ringworm,../datasets/feed/valid/Ringworm/ringworm-34-_jpg.rf.9c5f3a82d9e688f89642401faa0cf734.jpg,cad7c5a4a8b8c17db74a0b987cbdf312,5
train,Hypersensitivity,../datasets/feed/train/Hypersensitivity/1861_jpg.rf.2e39222faa55c35a88fed4899ccfefec.jpg,caedf6e1d3eed94db4739ba9c05f108f,4
valid,Ringworm,../datasets/feed/valid/Ringworm/ringworm-17-_jpg.rf.fcfd6e9ff2c6ea51368e5449fb87c46b.jpg,caf7b1e9326417f0bb37879f58e5f6a9,5
valid,Hypersensitivity,../datasets/feed/valid/Hypersensitivity/B9781416056638000070_f007-006-9781416056638_jpg.rf.c952b944b4b022b0cdf2e7b1567462ee.jpg,cafc490d89991961e557900a32052c17,4
train,Demodicosis,../datasets/feed/train/Demodicosis/1-3-_jpg.rf.039ccea01b468097dbec8cc06de6b4f5.jpg,cb06cbedeb69e0b464c0df02187424e8,0
train,Fungal Infections,../datasets/feed/train/Fungal Infections/1672_jpg.rf.219451041cf15eccb7d1d1e24a50cb85.jpg,cb157272a1d8646e4cfd190ff430e664,2
train,Dermatitis,../datasets/feed/train/Dermatitis/pic2_jpg.rf.a5a4220eeb5180a7580ec77ab62d5527.jpg,cb212c594ec55af359df411f327b2542,1
train,Demodicosis,../datasets/feed/train/Demodicosis/2024-05-13-133332_2_jpg.rf.42ac02c32fb4d0f1929ab75163a34cc0.jpg,cb30fc4125a163a8f7a381120cfbdb2a,0
train,Healthy,../datasets/feed/train/Healthy/HEALTHY_057_jpg.rf.0b70878e8b415cb0698d7e9793c3eaad.jpg,cb357209987316bb202f10318e682259,3
train,Demodicosis,../datasets/feed/train/Demodicosis/2024-05-13-164346_1_jpg.rf.2b7d07d157c174bcaf4cda3d99a7378f.jpg,cb3e0f60bff32377c47dcb82616795d4,0
valid,Dermatitis,../datasets/feed/valid/Dermatitis/hotspot-110-_jpg.rf.47ae5c004128f0140a400149e3a93465.jpg,cb4ba8ffa403d4e1cdb4aafbf02978a9,1
train,Dermatitis,../datasets/feed/train/Dermatitis/hotspot-74-_jpg.rf.ac6821f3463a99f6d18544ea73fc9fa1.jpg,cb52c27e83d1c5645cccc79f5d23a928,1
valid,Ringworm,../datasets/feed/valid/Ringworm/ringworm-135-_jpg.rf.13518b14408462b41c639db6469acb90.jpg,cb5edd3619da436b12dbdd434b758238,5
valid,Fungal Infections,../datasets/feed/valid/Fungal Infections/Fungal3_png_jpg.rf.bddd8e4c31200006e1052c7ba7a25d8b.jpg,cb5f3d6ef63e37ca13c2e2f2b436290b,2
valid,Demodicosis,../datasets/feed/valid/Demodicosis/1-13-_png_jpg.rf.aa1c28cde8225048d929583a3adbe169.jpg,cb828971f0c8edcafeacf07ba0fc1d3e,0
train,Ringworm,../datasets/feed/train/Ringworm/436815977_459940293272172_9180748049987512532_n_jpg.rf.fe6920d1c5bf6e2208206b6366e0760c.jpg,cb87d6af06c97c7d604bfcd88b19f540,5
train,Healthy,../datasets/feed/train/Healthy/dogs_150_jpg.rf.8410736a47d707682ba9f9846271b0d1.jpg,cbc63db92bb3138a439f21d39d3af307,3
train,Ringworm,../datasets/feed/train/Ringworm/8097D5C3-C6C2-43C2-B1B7-566A25D1DF08_jpeg_jpg.rf.39a0d9c56056ffd949ac9520d76a0f38.jpg,cbcf045c657da488b605935aac02e574,5
train,Dermatitis,../datasets/feed/train/Dermatitis/bacterial-infection-pustules-ri-livinga-2-300x300_jpg.rf.d1fea8eba19f7976a25a7b88cabf74a8.jpg,cbd35202624eee1f303e02d869dea89d,1
train,Healthy,../datasets/feed/train/Healthy/images-25_jpg.rf.d475beba4e1d8b8a06ad07a71c212c0c.jpg,cbe5a9f039075d1d13e00fcf6fb64444,3
train,Healthy,../datasets/feed/train/Healthy/dogs_154_jpg.rf.db58f6ba38f4adf0394658b48e637e46.jpg,cbedebda4f80e31cc10b38bc5b38fc4c,3
train,Ringworm,../datasets/feed/train/Ringworm/ringworm-148-_jpg.rf.70cd16eceb372a296c28ce77dc47d0fc.jpg,cc053e48b3f210a59b4df29c8c561615,5
train,Fungal Infections,../datasets/feed/train/Fungal Infections/FUNGAL-INFECTION_061_jpg.rf.d536773ea36d09be2d3b468496738580.jpg,cc0dd1bbba4af3919df65ac1bf2c900c,2
train,Fungal Infections,../datasets/feed/train/Fungal Infections/Fungal_2_jpg.rf.e4ac3de0e91ac7f2c824c563cf66ebbb.jpg,cc1757f9307c20eba76a410ea223d60b,2
train,Fungal Infections,../datasets/feed/train/Fungal Infections/FUNGAL-INFECTION_025_jpg.rf.6bf82e952c980b350c5f6f8864c4e95a.jpg,cc1ea18d7b85ce1b9d5063ee4346c68c,2
train,Demodicosis,../datasets/feed/train/Demodicosis/P17_png_jpg.rf.f8eb010cb040899cf75c378a14c0dbe8.jpg,cc22b9c27f66de9200c0cd411ac21861,0
train,Healthy,../datasets/feed/train/Healthy/HEALTHY_052_jpg.rf.87f56da5e1ed51174f57bb67cc7b1b26.jpg,cc2886c50d90a435616a29e4d0191a2a,3
train,Ringworm,../datasets/feed/train/Ringworm/NEWR49_png_jpg.rf.e9a173a7e9958942ce393ca805e750ce.jpg,cc352a6551eaf8c54f345a6d5cec8760,5
train,Healthy,../datasets/feed/train/Healthy/Image_9_jpg.rf.1f1a0648c08adc76c6e0e6838cf55535.jpg,cc485e678b744e7a72783554a07f6d14,3
train,Ringworm,../datasets/feed/train/Ringworm/69869142_2813720881974689_7556977064478244864_n_jpg.rf.e086db43e822fb7f3d1048a604c96d55.jpg,cc52878095aa30c86e8849c3d0dac5f7,5
train,Dermatitis,../datasets/feed/train/Dermatitis/May-is-allergy-awareness-month-here-at-The-Shot-Spot_02251_jpg.rf.6b228d684308cdc045adfd1dbbe9fb17.jpg,cc70ab12cfaf168d7776fd7d96de0c98,1
valid,Hypersensitivity,../datasets/feed/valid/Hypersensitivity/B9781416056638000070_f007-019-9781416056638_jpg.rf.f28e73bdf47b7660e3280f91d1381701.jpg,cc7d216a294ddae319e4e60572879fc9,4
train,Dermatitis,../datasets/feed/train/Dermatitis/hotspot-47-_jpg.rf.c41532a7f01ed6ae67b86503087f1c14.jpg,cc80224711c4b84cebe57d3150838926,1
train,Healthy,../datasets/feed/train/Healthy/pic68_jpg.rf.238c0476bc2399f7c2037f0302c55f65.jpg,cc803511166d3576a734bffe6c9c5d70,3
train,Dermatitis,../datasets/feed/train/Dermatitis/May-is-allergy-awareness-month-here-at-The-Shot-Spot_00550_jpg.rf.ce81f7262a137da99598ba680657e3d7.jpg,cc828fa87b890dd54386a723c8475caf,1
train,Demodicosis,../datasets/feed/train/Demodicosis/scabies_136_png_jpg.rf.a7dbc5ba54a7b6f3b7f655f87889ebe3.jpg,cc8e612c47abba144257eec69b9e4996,0
valid,Demodicosis,../datasets/feed/valid/Demodicosis/1-12-_jpg.rf.cbaac57e5b7dd0de92f1628608b00cbd.jpg,ccace5ec070b772b9b645fc9fe983340,0
train,Fungal Infections,../datasets/feed/train/Fungal Infections/FUNGAL-INFECTION_029_jpg.rf.137b1bdfb5e012f06a805c3a7953528e.jpg,ccccf3bc5a68db5666e537d6afd2f229,2
train,Demodicosis,../datasets/feed/train/Demodicosis/IMG_5217_jpeg_jpg.rf.844ded275935c4c9e296c47f26733004.jpg,ccd3451d99c4ebe57782bf33ed1ffd7d,0
train,Healthy,../datasets/feed/train/Healthy/HEALTHY_008_jpg.rf.a1e7e399c33ba369e61a7ab4ad0c76e0.jpg,cce181eef0da939ab5ad0fa027a458f3,3
valid,Demodicosis,../datasets/feed/valid/Demodicosis/P2_png_jpg.rf.ba174974ac9035e10a600d3c868a850e.jpg,ccedc28e507e7129beeb2a6c2aa54394,0
valid,Healthy,../datasets/feed/valid/Healthy/images-31_jpg.rf.47c5885c7cbd805de69117f017ca0279.jpg,ccf2a2f26482cc874f82974467a8b587,3
valid,Healthy,../datasets/feed/valid/Healthy/dogs_271_jpg.rf.881b98f0844308d365304fecf47390a4.jpg,cd04f0bfc39e56542252b36737e129c5,3
train,Ringworm,../datasets/feed/train/Ringworm/ringworm-101-_jpg.rf.2a1dd73e326a355c5db7eadb24e42807.jpg,cd0c459e5063d77f18b9d50803d4d50f,5
valid,Ringworm,../datasets/feed/valid/Ringworm/ringworm-3-_jpg.rf.49170be06d2cf5aadeca9786bd00f33a.jpg,cd1340c96a95c1279afeb7ce49c52060,5
valid,Demodicosis,../datasets/feed/valid/Demodicosis/1-53-_png_jpg.rf.fe0b0eef3c370f8fc25878671eb4554a.jpg,cd135f441793f8ca98df6afe4541bde7,0
train,Ringworm,../datasets/feed/train/Ringworm/ringworm-158-_jpg.rf.c09fa30bdf43fbb2e746a52777102f7e.jpg,cd18742f013fd2dd908a0a38e4a38c60,5
train,Dermatitis,../datasets/feed/train/Dermatitis/1000010751_x16_jpg.rf.90d26fcfd46aaa0b44ce9f86b35e17cc.jpg,cd2668c6eb37622ffffbad120eb10dd1,1
train,Healthy,../datasets/feed/train/Healthy/HEALTHY_008_jpg.rf.93f636ff26d30d20c1f05b6529eecd0f.jpg,cd3aed7d213c427e5c3b11008dcebcb5,3
valid,Hypersensitivity,../datasets/feed/valid/Hypersensitivity/23_jpg.rf.6767a05604669c2fdac63776957b0e3d.jpg,cd7bf1ca616ce06b1ffd98c7e5547c16,4
valid,Healthy,../datasets/feed/valid/Healthy/f802524f531f43dfb211392071de17e6_jpg.rf.eddc09476309f4ab95701491bf09613f.jpg,cd7d0dcc8aa8a2747dfe52bc04039d54,3
train,Fungal Infections,../datasets/feed/train/Fungal Infections/pic77_jpg.rf.e3d036ea9d7c72e4863bf9e590ae8f31.jpg,cd9bae475355af725fbce53c7cd10ed9,2
train,Demodicosis,../datasets/feed/train/Demodicosis/2024-05-13-165649_jpg.rf.fb2a8b2005ab8c774d67f649e7b933ea.jpg,cdbff3c3e1136a299432b69d6544ad14,0
valid,Demodicosis,../datasets/feed/valid/Demodicosis/2024-05-13-161803_jpg.rf.fb94a4b0569d6afa59a507ba2bcd4bde.jpg,ce0582583d5ff431d45b62977b51cdcf,0
train,Ringworm,../datasets/feed/train/Ringworm/R13_png_jpg.rf.0b27389fecdf9c9c941c6411792659eb.jpg,ce0779098adde3279a8f76b05a395a85,5
train,Dermatitis,../datasets/feed/train/Dermatitis/Bacteria3_png_jpg.rf.20cc58c24a13f545c95a27555f63d7e5.jpg,ce0947324bdf60ab4cd53e65b17c016a,1
valid,Dermatitis,../datasets/feed/valid/Dermatitis/62521167_2293314700920873_300162319286009856_n_jpg.rf.4a1987c3e794ee1326cdea3a0636e765.jpg,ce1444ca4436d8cd24cdd2f35016a871,1
train,Demodicosis,../datasets/feed/train/Demodicosis/1-25-_png_jpg.rf.b8f6a7850b54c36c98a7f6c98b3f289f.jpg,ce18b978ecbce13c583819b3386f5f33,0
valid,Demodicosis,../datasets/feed/valid/Demodicosis/2024-05-13-134130_2_jpg.rf.940e5c4be09c8a24ca27d65239f009d9.jpg,ce23df196ecf111a8d7061e6ed7021de,0
train,Ringworm,../datasets/feed/train/Ringworm/R8_png_jpg.rf.3b6b4a6afc09fcf80d7365810091f1d2.jpg,ce2fdaa5faf94226b60563e8237b178d,5
train,Dermatitis,../datasets/feed/train/Dermatitis/black-spots-infection-191861127511_jpg.rf.83912f44adce81bdcd65c855d61a640c.jpg,ce35eaef8a0947a4808bd8c3067353b5,1
valid,Dermatitis,../datasets/feed/valid/Dermatitis/HOT-SPOT-IN-DOG-HOW-vet-treated-symptom-prevention_-flea-bite-moist-eczema_dog-itching-000467_png_jpg.rf.0249b6bde510fb32120365db4661251d.jpg,ce5269ff998b7315b5ae61e02279926a,1
train,Ringworm,../datasets/feed/train/Ringworm/436660568_816714827062296_2603836073731005890_n_jpg.rf.922d9c54194ae125d400ba5edbfff1c5.jpg,ce5ddad6dd8f7c211b01611c50235b85,5
train,Ringworm,../datasets/feed/train/Ringworm/WIN_20240514_17_26_41_Pro-2-_jpg.rf.b7f68415dde07a1a6199b697d6ec6bd1.jpg,ce72b83cd7474f3846e3618fbe1d78a8,5
train,Ringworm,../datasets/feed/train/Ringworm/R46_png_jpg.rf.36e179afa172fed190ead824fd748503.jpg,ce7c8b28dfed974384176b41b521bcb7,5
train,Dermatitis,../datasets/feed/train/Dermatitis/atopic_dermatitis_4935_3_600_jpg.rf.34a0478fc7b86f5fe29da940ad13e3e5.jpg,ce85128ddf47b7b49dda9a5fb755546d,1
train,Ringworm,../datasets/feed/train/Ringworm/R21_png_jpg.rf.ae65a7ad6b06c45fae4ab724733d5d8d.jpg,ce91535011e200f7a7cb474bc3391729,5
train,Demodicosis,../datasets/feed/train/Demodicosis/D108_png_jpg.rf.44a956f5d4d3cca0dbc0974440dd640b.jpg,ce9b4d2523fdbe42290a2a76b539e33d,0
train,Ringworm,../datasets/feed/train/Ringworm/1000010501_x4_jpg.rf.084fc7774bd2579ebbe58a6c0322f932.jpg,ceb6c25ae4f74b99ea39f1e0e7d3dd45,5
train,Ringworm,../datasets/feed/train/Ringworm/436886639_984826669663928_3052914574866382434_n_jpg.rf.c8c06d593906bc78f0116ecc88af8ff4.jpg,cebc40b2a0c69d62404c74d392a7f84d,5
train,Ringworm,../datasets/feed/train/Ringworm/ringworm-119-_jpg.rf.ad0ef9224cb4b426d98022740815ae79.jpg,cee2dbb951f11a5888151001dfc8dcae,5
train,Healthy,../datasets/feed/train/Healthy/536_jpg.rf.517a4fa0e9ae7451058e2812e33165a1.jpg,cee48cc0e5852fda39c9138e67047bdb,3
train,Demodicosis,../datasets/feed/train/Demodicosis/2024-05-13-162013_2_jpg.rf.9b8ad19b24214add40237973c5c60664.jpg,cef143cf619953052192f713c813220f,0
train,Demodicosis,../datasets/feed/train/Demodicosis/1-58-_png_jpg.rf.92f228f8c0ccfed50284db40dd9a7dcc.jpg,ceff230afa520353b8a57d90b4aa04c0,0
train,Ringworm,../datasets/feed/train/Ringworm/WIN_20240514_17_43_16_Pro_jpg.rf.f343617649335921d6bbbedb1e94e1dc.jpg,cf08466efc2b3984ca6400cbe3710555,5
train,Ringworm,../datasets/feed/train/Ringworm/436859036_407429032244109_5180510937797219633_n_jpg.rf.d7d808b2b27b6e10850655fbbfda4637.jpg,cf0ab9f70f8498d9c1361e8a8fadd0ca,5
train,Ringworm,../datasets/feed/train/Ringworm/WIN_20240514_17_29_33_Pro-2-_jpg.rf.36347b05eab05eadf1ecf9f4ace23580.jpg,cf15b487ea0a6b97000840f21b9fdb16,5
valid,Fungal Infections,../datasets/feed/valid/Fungal Infections/pic17_jpg.rf.6776a0e3b7fbb4a95739e4ecae3febd8.jpg,cf3f823b96c6869ddbb0d2c8129030b8,2
train,Ringworm,../datasets/feed/train/Ringworm/ringworm-158-_jpg.rf.644f5e872d98cf72a1a87de58b3f3cee.jpg,cf515e97e513b225e24d1e7b8c957f4b,5
train,Demodicosis,../datasets/feed/train/Demodicosis/D105_png_jpg.rf.90dacb3603d5ca4f5c4324254c5e5a8d.jpg,cf55e6c51aa0a984204930deb8973dd4,0
train,Fungal Infections,../datasets/feed/train/Fungal Infections/1672_jpg.rf.2791a2e35375aa3c180bc230762b3501.jpg,cf62310017e3c6d4466c3db5d600435c,2
train,Dermatitis,../datasets/feed/train/Dermatitis/hot-spots-suck_00064_jpg.rf.82f300329831cd04424e60695bd81fbd.jpg,cf72c209c5985fa8f054e550406da3b7,1
train,Healthy,../datasets/feed/train/Healthy/Best-Dog-Collar-for-Sensitive-Skin-review_jpg.rf.d3d99996bc2589d76af7d5524d696422.jpg,cfac0c41c18d789857f7f2f71657fa22,3
train,Dermatitis,../datasets/feed/train/Dermatitis/1000010551_x16_jpg.rf.ffeb4af9e9e03c158d9c58a017d81ef6.jpg,cfdbb3b746de8d91d819e78d1018b17d,1
train,Demodicosis,../datasets/feed/train/Demodicosis/scabies_121_png_jpg.rf.984237c8822c0de1dc122839d287acfe.jpg,cfe3b0e9f4a052dae5b73b73d84b699c,0
valid,Ringworm,../datasets/feed/valid/Ringworm/R36_png_jpg.rf.b5a6e896d07a483ba2889fe6dafaa7eb.jpg,cfe5f0ba62ed5396b1034fcc4a591ac1,5
train,Fungal Infections,../datasets/feed/train/Fungal Infections/FUNGAL-INFECTION_021_jpg.rf.3da36a7481a3dd72243393ad2e355d9f.jpg,cfec49e99674d6e558d169b580cf0b02,2
train,Hypersensitivity,../datasets/feed/train/Hypersensitivity/B9781416056638000070_f007-028-9781416056638_jpg.rf.dadbb2d78dd6e3e9b434c1d1f6b70589.jpg,d00373697d171a3b98e22b611d43068a,4
valid,Dermatitis,../datasets/feed/valid/Dermatitis/Bacterial_Image_2_jpg.rf.86d874470a1a2e629cf49fbcd3cf2b31.jpg,d0284acda2917500342e76f1ac111879,1
train,Demodicosis,../datasets/feed/train/Demodicosis/IMG_5201_jpeg_jpg.rf.2a6f9d14dc71e4875ecd6ee63bbbc53c.jpg,d038623ce74081ea22b750b248bc55fe,0
train,Dermatitis,../datasets/feed/train/Dermatitis/HOT-SPOT-IN-DOG-HOW-vet-treated-symptom-prevention_-flea-bite-moist-eczema_dog-itching-000487_png_jpg.rf.c96899d5199174bea79a70e5f4be3a74.jpg,d0441bf76a0d9d3c63fb8a9325738a06,1
train,Ringworm,../datasets/feed/train/Ringworm/NEWR37-1-_png_jpg.rf.fd6dbb1a17371564259a39bf61b17d01.jpg,d05f2d0a861f66882d66bd7ce002757c,5
train,Ringworm,../datasets/feed/train/Ringworm/ringworm-27-_jpg.rf.e668ed7e9abd1bcc188ddca09d5a7f78.jpg,d07210be00d517ab4ce385f9a76adf29,5
valid,Dermatitis,../datasets/feed/valid/Dermatitis/May-is-allergy-awareness-month-here-at-The-Shot-Spot_01654_jpg.rf.7305052a4c020fdee7f2d2471122766d.jpg,d08d11c470ee8a06253b020f884b5910,1
train,Healthy,../datasets/feed/train/Healthy/images-8_jpg.rf.75905cbfef723b25864d2077fa2cffa0.jpg,d08d1cf2f8aab43a74ebfa870f0b68c5,3
train,Dermatitis,../datasets/feed/train/Dermatitis/May-is-allergy-awareness-month-here-at-The-Shot-Spot_00031_jpg.rf.85d7bddb976492851a1c68507bad8ecb.jpg,d09be740f1d76fe6a69d3dc8a836b274,1
train,Healthy,../datasets/feed/train/Healthy/dogs_160_jpg.rf.a94c3d93de245ed4f6d480e4e9507328.jpg,d09d67bc9873cd828b8a77258468986c,3
train,Fungal Infections,../datasets/feed/train/Fungal Infections/pic45_jpg.rf.8d272962ea139f2e1c7cfb59a1ded0c1.jpg,d0a44126233f8ec6d9701dd73a3cb96c,2
train,Dermatitis,../datasets/feed/train/Dermatitis/folliculitis-two-spiegel_jpg.rf.cf076de994383d8b91b0939f87c2327d.jpg,d0ab7986609e87ed7979ffacb0a33630,1
train,Hypersensitivity,../datasets/feed/train/Hypersensitivity/12_jpg.rf.7803fa484a855ab54f3bba1fbe004659.jpg,d0ac0557793e6dfde8f881d44b776f5f,4
train,Dermatitis,../datasets/feed/train/Dermatitis/1000010639_x16_jpg.rf.c96a63296fd24495aba80217ec91a615.jpg,d0b024df7aafa196118f75606d974791,1
train,Demodicosis,../datasets/feed/train/Demodicosis/1-2-_png_jpg.rf.134c8ef898e542e394afd5571e915a22.jpg,d0cb7520e582ef5eebb0d07627506ebd,0
valid,Dermatitis,../datasets/feed/valid/Dermatitis/1000010733_x4_jpg.rf.b884361fa247c0a37b952dcf5c84ede8.jpg,d0d9f6cd504f0dd2652365c4740d01c1,1
valid,Fungal Infections,../datasets/feed/valid/Fungal Infections/Fungal1_png_jpg.rf.b6bdac23bcbe81213bed656a794ee96f.jpg,d0fba6eec2ae1c3fc59e5bce08af7416,2
train,Dermatitis,../datasets/feed/train/Dermatitis/Owners-usually-don-t-get-a-good-vote-of-just-how-big-hotspots_00445_jpg.rf.30403d901f294bc1bcb8c069d4cea28b.jpg,d107054959c0d7c8560cbe9251a38738,1
train,Ringworm,../datasets/feed/train/Ringworm/NEWR52_jpeg_jpg.rf.0621f20dec285d65d7bba4147ef30c24.jpg,d1522f54aa235b64a3cd35678fc83861,5
valid,Dermatitis,../datasets/feed/valid/Dermatitis/May-is-allergy-awareness-month-here-at-The-Shot-Spot_00046_jpg.rf.540b95c56d25c43c9e5e70aebc7718b6.jpg,d17d3eeb237a9b1825df7c30de10a87e,1
valid,Dermatitis,../datasets/feed/valid/Dermatitis/1000010774_x4_jpg.rf.a60513cfc5a46bc274ab2f864d579c3b.jpg,d1828411055fdbd73f8f54ee6e91d7ba,1
train,Ringworm,../datasets/feed/train/Ringworm/WIN_20240514_17_30_23_Pro_jpg.rf.ef4a73c6e29ee3d9965b25cf1376dc65.jpg,d18c132dc6f99632ffa005d2b5145d16,5
train,Dermatitis,../datasets/feed/train/Dermatitis/May-is-allergy-awareness-month-here-at-The-Shot-Spot_00130_jpg.rf.b4a8040528aedd574d1d738cf85c4362.jpg,d1b091d7955311649092b41813e14c42,1
valid,Dermatitis,../datasets/feed/valid/Dermatitis/HOT-SPOT-IN-DOG-HOW-vet-treated-symptom-prevention_-flea-bite-moist-eczema_dog-itching-000478_png_jpg.rf.0ae9284e37aaed2386f04bb6ec5a67a1.jpg,d1bd6c2d63c9b68b09a9eeaa27a8640c,1
valid,Fungal Infections,../datasets/feed/valid/Fungal Infections/FUNGAL-INFECTION_007_jpg.rf.d63e0bba18abb53d8b73eabfbc0353f6.jpg,d1d09f6033c97ba6e616ec02d550f813,2
train,Dermatitis,../datasets/feed/train/Dermatitis/hotspot-69-_jpg.rf.c37ed8953ae7a5fd4bf5b34dff3af18a.jpg,d1e4bf0f402ef5f392dbf0ef7fcff874,1
train,Dermatitis,../datasets/feed/train/Dermatitis/May-is-allergy-awareness-month-here-at-The-Shot-Spot_02797_jpg.rf.cb7547ff557f6051d7e320166064cbb9.jpg,d1e59c248127d5deb7acc76ea389f7cd,1
train,Demodicosis,../datasets/feed/train/Demodicosis/2024-05-13-161705_jpg.rf.034f2917eabfcff4d00b261f936f3f15.jpg,d1f4de4c22d3d49f275d3cf7b7ec0ef6,0
valid,Healthy,../datasets/feed/valid/Healthy/Image_24_jpg.rf.b89093071ff1433e6670a409a2e92bc3.jpg,d20fa2c84903cb292fc0e9f9944d3edf,3
train,Ringworm,../datasets/feed/train/Ringworm/1000010541_x16_jpg.rf.e9f288730f19b31f14b7a9248a2927f0.jpg,d21befd518133a075425fa375440ea11,5
train,Demodicosis,../datasets/feed/train/Demodicosis/1-53-_png_jpg.rf.d5d8ff95c9db2c91725c990ad223b106.jpg,d21e50aeec7d0b7f020201db590751fe,0
train,Healthy,../datasets/feed/train/Healthy/dogs_106_jpg.rf.e1ab54a5c82d7059e59b75fb4664b1e4.jpg,d22662f60f3b6bf4bcd702da785cb2d1,3
train,Ringworm,../datasets/feed/train/Ringworm/hotspot-17-_jpg.rf.9bb0a003ba0a324ea87fec6e12f27e89.jpg,d23ea2e7313477b33d9e2b3cfc5c8051,5
train,Ringworm,../datasets/feed/train/Ringworm/R2_png_jpg.rf.98ee069e5424e0b89d30dc52f2eceda0.jpg,d24414b42fcedfa370788b470068102d,5
train,Demodicosis,../datasets/feed/train/Demodicosis/1-66-_png_jpg.rf.a16dd83df8a65b0dd418664da3e3ec64.jpg,d2556782c97820ab1392caf0dd50f8a6,0
train,Healthy,../datasets/feed/train/Healthy/dogs_008_jpg.rf.418b3a840570b504ea4e1042de9f8078.jpg,d289fdc500b9848911a9028c8f1d12ab,3
valid,Ringworm,../datasets/feed/valid/Ringworm/436725491_1153113969442923_7349901947606592211_n_jpg.rf.7a819f3ec49311d2a2344cdda0385e2e.jpg,d2bc18f93fa598ec6ed1b04ee06ec377,5
train,Ringworm,../datasets/feed/train/Ringworm/ringworm-44-_jpg.rf.cdf8a522b04f4409db509af378596819.jpg,d2c4fb95d5a6d8659874f4ed4b646904,5
train,Demodicosis,../datasets/feed/train/Demodicosis/2024-05-13-163616_jpg.rf.7bea142454274239b0e32248d966eabf.jpg,d2c7f894b18eb191498dd6c960081056,0
train,Ringworm,../datasets/feed/train/Ringworm/436827116_313204271618259_7494145659042912998_n_jpg.rf.b1fb26b41176668b6c55ebd8fde8ef6b.jpg,d30a5b0aacf8bc175d053473628ef993,5
train,Healthy,../datasets/feed/train/Healthy/80-2-_jpg.rf.198a2855be1ebf6d5fc81a505e09520e.jpg,d30aeb20f14bb10759f29e45f28b49ba,3
valid,Ringworm,../datasets/feed/valid/Ringworm/ringworm-2-_jpg.rf.a95aa642f33986fd214443a90bbaf697.jpg,d31ba8b7cbf98e0cb408e96dd7431601,5
train,Ringworm,../datasets/feed/train/Ringworm/436627664_402183386034908_3493737909200169023_n_jpg.rf.def03366ea00aca2fa9ec8d76628d98c.jpg,d328045673b8c12fe3988fe6ec59a535,5
valid,Dermatitis,../datasets/feed/valid/Dermatitis/May-is-allergy-awareness-month-here-at-The-Shot-Spot_02227_jpg.rf.315051470c313878e9b2db26a2327e4d.jpg,d33891c42308d875aea0e3d8a4520c8f,1
train,Dermatitis,../datasets/feed/train/Dermatitis/hotspot-101-_jpg.rf.0d3ace299d7b69f46e45d652753f841f.jpg,d350dfe0ea09920316c8c9edfecfda4a,1
train,Dermatitis,../datasets/feed/train/Dermatitis/May-is-allergy-awareness-month-here-at-The-Shot-Spot_00004_jpg.rf.edcffccae046f132a0f5bd7c1187fb70.jpg,d36192aae272e19bd8b3728bb56f1439,1
train,Ringworm,../datasets/feed/train/Ringworm/Day-4-of-ringworm-treatment_00341_jpg.rf.fd0a0464f8f430870b2bf9dcb3dbec07.jpg,d367a8142d2712398c76fefcc3c71635,5
train,Dermatitis,../datasets/feed/train/Dermatitis/May-is-allergy-awareness-month-here-at-The-Shot-Spot_00025_jpg.rf.62d155d9c745d0e3ca4df1766830d8a7.jpg,d36884e9b0eb377581b23422bec562d8,1
train,Demodicosis,../datasets/feed/train/Demodicosis/2024-05-13-134258_4_jpg.rf.6083fec31c1276ef0fff25aff6212658.jpg,d374e4a5b66c5bc5fbed43ef02b174d5,0
train,Healthy,../datasets/feed/train/Healthy/Image_2_jpg.rf.5f7f072d4df5b34c1f795cc8a8565868.jpg,d3751c7bf10ac0ce3cdf8418074037ac,3
train,Demodicosis,../datasets/feed/train/Demodicosis/2024-05-13-165349_jpg.rf.8b1f38e8ab036fcc7308fd3a1de21af7.jpg,d37ee8b8bd72d30c84c7d4c20a82d4a7,0
train,Ringworm,../datasets/feed/train/Ringworm/ringworm-87-_jpg.rf.b563a84a72d6b74f6cab321ea205c947.jpg,d3a044c4855fac09549b5de7eafa821a,5
train,Healthy,../datasets/feed/train/Healthy/dogs_154_jpg.rf.2c83d865ad40caead6eeb15f2c5d0b77.jpg,d3c87a4628e7ec3bb94e20398e021e38,3
train,Ringworm,../datasets/feed/train/Ringworm/436642085_969088174572761_2046691789216935979_n_jpg.rf.a0467e2a8834a62234cedfdb201099fe.jpg,d3ef3d8cb26ea1b0625822be5c309b7d,5
train,Healthy,../datasets/feed/train/Healthy/HEALTHY_002_jpg.rf.d7faf01493cf8842485432bc5b8bb3d2.jpg,d4058dba4eeffa30ca82345484d39b3e,3
train,Dermatitis,../datasets/feed/train/Dermatitis/bac2_jpg.rf.8c3362cb474e80fca0eccad9a3377bbd.jpg,d4354bc9dc34a18557de677e0bf9e875,1
valid,Healthy,../datasets/feed/valid/Healthy/071_jpg.rf.724ce80e25927217427dc39c552f9e25.jpg,d44b23c32d5f91bed84b90925a1b86f5,3
train,Fungal Infections,../datasets/feed/train/Fungal Infections/FUNGAL-INFECTION_005_png_jpg.rf.9d1080f1a503531df5f7bb86b9befe6b.jpg,d453a02e7c3b07656b0f919e4037651e,2
valid,Hypersensitivity,../datasets/feed/valid/Hypersensitivity/1668_jpg.rf.719ab8257fb3d58ed75ae318bb5fc711.jpg,d462d391d9ab5dbd500b1058bf644f5b,4
train,Fungal Infections,../datasets/feed/train/Fungal Infections/Fungal_Image_4_jpg.rf.ccc1b96a8a8e02e75608359cf006a1ec.jpg,d46a649294e0bf84980c4c565f9846ef,2
train,Healthy,../datasets/feed/train/Healthy/dogs_106_jpg.rf.1e929ed5d743673ced73175e89f393e5.jpg,d46cddf4f98a96322ec0cd6f73f4ceb8,3
train,Ringworm,../datasets/feed/train/Ringworm/ringworm-70-_jpg.rf.435d6d84b271b978b66ba9031423afeb.jpg,d46d0e935ab18290ed40684fc6d68a84,5
train,Demodicosis,../datasets/feed/train/Demodicosis/2024-05-13-161913_jpg.rf.4c52caccbc9d03b37bcb851b4962e319.jpg,d48e906309c55edbe7482d098c3ad5b9,0
valid,Ringworm,../datasets/feed/valid/Ringworm/WIN_20240514_17_42_05_Pro_jpg.rf.fcefc8466cd3cfa1b427ea417d060d1c.jpg,d4a398efccf968b0d04f39cbbfa4f84c,5
train,Demodicosis,../datasets/feed/train/Demodicosis/2024-05-13-163616_jpg.rf.167e59d8ebc4932474d05b645a97c28c.jpg,d4a6d9756d4699e7b9c860b3a7cd1b45,0
train,Hypersensitivity,../datasets/feed/train/Hypersensitivity/pic1_jpg.rf.5b365b08d5a6fb19a4abcd16e23b9167.jpg,d4d582c9eccc9e7aa16e3162258c5ede,4
train,Healthy,../datasets/feed/train/Healthy/dogs_030_jpg.rf.05a0cc59ca563bc1f04ac3de6625077c.jpg,d50d863fccd76ac745b967e5e29f4fea,3
train,Demodicosis,../datasets/feed/train/Demodicosis/scabies_114_png_jpg.rf.d9778e90299ce97795c9170591e7ff9c.jpg,d51ffc2f509350232427017dc23f9d2e,0
valid,Fungal Infections,../datasets/feed/valid/Fungal Infections/fung2_jpg.rf.65c9240267e80f1fd870c8d894287724.jpg,d534ffe703a8408f9b0135c4f20dfd3b,2
train,Ringworm,../datasets/feed/train/Ringworm/ringworm-147-_jpg.rf.36a6ae04b24025db0b5d44c6ff93d41e.jpg,d54608c41fc3e30c452fd0e000c139b7,5
train,Healthy,../datasets/feed/train/Healthy/dogs_007_jpg.rf.d34956e3dbd3c5335ffdeeef5c41b8ae.jpg,d55e39ab02d6fadde825afc055319549,3
train,Demodicosis,../datasets/feed/train/Demodicosis/2024-05-13-164224_4_jpg.rf.b29e6accd95a12c664e86485265d2518.jpg,d57a375c1456562463a48aae19dc3146,0
train,Dermatitis,../datasets/feed/train/Dermatitis/HOT-SPOT-IN-DOG-HOW-vet-treated-symptom-prevention_-flea-bite-moist-eczema_dog-itching-000485_png_jpg.rf.bf904d2fd390c60bee52335165420f27.jpg,d5913c18c49f5387face22016e8abf75,1
train,Dermatitis,../datasets/feed/train/Dermatitis/May-is-allergy-awareness-month-here-at-The-Shot-Spot_02227_jpg.rf.c4aa7f60664a011af0def317a78a296f.jpg,d5af0d485b23fc746623d7333ae1e8dc,1
train,Healthy,../datasets/feed/train/Healthy/dogs_125_jpg.rf.9b095f9bf4996d641c077d8a084071df.jpg,d5b02280cd5b65bbf8e1686a61a9a6ea,3
train,Ringworm,../datasets/feed/train/Ringworm/WIN_20240514_17_26_56_Pro_jpg.rf.e7904140e77588b8b7bc7854461909d3.jpg,d5b0a2f114241674f61ec2be0d3db989,5
train,Demodicosis,../datasets/feed/train/Demodicosis/1-39-_png_jpg.rf.9fed3b77222b06a779f34cff8ac4dce6.jpg,d5b68aa733936f6eacc70e6832632299,0
train,Healthy,../datasets/feed/train/Healthy/dogs_211_jpg.rf.8b10d2744b02d3b54d2d1ecd031422cd.jpg,d5d0d31f19863e2a53266b09aba4fd59,3
valid,Ringworm,../datasets/feed/valid/Ringworm/ringworm-62-_jpg.rf.7d2d8f4fcc5f9bdce9498dae0d6a962b.jpg,d5d42e2fa47cf062b2aa38ab09780a26,5
train,Ringworm,../datasets/feed/train/Ringworm/ringworm-33-_jpg.rf.8a14fa9de5973b0c2a499ef9b3064d60.jpg,d5e6bd7955d42ae34a4630e315e443d5,5
train,Healthy,../datasets/feed/train/Healthy/dogs_149_jpg.rf.1146b7d28616cb1e0e72611831bf471a.jpg,d5eb4304d9c20c7a28bf79c2797f4b84,3
train,Ringworm,../datasets/feed/train/Ringworm/ringworm-22-_jpg.rf.3f9aa3f981425b7246ed24bc96d0f319.jpg,d6057dcd2cadaa3f4dd19a2e724bbd49,5
train,Fungal Infections,../datasets/feed/train/Fungal Infections/Fungal_2_jpg.rf.c2a51939c2f4f9b81aa7a587f24eb417.jpg,d6206a9c1dc9e5772897fe291ba0e90c,2
train,Fungal Infections,../datasets/feed/train/Fungal Infections/FUNGAL-INFECTION_066_jpg.rf.78ce41bc4c0b366457bd24b2b36a05a9.jpg,d62eabaf1161beb4a51c167521be0368,2
valid,Ringworm,../datasets/feed/valid/Ringworm/WIN_20240514_17_43_24_Pro_jpg.rf.5fd0aeb84de888dc5ca64bbabf72570c.jpg,d62fbabcfcc990af87c1165c731e1cba,5
train,Fungal Infections,../datasets/feed/train/Fungal Infections/FUNGAL-INFECTION_042_jpg.rf.fcaa7123fb72561bee11f394c644eb63.jpg,d66045cdd321759ee2627453aa68ada4,2
train,Demodicosis,../datasets/feed/train/Demodicosis/IMG_5160_jpeg_jpg.rf.aa88650540249a4faadca616f40da47f.jpg,d66952c09f85bb7e6995f10c19b51687,0
train,Fungal Infections,../datasets/feed/train/Fungal Infections/Fungal_Image_4_jpg.rf.fabca6b1cd8364445ea9b1082683ab27.jpg,d67b746afeb307de9351494877faf960,2
train,Fungal Infections,../datasets/feed/train/Fungal Infections/fung4_jpg.rf.5fa6fa6eb3211408072c2b4044704a80.jpg,d67fc46d17d0ad431837f8fbb4958362,2
train,Healthy,../datasets/feed/train/Healthy/HEALTHY_027_jpg.rf.2b74b2b104b78cc92db1021e6558bb4d.jpg,d6a1ed4de23f5a78d035b7a27ecc2841,3
train,Fungal Infections,../datasets/feed/train/Fungal Infections/FUNGAL-INFECTION_014_jpg.rf.219dc18e91826f938881249a861162be.jpg,d6a500cee816042b6431327a8d4f7411,2
valid,Healthy,../datasets/feed/valid/Healthy/HEALTHY_032_jpg.rf.f52f139d9a59fb0ac5725a79740c6c92.jpg,d6b1cbc6d7c3266da883ee433c7c9f31,3
train,Ringworm,../datasets/feed/train/Ringworm/R41_png_jpg.rf.6848e3add2bca43a61c2a4ca77a4328d.jpg,d6cdd4d7733988f41ea32bac75a9e3e6,5
train,Healthy,../datasets/feed/train/Healthy/HEALTHY_044_jpg.rf.b9a03759280b81d852e8669dd7de5317.jpg,d6e1ab6e5613e3c8d5ca3d8dfa908b2b,3
valid,Demodicosis,../datasets/feed/valid/Demodicosis/scabies_113_png_jpg.rf.411afb9180237013a43f10ea3c0f44fb.jpg,d713b4590e1f831b70a60f04f223b74f,0
train,Dermatitis,../datasets/feed/train/Dermatitis/HOT-SPOT-IN-DOG-HOW-vet-treated-symptom-prevention_-flea-bite-moist-eczema_dog-itching-000458_png_jpg.rf.d28c91ba82e6e8d5a110ab9a283507a4.jpg,d72416990c644e7e1d37fab84d2db557,1
train,Hypersensitivity,../datasets/feed/train/Hypersensitivity/1209_jpg.rf.d62348eede57e54a5508a6c49651e556.jpg,d7250dc6ac48474ef00cca0b55bd531d,4
train,Hypersensitivity,../datasets/feed/train/Hypersensitivity/B9781416056638000070_f007-025-9781416056638_jpg.rf.e16c8e47673de4ca98e84716df071dc6.jpg,d7456c330d87e2a0f576a5a790987882,4
valid,Ringworm,../datasets/feed/valid/Ringworm/ringworm-93-_jpg.rf.c3345b852aae6ea72b493e53034fd6fd.jpg,d74716c5990f26d99ab19a7077157e73,5
train,Ringworm,../datasets/feed/train/Ringworm/ringworm-151-_jpg.rf.78b1728b72542ee259009f95474cda78.jpg,d747f329d76dbd23e32a85f37984bbe4,5
train,Healthy,../datasets/feed/train/Healthy/Image_18_jpg.rf.237a8c178457176802cd8f01dcd69a5c.jpg,d7522b055aa7e892aaafbf392982e59d,3
train,Dermatitis,../datasets/feed/train/Dermatitis/May-is-allergy-awareness-month-here-at-The-Shot-Spot_01447_jpg.rf.713b7460870ba8793f308462502c14d5.jpg,d75269ce17c6402a389914e5dbd72feb,1
valid,Ringworm,../datasets/feed/valid/Ringworm/1000010534_x16_jpg.rf.fa25fd612d479f458275391c0f224eb1.jpg,d7537499f1afd528141e2e41fb39383d,5
train,Demodicosis,../datasets/feed/train/Demodicosis/2024-05-13-161705_jpg.rf.52929cda4c0881bc86c64cd725f209b7.jpg,d75bff69c014b43f3da9afecd7f96f01,0
train,Dermatitis,../datasets/feed/train/Dermatitis/1000010733_x4_jpg.rf.a0ae0691123a0ef3c0085c623f730696.jpg,d75ccb0efe0503e400e075999764a5d3,1
train,Healthy,../datasets/feed/train/Healthy/dogs_044_jpg.rf.d34c21e76f097bb36343613b43e8011b.jpg,d7901f5dbc80a6f815203bba4ab1efb6,3
train,Demodicosis,../datasets/feed/train/Demodicosis/IMG_5302_jpeg_jpg.rf.6ceacf8cb0a689a89550b2288aff1c13.jpg,d7c2569e17109f5415894e25180b3092,0
valid,Dermatitis,../datasets/feed/valid/Dermatitis/Hot-Spot-on-_Chance_-How-to-treat-a-dog-that-you-can_t-touch_-000626_png_jpg.rf.ce703623360d9cb9c67bce7a5c5c7aff.jpg,d7d4c2ee1d1ecda23b23683faf9623bf,1
valid,Ringworm,../datasets/feed/valid/Ringworm/WIN_20240514_17_29_24_Pro_jpg.rf.3ba18fc421cf48dc3066377fb57b1df4.jpg,d7d804a74ca3e8bcc8a40e97f7a79740,5
train,Dermatitis,../datasets/feed/train/Dermatitis/HOT-SPOT-IN-DOG-HOW-vet-treated-symptom-prevention_-flea-bite-moist-eczema_dog-itching-000358_png_jpg.rf.c1b0345bce1be857a03a9ddb6404d9e9.jpg,d7fe077287779a27b2a073f3b27047db,1
valid,Hypersensitivity,../datasets/feed/valid/Hypersensitivity/hs2_jpg.rf.fe54264c941d9256a932ecd6c49210b9.jpg,d83362ddd0899e5af5e5e98065aed89b,4
train,Dermatitis,../datasets/feed/train/Dermatitis/hot-spots-suck_00316_jpg.rf.5db961bb1567b62cfa9ecbf556482719.jpg,d864c5a1c81dc2af62a4e899f583cd50,1
train,Dermatitis,../datasets/feed/train/Dermatitis/May-is-allergy-awareness-month-here-at-The-Shot-Spot_00526_jpg.rf.a2e87f83f411ea0f23a89adf4bd4920f.jpg,d873a37ec41b075daa56c8f089508934,1
train,Demodicosis,../datasets/feed/train/Demodicosis/1-69-_png_jpg.rf.f01017bbe956e28888269eb39a9af705.jpg,d89277e15b4d1533829ad9fa4ea79cac,0
train,Demodicosis,../datasets/feed/train/Demodicosis/IMG_5189_jpeg_jpg.rf.e762f7d97458aa55223f1dbba9944758.jpg,d8a90db8ba2af20cf7622e7d24d30432,0
train,Demodicosis,../datasets/feed/train/Demodicosis/1-27-_png_jpg.rf.3ce8dfd5a894d6d2dbe9a98d9632031b.jpg,d8a992af0af3b6e0e9bb78a4c92819a3,0
train,Ringworm,../datasets/feed/train/Ringworm/ringworm-59-_jpg.rf.716466709091a10f482b6a98a4af1bdf.jpg,d8b9051bc2f3e5c402e8ec79cfcaac9c,5
train,Healthy,../datasets/feed/train/Healthy/dogs_119_jpg.rf.463b3366de4370db6f4f6c91924fb096.jpg,d8c0cb1894aa8c1228d9bb0dd903480d,3
train,Demodicosis,../datasets/feed/train/Demodicosis/P52_jpg.rf.86dbf99c370e0683bbc884c2f109d78d.jpg,d8c599c879b4e15d6d2a58d4bdab3b75,0
train,Healthy,../datasets/feed/train/Healthy/HEALTHY_039_jpg.rf.6ec5d9720275ea3822fd8d8d6d86aab4.jpg,d8c77d315c47737973fed6415cb1a443,3
valid,Fungal Infections,../datasets/feed/valid/Fungal Infections/FUNGAL-INFECTION_067_jpg.rf.6b5fffe6d2ec3bbc05abcbb1d8e37918.jpg,d8c9c12f4bd6a1b65d16b6874d5b313b,2
valid,Fungal Infections,../datasets/feed/valid/Fungal Infections/FUNGAL-INFECTION_006_jpg.rf.06d72a96efbf56ebb93b2e781f7a2949.jpg,d8e7871b687c2819803f279c4d76f8ff,2
valid,Demodicosis,../datasets/feed/valid/Demodicosis/IMG_5226_jpeg_jpg.rf.0cd0fd7a33de1d4dabe209262b40842e.jpg,d900a823537b8d04e2a384e0e3489f6c,0
train,Healthy,../datasets/feed/train/Healthy/HEALTHY_025_jpg.rf.bda66a4063e0a99859df5391ea7c3dcd.jpg,d903d0a99065033ad11c1b605ad9c2d3,3
valid,Healthy,../datasets/feed/valid/Healthy/dogs_148_jpg.rf.f3bd67ac8a9ed80aeb692d90c01852a4.jpg,d90ae511fac25667a0ca5bd11aa1b31a,3
train,Demodicosis,../datasets/feed/train/Demodicosis/IMG_5191_jpeg_jpg.rf.c0b849e170b7ea20f5badb1b93351821.jpg,d92427ae8eefeb4ba8ff39fdc4c744be,0
train,Demodicosis,../datasets/feed/train/Demodicosis/2024-05-13-134023_1_jpg.rf.256ffc56795fec45940d676660f107c3.jpg,d939f94d7c11d0eb5e8df9f4a12c2bfb,0
valid,Demodicosis,../datasets/feed/valid/Demodicosis/IMG_5158_jpeg_jpg.rf.be85a24a3d0b63dc676e4573bb901aac.jpg,d986ad4b0bd22ed2768f99482fe60b82,0
train,Fungal Infections,../datasets/feed/train/Fungal Infections/Fungal_2_jpg.rf.8539902104440972b452ad5d4425e7f5.jpg,d98e76adfcea22a92cabe73f946f5211,2
train,Demodicosis,../datasets/feed/train/Demodicosis/P28_png_jpg.rf.f72a05e140c116e501aa224a024e457f.jpg,d9a5ff87c173fb9db8d823ba267bd344,0
train,Ringworm,../datasets/feed/train/Ringworm/ringworm-105-_jpg.rf.5be53b8bf0754fb414f1308cc95da2a7.jpg,d9a84b3eb93a061886d80b926c97e72c,5
train,Hypersensitivity,../datasets/feed/train/Hypersensitivity/23_jpg.rf.390bb9f827e7983cc81400aeed2c8dbe.jpg,d9b09ec0c99a66d0c78d4b88be2f9471,4
train,Healthy,../datasets/feed/train/Healthy/dogs_130_jpg.rf.f2e35592697bd18ed89a20d2a93f4d2d.jpg,d9c43d3204715f1b7f8b16f7ec651b3c,3
valid,Dermatitis,../datasets/feed/valid/Dermatitis/mange-38-_jpg.rf.ce4e5937abe3a9f3cd14caacff5a6754.jpg,d9c6efb635cd867ed00b78a88b1409c8,1
train,Ringworm,../datasets/feed/train/Ringworm/NEWR36_png_jpg.rf.f080c9071e34c3d084406f13d8fb5b41.jpg,d9fd685ef67974043d7d945fd43616a8,5
valid,Fungal Infections,../datasets/feed/valid/Fungal Infections/Fungal1_png_jpg.rf.ed87455cb11c4e717d68f94c0b0bac95.jpg,da0fc31554f7bb462fb0372e20bc83d4,2
train,Ringworm,../datasets/feed/train/Ringworm/R3_png_jpg.rf.9652a087cfe4099f5d36456ab5cf4d16.jpg,da723897df58f936a1db13162423dd5a,5
train,Demodicosis,../datasets/feed/train/Demodicosis/P37_png_jpg.rf.e51a03fbbc046f11ef9d27296e29fbb9.jpg,da899a361bc6b14a4e10ddddd44f8eca,0
train,Fungal Infections,../datasets/feed/train/Fungal Infections/fungal1_jpg.rf.a49dd07b364205f6ad82abd16ab3c24c.jpg,da8c6c9a1a8a06dd0d58f37deed3892b,2
train,Ringworm,../datasets/feed/train/Ringworm/NEWR57_jpeg_jpg.rf.10008cca9f2de07fdd4c652d85a61043.jpg,daa0d8e370a2180a2792c5e469f459c1,5
train,Hypersensitivity,../datasets/feed/train/Hypersensitivity/Hypersensitivity_image_1_jpg.rf.f5f2ad40c45e57a59b2ebd214baf94d2.jpg,dab19e1851000309274f20a6247333e7,4
valid,Dermatitis,../datasets/feed/valid/Dermatitis/HOT-SPOT-IN-DOG-HOW-vet-treated-symptom-prevention_-flea-bite-moist-eczema_dog-itching-000497_png_jpg.rf.f3b30b95855c5cfe297d76c3f9f3f64b.jpg,dad58c3d1df46582473cdb45c671c05e,1
train,Hypersensitivity,../datasets/feed/train/Hypersensitivity/1011_jpg.rf.67454b7588ec5d9b9cb5371632486ac5.jpg,dae828c22f2548e754e266cd985d9ffe,4
train,Demodicosis,../datasets/feed/train/Demodicosis/P4_png_jpg.rf.3156ff684cc6e7233cde734914fb7855.jpg,daed9fa6a6a661ca50e13e44c75a922b,0
train,Dermatitis,../datasets/feed/train/Dermatitis/HOT-SPOT-IN-DOG-HOW-vet-treated-symptom-prevention_-flea-bite-moist-eczema_dog-itching-000152_png_jpg.rf.1588f13aa741440f81b9b55feb7392e6.jpg,daef278ca3987ec6fa30fad7291134ab,1
train,Ringworm,../datasets/feed/train/Ringworm/WIN_20240514_17_38_15_Pro_jpg.rf.1e6f44910bc75ae104b4e57cf5e109aa.jpg,daf980d41ab7cf92484b743e955d94e0,5
train,Hypersensitivity,../datasets/feed/train/Hypersensitivity/1400_jpg.rf.3da2e10e5ebfa49de017df56a1fb59ab.jpg,db0b1dc6bbd4de3c8befc5607aea08b8,4
train,Ringworm,../datasets/feed/train/Ringworm/R49_png_jpg.rf.b843542725b820c3def4383b397e0bf3.jpg,db0eb194f45ff9ae631831b8d5750a8f,5
train,Ringworm,../datasets/feed/train/Ringworm/ringworm-137-_jpg.rf.bc9e67baa8caac51cb51807288345f5a.jpg,db25c95b72b4d0b6e7832c0a01cc18d9,5
train,Healthy,../datasets/feed/train/Healthy/076_jpg.rf.c1b994f5ce034f1287ed111e0304dafe.jpg,db2f6b85539b8ff4516ef4db25f3cfef,3
valid,Ringworm,../datasets/feed/valid/Ringworm/ringworm-23-_jpg.rf.95b6011a8d3bfdc6383bd31f96ddf8e8.jpg,db40d3788342c918c4597d0aa5e1f4d1,5
train,Fungal Infections,../datasets/feed/train/Fungal Infections/fungal3_jpg.rf.77cdcdb0e726b1f02a237755d73b921b.jpg,db41bbfff086e341445a5c82040b411c,2
train,Healthy,../datasets/feed/train/Healthy/pic32_jpg.rf.a015e7ee20fd16dabdc0fba1cc63d60b.jpg,db6a173bca71cca2e98d6b24293f7eb8,3
train,Healthy,../datasets/feed/train/Healthy/dogs_148_jpg.rf.ccf2551296608a34a7d0da9ff89ab5f0.jpg,db7db0232634aad79cbb0a756140e768,3
train,Healthy,../datasets/feed/train/Healthy/dogs_136_jpg.rf.af8f1c0cb6639d165d8341c120a64f9c.jpg,db804a099bb9f6109bc08d6bd74380c5,3
train,Ringworm,../datasets/feed/train/Ringworm/1000010642_x16_jpg.rf.18af7a426918fa1b3636fa934b2c18f9.jpg,db98ebfa5120506e751ba284821782fe,5
train,Demodicosis,../datasets/feed/train/Demodicosis/IMG_5161_jpeg_jpg.rf.b420134a065c9f52535c0c8432adc4da.jpg,dba511ddcc93a86fc35faf7f1fd7286f,0
train,Dermatitis,../datasets/feed/train/Dermatitis/hotspot-33-_jpg.rf.1c451563c272584a6b580e36dec4c9bd.jpg,dba7771ae604adfbcc40eb5a017a151f,1
train,Demodicosis,../datasets/feed/train/Demodicosis/1-40-_png_jpg.rf.b92c61cb63581511488b1c7f03e20c3d.jpg,dbb1cb16b8b7f5c7f00d4d871e0de576,0
train,Fungal Infections,../datasets/feed/train/Fungal Infections/pic88_jpg.rf.d764387dcdef77be718484ffb8912f4e.jpg,dbb3ffea7efb86e2e984d98ffbc55413,2
train,Ringworm,../datasets/feed/train/Ringworm/ringworm-132-_jpg.rf.b145c923c71702516b2a127e5e2d5013.jpg,dbbfe4117384915c7c4920dc61877a61,5
valid,Fungal Infections,../datasets/feed/valid/Fungal Infections/FUNGAL-INFECTION_022_jpg.rf.6b1b61da25fb3dd3f08eea55b7607793.jpg,dbc0b11d21e8366b1913a16115afe4f4,2
train,Fungal Infections,../datasets/feed/train/Fungal Infections/FUNGAL-INFECTION_039_jpg.rf.c95b3aeb0e497e147765d83655dfb440.jpg,dbc66d4434a80225b087e3fda7b5b379,2
train,Ringworm,../datasets/feed/train/Ringworm/R10_png_jpg.rf.4a3d6d097f57f39fb97015c48ce11fe4.jpg,dbd019e00f10e6c83a9413a93310ab4c,5
train,Ringworm,../datasets/feed/train/Ringworm/436768270_412696705044184_4681296294994857344_n_jpg.rf.75a882833452482c3f6cc716f8c49321.jpg,dbf0f2ec26dcc6df2d706b2d2e3546fe,5
train,Demodicosis,../datasets/feed/train/Demodicosis/1-11-_png_jpg.rf.f60e4f582d58a9cb0269c1553d6efd56.jpg,dbf9f9512c340cb0fc90882e2d9fabcd,0
train,Hypersensitivity,../datasets/feed/train/Hypersensitivity/Hypersensitivity5_png_jpg.rf.fe8200ce82184ae043ef3bfb7d1ba13a.jpg,dc12d40ecba0095803d87fcc9447a777,4
valid,Ringworm,../datasets/feed/valid/Ringworm/ringworm-128-_jpg.rf.f0bdf19b4461eb56fe45633853ebdeeb.jpg,dc1ac8885b4a64f130accd0097cae999,5
train,Healthy,../datasets/feed/train/Healthy/255_jpg.rf.7c3e3b22462debaa45319c1189549792.jpg,dc26d5bc029bb4e24dd6a866c147b575,3
train,Dermatitis,../datasets/feed/train/Dermatitis/HOT-SPOT-IN-DOG-HOW-vet-treated-symptom-prevention_-flea-bite-moist-eczema_dog-itching-000360_png_jpg.rf.ac384f1958e0ba38f0f1d7af3e3b7a68.jpg,dc9a4ee3101c2be9999c063608bbdbfb,1
valid,Ringworm,../datasets/feed/valid/Ringworm/ringworm-113-_jpg.rf.0b6d278b5b3348e3f6d039e5498f16c2.jpg,dc9e2c90bb85d1dafed70b4b0748179c,5
train,Dermatitis,../datasets/feed/train/Dermatitis/hot-spots-suck_00091_jpg.rf.9884b98b1604ce21d53709a4993c1563.jpg,dcb08160d1d8313ccc8e32959f14e6c0,1
valid,Healthy,../datasets/feed/valid/Healthy/HEALTHY_003_jpg.rf.d8275c17544594fa6ce19d8ce8d1f7c3.jpg,dcbb555fec34f16ad7bb379e0479cf83,3
train,Ringworm,../datasets/feed/train/Ringworm/NEWR50_png_jpg.rf.f36171757839d3512166c0343d00bd77.jpg,dce6b235eb37892048aa883bccda46f2,5
train,Ringworm,../datasets/feed/train/Ringworm/WIN_20240514_17_42_55_Pro_jpg.rf.62b659f50d1394489f8942045e30aad1.jpg,dcfc585d171fc0326f40a6ba607a306a,5
train,Ringworm,../datasets/feed/train/Ringworm/WIN_20240514_17_37_02_Pro_jpg.rf.1f1fb152f1b8a131312dfa2a4ba0587a.jpg,dd082756167de68c9478363c9fa4f5a0,5
train,Ringworm,../datasets/feed/train/Ringworm/ringworm-74-_jpg.rf.1c15a9cc9f380ceaa590173c53603c5b.jpg,dd1cbd4051b2c2dbd11980ea6e9af105,5
train,Ringworm,../datasets/feed/train/Ringworm/ringworm-90-_jpg.rf.c740ce3f0a5f20a4ba80160b64a77c09.jpg,dd35c953c26ec42d84516127bc21db4f,5
train,Ringworm,../datasets/feed/train/Ringworm/ringworm-99-_jpg.rf.26f7a47f456007321970079609625c01.jpg,dd38a7098b9f3be879335b0e5221bec2,5
valid,Dermatitis,../datasets/feed/valid/Dermatitis/HOT-SPOT-IN-DOG-HOW-vet-treated-symptom-prevention_-flea-bite-moist-eczema_dog-itching-000481_png_jpg.rf.4181278c5b73a7944b9fbc61a8086d2e.jpg,dd3b5db8b82bf78ea273e177090168ca,1
train,Ringworm,../datasets/feed/train/Ringworm/Day-4-of-ringworm-treatment_00341_jpg.rf.8f0bed7706f3a5890df53892dacb05f4.jpg,dd490d106a96e7a448e9dbdf35a01858,5
train,Demodicosis,../datasets/feed/train/Demodicosis/1-5-_jpg.rf.d7a6c0e760ef978bb0c11e5c6e27dc2c.jpg,dd65f325f876278965f848b429993140,0
train,Ringworm,../datasets/feed/train/Ringworm/R50_png_jpg.rf.3977b7dd3cc58d1bc91c022ddcf67351.jpg,dd662d4769d7780fe302d5b3f8b76438,5
train,Healthy,../datasets/feed/train/Healthy/images-30_jpg.rf.2c4638d573ed54b2f27573fc9c5b052b.jpg,dd7a3f07fb88283d6b3d379d79ca9e45,3
train,Fungal Infections,../datasets/feed/train/Fungal Infections/FUNGAL-INFECTION_008_jpg.rf.e337bb6d335f4dbed473bc3898497292.jpg,dd864cc36feeb52edbc50c82516c11b5,2
train,Healthy,../datasets/feed/train/Healthy/images-48_jpg.rf.33b030a452925ec8309b7be5272e257b.jpg,dd901c4e6cd8ba068275266afebd2687,3
train,Ringworm,../datasets/feed/train/Ringworm/ringworm-57-_jpg.rf.86702726a2c22635cb5a915d39ff6971.jpg,dda11bc3fd453b3b7eb5b7a77802129b,5
valid,Demodicosis,../datasets/feed/valid/Demodicosis/IMG_5191_jpeg_jpg.rf.9853a2647c047bd7f4f3eea2ac7d75ca.jpg,de0011af31a2df9659e265da17db46d4,0
train,Ringworm,../datasets/feed/train/Ringworm/ringworm-141-_jpg.rf.3546a0942619fa572d9e79549e5b8f18.jpg,de19357f317d829237d96e9289cd96b3,5
train,Fungal Infections,../datasets/feed/train/Fungal Infections/fungal1_jpg.rf.929eec759057fa36332a6dcb9a293121.jpg,de42ca751e41fcabcb0e2ada2b5e46b8,2
valid,Ringworm,../datasets/feed/valid/Ringworm/BUTI-NA-LANG-AT-LAGI-AKONG-MAY-STOCK-AKO-NITONG-GAMOT-NA-ITO-000146_png_jpg.rf.147b2b6c55174bac53ae5adf3c3a6c97.jpg,de58cd45f27b0938ffbe17a4027d399a,5
train,Demodicosis,../datasets/feed/train/Demodicosis/P32_png_jpg.rf.fbaae4596f93ee359c71a88ef495b054.jpg,de96bd9e4cadfea48d357a359c91c39b,0
valid,Demodicosis,../datasets/feed/valid/Demodicosis/1-66-_png_jpg.rf.df1fa7b40c2869441d70eb87298aac2c.jpg,de9a7033b1e59d4f23edd7277c43defc,0
train,Healthy,../datasets/feed/train/Healthy/dogs_162_jpg.rf.80b5a8f9c4b1aa5b866b48c100c67ebd.jpg,de9eb317bb0cd42c25d2ae08435597d9,3
train,Fungal Infections,../datasets/feed/train/Fungal Infections/Fungal_Image_1_jpg.rf.026c23f24e70860708396f58a3486ce1.jpg,deaf54886d0840b3a5bfe6ca65f51f37,2
valid,Fungal Infections,../datasets/feed/valid/Fungal Infections/pic63_jpg.rf.7b9ac50b076d6da39d1000c313507d4c.jpg,deb25c5ff2071972c7c8e933569a33ef,2
train,Fungal Infections,../datasets/feed/train/Fungal Infections/fungal3_jpg.rf.049d2f8c955f9f59c76b427529955af5.jpg,ded8bbf8a73a79af3e327544e8f93b96,2
valid,Demodicosis,../datasets/feed/valid/Demodicosis/P16_png_jpg.rf.f1a7d5dbc27662af89c0af5bfd537e2f.jpg,dee9f2c5d06db0fbd07a732e7e7c8a34,0
valid,Demodicosis,../datasets/feed/valid/Demodicosis/scabies_115_png_jpg.rf.2aa628ba8697fd136e773794276b9423.jpg,df3ad90ac5aa94398a7e3a8c1ba59391,0
train,Healthy,../datasets/feed/train/Healthy/dogs_112_jpg.rf.bdef3b5beb13cb060df797adf0e976ee.jpg,df46ba9557d63655b4e8d10dec131343,3
train,Healthy,../datasets/feed/train/Healthy/images-46_jpg.rf.b7a4af0d369713853287fe9b435e58e0.jpg,df47d49fe53d5ba27846cd8b9bb72857,3
train,Demodicosis,../datasets/feed/train/Demodicosis/2024-05-13-134023_4_jpg.rf.e54bf429e156123a77f0a9382b936f4d.jpg,df52d6b296eafad0bc13fdff97f7d157,0
train,Demodicosis,../datasets/feed/train/Demodicosis/P2_png_jpg.rf.e53d14cec1bdd0f71ae6b2315e0f77df.jpg,df5728ecb8f29bbf45313e00aa294f88,0
train,Fungal Infections,../datasets/feed/train/Fungal Infections/fungal1_jpg.rf.5ed989c8a4f6058977fefe5091ca6858.jpg,df602489250144c4eceddcad5bda5f76,2
train,Demodicosis,../datasets/feed/train/Demodicosis/IMG_5168_jpeg_jpg.rf.9d5e8fa61610c4b136aae7bb7c4b5f3c.jpg,df6f3bda3d5fada289ece4a477753d08,0
valid,Dermatitis,../datasets/feed/valid/Dermatitis/1000010765_x4_jpg.rf.060a5235809a26a8c7d61213cd4addcb.jpg,df72f83579a23ec7abe5c25f3d2bb6cb,1
train,Healthy,../datasets/feed/train/Healthy/dogs_120_jpg.rf.2d6637341c385294645b2e45556370ff.jpg,df84aaadb902a539cc7de71d3f2dcf9e,3
train,Hypersensitivity,../datasets/feed/train/Hypersensitivity/B9781416056638000070_f007-043-9781416056638_jpg.rf.6d71e2392cb0cb0b379152f66446a5b4.jpg,df954eb2cd17a3eb8f6151edeb50682f,4
train,Ringworm,../datasets/feed/train/Ringworm/R26_png_jpg.rf.6819289045745919a288072c249b26a6.jpg,dfb66622ded0523bd6381c40af40f406,5
valid,Healthy,../datasets/feed/valid/Healthy/pic26_jpg.rf.3aede121b8af8c83cb4ebc75356dd1dc.jpg,dfead15814916fb2be3645f26690ea12,3
train,Demodicosis,../datasets/feed/train/Demodicosis/1-42-_png_jpg.rf.ffe3904d8ae7afd039f17d9a3c4942cc.jpg,e0018dcf90b1196bed4890044ae4cbd9,0
train,Healthy,../datasets/feed/train/Healthy/HEALTHY_014_jpg.rf.0bf839b93ec4555d8424494bf0fc3209.jpg,e00e9b20a2becdfd4b5fa9e4e8859df0,3
valid,Dermatitis,../datasets/feed/valid/Dermatitis/hotspot-43-_jpg.rf.a0f0f2ca4384a5b9c371e6ccf3bbe815.jpg,e00ea68f406481c61a481afa51a2c359,1
train,Dermatitis,../datasets/feed/train/Dermatitis/dfzg_jpg.rf.83876663de97c0e8e4170c130660e3f5.jpg,e00fd1ad9eb4247fba56cc6e48e06758,1
train,Dermatitis,../datasets/feed/train/Dermatitis/HOT-SPOT-IN-DOG-HOW-vet-treated-symptom-prevention_-flea-bite-moist-eczema_dog-itching-000454_png_jpg.rf.fddd4b710d6597c076e378ad6abc1b42.jpg,e0249b63c590ae4d64ad7123f7030934,1
train,Dermatitis,../datasets/feed/train/Dermatitis/HOT-SPOT-IN-DOG-HOW-vet-treated-symptom-prevention_-flea-bite-moist-eczema_dog-itching-000149_png_jpg.rf.05875f84cd099c696b0c0d0fbe0ce6b0.jpg,e02a51de0590869d071621b80d9db114,1
train,Hypersensitivity,../datasets/feed/train/Hypersensitivity/Hypersensitivity_image_4_jpg.rf.4c6ff92674384a7f3a987414d56cc8b0.jpg,e02b680e2df4fc2288ef46d5f0037a37,4
valid,Demodicosis,../datasets/feed/valid/Demodicosis/2024-05-13-134336_2_jpg.rf.3476ee3417166b68666f80f2e386d862.jpg,e033169b1bf3930796996d33b162ee55,0
train,Ringworm,../datasets/feed/train/Ringworm/WIN_20240514_17_29_44_Pro_jpg.rf.f32fbcb63f98b36e833c7f0bfe65e79a.jpg,e039073b6aa59476fbd3fb95c3fd2ec8,5
train,Ringworm,../datasets/feed/train/Ringworm/WIN_20240514_17_31_11_Pro_jpg.rf.9f4da902d1ba544ca60a3466f0334af6.jpg,e05d79d90e9114df30ce7097684bfcb1,5
valid,Demodicosis,../datasets/feed/valid/Demodicosis/scabies_118_png_jpg.rf.3ef375b547b0908c5a257fa81e499518.jpg,e06784e8a1cd686e96ff7e5c9b1d8b2d,0
train,Demodicosis,../datasets/feed/train/Demodicosis/1-29-_png_jpg.rf.8ae9c85d400eb2e170c80ae28812d607.jpg,e06aac695b904fa1e34b9e83b632e4b3,0
train,Ringworm,../datasets/feed/train/Ringworm/ringworm-96-_jpg.rf.7271a299dbe8ed0b3aa425149fc6533b.jpg,e080c249ea6d7574ee855ffcddf9a768,5
train,Ringworm,../datasets/feed/train/Ringworm/R49_png_jpg.rf.f3e3ade053c3dafbda57a063cc252004.jpg,e083e3ef9ba25ebf2d7fe4415dea5241,5
train,Ringworm,../datasets/feed/train/Ringworm/R31_png_jpg.rf.6e24848058c6828f70955b962eea2ef8.jpg,e08f367b9ffdb563daf22baf380b8c85,5
valid,Dermatitis,../datasets/feed/valid/Dermatitis/1000010614_x4_jpg.rf.15c6812ad6008d90002e913cc74da03f.jpg,e0935d8083165f966f48cb8fe0a09183,1
train,Ringworm,../datasets/feed/train/Ringworm/WIN_20240514_17_26_46_Pro_jpg.rf.6c543a574e0afd843f64203c0cc54587.jpg,e09bd4847cb934a1a721407875edef90,5
train,Demodicosis,../datasets/feed/train/Demodicosis/2024-05-13-162242_jpg.rf.1c244b3cc77098ba3a217c100b8a61a4.jpg,e0acb26a6e3fc0c940f0f48e1c3dad95,0
train,Dermatitis,../datasets/feed/train/Dermatitis/hotspot-81-_jpg.rf.50ce09844613f5ae97c03fcb5f0b5f69.jpg,e0b52bac296de6e26e59d5c6c65f2425,1
valid,Fungal Infections,../datasets/feed/valid/Fungal Infections/FUNGAL-INFECTION_024_jpg.rf.5f118b0fe54bcd790aaa1caa3248cab4.jpg,e0d90b98078a07193392c74e1bed2d59,2
train,Dermatitis,../datasets/feed/train/Dermatitis/Bacterial_2_jpg.rf.083f0f93ddefb8080457c038ac3c119d.jpg,e0ee0fa7f2e5aaa6e6e92fea8e2cfa11,1
train,Healthy,../datasets/feed/train/Healthy/dogs_221_jpg.rf.41f81e225c697dcc627579879cb30fe2.jpg,e12860f9352ced5d9130976282c94f62,3
valid,Ringworm,../datasets/feed/valid/Ringworm/NEWR50_png_jpg.rf.9978208d6fb8b6accdb36e70b05947d1.jpg,e13526ef0956cf662c7349d558f36e95,5
train,Demodicosis,../datasets/feed/train/Demodicosis/2024-05-13-133458_4_jpg.rf.3df94820af573a25bf00210c00e7d3ef.jpg,e154c2596ee929f4742e22cf19a45678,0
valid,Ringworm,../datasets/feed/valid/Ringworm/1000010613_x4_jpg.rf.1ba4fa0147675658eeb57470961cc835.jpg,e155c00895515fa23be832f41836c9f3,5
train,Ringworm,../datasets/feed/train/Ringworm/WIN_20240514_17_43_37_Pro_jpg.rf.fcd7d31b44143dda14af4fa3c9878d57.jpg,e16657d929db1339a9c7a6a299f2f6bb,5
train,Dermatitis,../datasets/feed/train/Dermatitis/Reply-to-don-t-let-your-dog-suffer-in-silence_00009_jpg.rf.edc9645331b2308d93ffd1f4d7bd238e.jpg,e16fe815207293373f60f0a49b7be5bb,1
train,Ringworm,../datasets/feed/train/Ringworm/ringworm-112-_jpg.rf.f5b4980d37419126136116d53fd16d52.jpg,e18c351f81a3b20d158352ffae387515,5
train,Demodicosis,../datasets/feed/train/Demodicosis/P44_jpg.rf.71294bb63d42f6f11b69349730d5bdc7.jpg,e19fe69c11c260c8db2b6f040087e12d,0
valid,Healthy,../datasets/feed/valid/Healthy/HEALTHY_018_jpg.rf.4753719a40395e8ecdf213e785a3d960.jpg,e1a3bc1f2be27f45a04133f0946ce688,3
valid,Ringworm,../datasets/feed/valid/Ringworm/ringworm-55-_jpg.rf.f47c16a4e5fb287b1b48fd6647c53ffa.jpg,e1c0dad405a1dd03416a7d785bde59c7,5
valid,Fungal Infections,../datasets/feed/valid/Fungal Infections/FUNGAL-INFECTION_008_jpg.rf.9e9f00d016ed7d188294e9ad9788916f.jpg,e1c3b561c9b4c98819e2d053c0a8be10,2
train,Fungal Infections,../datasets/feed/train/Fungal Infections/pic56_jpg.rf.8103e2041789b859e34f0d8d9e9915b2.jpg,e1cad75bc3b2e16d2eeaa5a5e07aeaf3,2
train,Dermatitis,../datasets/feed/train/Dermatitis/bacc2_jpg.rf.20ea6cb0d445eade27a8fe4f2da257c4.jpg,e1cfcbb8685604c4be145a23bb6f2b42,1
train,Hypersensitivity,../datasets/feed/train/Hypersensitivity/hps11_jpg.rf.7bcbafb0d863ab42c0358d0ecbb0d787.jpg,e1d36e23f368f2d0688351b1fb02d0a2,4
train,Fungal Infections,../datasets/feed/train/Fungal Infections/FUNGAL-INFECTION_041_jpg.rf.2e3f7afadcb1142c34d34b6df061c09f.jpg,e1d3f9edf09b022a8ceb444fe7683723,2
train,Dermatitis,../datasets/feed/train/Dermatitis/hotspot-106-_jpg.rf.53b36132e8dba2c44cc901022214cdf1.jpg,e1fd11b5dcea7c1ffe2ccae924224621,1
train,Ringworm,../datasets/feed/train/Ringworm/R23_png_jpg.rf.262152477e78bc7ac73b6afe41d09bf8.jpg,e1fdbcda6eefed86a01f3381068ccb11,5
train,Ringworm,../datasets/feed/train/Ringworm/WIN_20240514_17_34_06_Pro_jpg.rf.a7ce2f2737873b199c85a3cbb1794aad.jpg,e206f13e90f234438cbae5a83d1ddae1,5
valid,Demodicosis,../datasets/feed/valid/Demodicosis/scabies_134_png_jpg.rf.ac4745628388d978a63f75007419bcb0.jpg,e24211b67e650dafa6aff01e963dc2ad,0
train,Dermatitis,../datasets/feed/train/Dermatitis/red-circle-ri-1mo-450_jpg.rf.b6d1313d8a655e6c296f9c9d06981c6e.jpg,e26215e161fc5d61a869880094df2975,1
train,Demodicosis,../datasets/feed/train/Demodicosis/2024-05-13-134258_4_jpg.rf.99387cedfaf901b14559c83378ee1df7.jpg,e27320c448b8d38472ef4603c757504d,0
train,Hypersensitivity,../datasets/feed/train/Hypersensitivity/Hypersensitivity_2_jpg.rf.2bca34754494043e82aac4f207aed3ac.jpg,e27867a61bb6c3f2914d974681c5880e,4
valid,Healthy,../datasets/feed/valid/Healthy/dogs_052_jpg.rf.340c4d955659dbe83cc28d8012ff6c56.jpg,e280e429c9d2d2c578f9f0aac037fca0,3
train,Dermatitis,../datasets/feed/train/Dermatitis/HOT-SPOT-IN-DOG-HOW-vet-treated-symptom-prevention_-flea-bite-moist-eczema_dog-itching-000153_png_jpg.rf.aab198f9af064287043776219202c870.jpg,e294ad35afd7fe915fc433a093fdd67e,1
valid,Ringworm,../datasets/feed/valid/Ringworm/WIN_20240514_17_29_44_Pro_jpg.rf.ca4eb3f86e006ce5f9cb9aada08e32f8.jpg,e29afc6ab23680ee4cfb2d95ad08e2e8,5
valid,Dermatitis,../datasets/feed/valid/Dermatitis/HOT-SPOT-IN-DOG-HOW-vet-treated-symptom-prevention_-flea-bite-moist-eczema_dog-itching-000487_png_jpg.rf.d37af0b3f46298533e40af650e5de4b4.jpg,e29cda680a6ebc039d63590e276d404e,1
train,Hypersensitivity,../datasets/feed/train/Hypersensitivity/Hypersensitivity_2_jpg.rf.258c60a23197a73051799b46e7e66181.jpg,e2aa84c708d99376c2090d7f17de8e1f,4
train,Hypersensitivity,../datasets/feed/train/Hypersensitivity/B9781416056638000070_f007-008-9781416056638_jpg.rf.151076ca4e24690623f12d7d13cb54aa.jpg,e2b0d27d5acde455d067bc0690ae299e,4
train,Ringworm,../datasets/feed/train/Ringworm/R8_png_jpg.rf.f117b5980c7a03b7a619dcdc2eaf997e.jpg,e2c6494f3eabddff61f4f8407c5d163a,5
train,Ringworm,../datasets/feed/train/Ringworm/WIN_20240514_17_34_13_Pro_jpg.rf.4303da117e4311f89aca1cc7c79ef092.jpg,e2ca2079d85e0d066f7c6ab3992e8b64,5
train,Healthy,../datasets/feed/train/Healthy/1-48-_png_jpg.rf.c095a0821a2bb6b9f2513016453457e1.jpg,e2e30fdf35f4bc6c5b3b1e67d7c0186e,3
train,Demodicosis,../datasets/feed/train/Demodicosis/1-28-_png_jpg.rf.8025e453997f0235ae48b6844668f723.jpg,e2fdf760ebefa5eb1eba10976d9d704e,0
train,Dermatitis,../datasets/feed/train/Dermatitis/hot-spots-suck_00241_jpg.rf.81ffc139743736c95eeedfa8d6949eff.jpg,e3044e9f264a9a8206890d37d371209c,1
valid,Ringworm,../datasets/feed/valid/Ringworm/WIN_20240514_17_34_06_Pro_jpg.rf.f46c78fc446ff2b6d340638528830b4c.jpg,e31b44aebeab2a6d5c162b250ec84dcc,5
valid,Ringworm,../datasets/feed/valid/Ringworm/ringworm-50-_jpg.rf.f46172f81378aa634021dd59bed8ecb0.jpg,e33c8b5f20bad4148ec5d8d83bff2d0f,5
train,Healthy,../datasets/feed/train/Healthy/pic11_jpg.rf.3beedc1a3e0ef3d64d1de990897ec0b2.jpg,e34f1b2a3c27040d1a78a730de954cd8,3
train,Demodicosis,../datasets/feed/train/Demodicosis/P24_png_jpg.rf.7dc732ac9aaa6ae79a1a03158085e16d.jpg,e3a12da856f1b6559acb70196088d84f,0
train,Ringworm,../datasets/feed/train/Ringworm/4A3D587D-87FB-42C3-9265-29B9DC144776_jpeg_jpg.rf.4914e51233dc507e6d3dc2ef9f535530.jpg,e3be324a0c57fb630c5312e6c77d3efe,5
train,Dermatitis,../datasets/feed/train/Dermatitis/1000010607_x4_jpg.rf.85498be688764c314bb2544f02bf2f73.jpg,e3cace626acd3ee28abe1eced2448c07,1
valid,Ringworm,../datasets/feed/valid/Ringworm/F6C9DE00-6537-4BBA-9190-139E3276427E_jpeg_jpg.rf.784175526788494bbff056c95e8c255b.jpg,e3d1374590fbb8e2b92b5928fb400b37,5
train,Ringworm,../datasets/feed/train/Ringworm/50D1141F-D533-49E9-A0E6-25D322AF9B98_jpeg_jpg.rf.3d985a2527c00fab1f36451d4e9e7f12.jpg,e3d5ed1bf443eec92c77b3b54815dcfd,5
train,Fungal Infections,../datasets/feed/train/Fungal Infections/pic67_jpg.rf.5d14ecd019cb4c29a3e88a8e6925f371.jpg,e40156db1febc1b4b4d8eb8ec30d1376,2
train,Healthy,../datasets/feed/train/Healthy/dogs_094_jpg.rf.e0e21a708293b1ba3e067956dee058d3.jpg,e4287ee4367dfe2f33a274e39aee5005,3
train,Healthy,../datasets/feed/train/Healthy/HEALTHY_038_jpg.rf.3d72801b94fd781e21c998ce2332f542.jpg,e44c5d58b688224dab2ce600fdbbc632,3
valid,Demodicosis,../datasets/feed/valid/Demodicosis/2024-05-13-165207_jpg.rf.0e46ff6750b211ff2e05ee6fb984aac1.jpg,e457c4914167f3972941ea02e159d3ae,0
train,Demodicosis,../datasets/feed/train/Demodicosis/scabies_90_png_jpg.rf.2eaad5a09816430f052c4669fd97f586.jpg,e45ab4e63c18d7d1cb9b4e8b69cfe3e2,0
train,Hypersensitivity,../datasets/feed/train/Hypersensitivity/B9781416056638000070_f007-046-9781416056638_jpg.rf.72b774c14004066a1e81aaf3f5467f90.jpg,e4617ee8008ab11d4b3287f3e1def9bc,4
train,Healthy,../datasets/feed/train/Healthy/dogs_279_jpg.rf.a5e2fb5bd646806b4a491b1d2fcdb146.jpg,e478c0ec7179b68fd0448d404a2c0966,3
train,Dermatitis,../datasets/feed/train/Dermatitis/bac4_png_jpg.rf.c1311659c9e49e85a417c444d504846e.jpg,e49569a2750a31029941df1d5e09e4cf,1
train,Dermatitis,../datasets/feed/train/Dermatitis/HOT-SPOT-IN-DOG-HOW-vet-treated-symptom-prevention_-flea-bite-moist-eczema_dog-itching-000362_png_jpg.rf.d6e166727505a5807500453f1833fcaf.jpg,e49d49a1a25857d8c32d5ce1e60f117b,1
train,Demodicosis,../datasets/feed/train/Demodicosis/IMG_5149_jpeg_jpg.rf.149c981401608225afb9d6a508d1d4f2.jpg,e4a5b6b70c1252a0b96f654be488a6b2,0
train,Demodicosis,../datasets/feed/train/Demodicosis/P13_png_jpg.rf.4a784bdcbfe9377e86ed726c73ffea97.jpg,e4bf211c593eefb2454ac2497c535034,0
train,Fungal Infections,../datasets/feed/train/Fungal Infections/FUNGAL-INFECTION_065_jpg.rf.ede0b6ea496d01222908fa73d37cea00.jpg,e4dee389d775bbcf8e203efa183cc309,2
valid,Dermatitis,../datasets/feed/valid/Dermatitis/May-is-allergy-awareness-month-here-at-The-Shot-Spot_01552_jpg.rf.43d212e25bf4fbb91f7ba1bc54ba20dc.jpg,e4e58f880b676dcc7e43aef5c62d5e57,1
train,Ringworm,../datasets/feed/train/Ringworm/1000010776_x16_jpg.rf.d300ca32b529e1e61e86aa0c6c0c0fb4.jpg,e4e9feb5b1619ff62eecb7151ee5f96c,5
train,Demodicosis,../datasets/feed/train/Demodicosis/IMG_5184_jpeg_jpg.rf.0b582c18560b8b967427702e9aa54673.jpg,e4f2896f906c2a9b8385d66e9d3ca6ad,0
train,Ringworm,../datasets/feed/train/Ringworm/WIN_20240514_17_38_19_Pro_jpg.rf.99ddffbda9636abb65801397fa5e353a.jpg,e50685be82ebc1de4c3c435f09202c00,5
train,Healthy,../datasets/feed/train/Healthy/HEALTHY_048_jpg.rf.562e658ca98ad8c4392b8d1cb265dfde.jpg,e5075e3d1e051a43d587e4a659db2884,3
train,Healthy,../datasets/feed/train/Healthy/53_jpg.rf.b496bc4c831b45c9082635fd174c9c09.jpg,e51c5d48e669a513605fcd3069d7c22d,3
valid,Ringworm,../datasets/feed/valid/Ringworm/1000011963_x4_jpg.rf.18cbfacae7776c6aa99dd3cdc53212fe.jpg,e51c7570828e003766319c47c58aee58,5
train,Dermatitis,../datasets/feed/train/Dermatitis/May-is-allergy-awareness-month-here-at-The-Shot-Spot_00085_jpg.rf.abe6b8cdd96cd31c31b13cc4c4f8ebe3.jpg,e525d22f24cd8aea188bb4aba7309d8f,1
valid,Dermatitis,../datasets/feed/valid/Dermatitis/HOT-SPOT-IN-DOG-HOW-vet-treated-symptom-prevention_-flea-bite-moist-eczema_dog-itching-000362_png_jpg.rf.e28878c79269f083ffc56e53a11ac487.jpg,e536876a063d013c3a9d932f9ad931d0,1
train,Healthy,../datasets/feed/train/Healthy/dogs_255_jpg.rf.9e70dc00328cc863fe2aefb1ef851579.jpg,e537470a43aadf3c44976add41d944b6,3
train,Fungal Infections,../datasets/feed/train/Fungal Infections/Fungal_Image_1_jpg.rf.9e3107c98a4bcd57df2da3e5f5e24314.jpg,e5396ec35eb21d880537e97f7abeeb27,2
train,Ringworm,../datasets/feed/train/Ringworm/ringworm-43-_jpg.rf.d55da05a57c09e8953b294e86bb5c720.jpg,e541aa7ca7937b60a3d9c6bc493fa38d,5
train,Hypersensitivity,../datasets/feed/train/Hypersensitivity/B9781416056638000070_f007-007-9781416056638_jpg.rf.1cb295fa45a143fdb95f70ef30efabb7.jpg,e549097ffb1dd6f298a0dc4eeff099f9,4
train,Fungal Infections,../datasets/feed/train/Fungal Infections/FUNGAL-INFECTION_057_jpg.rf.98de05a6723b7c53200892c524f2c7aa.jpg,e54e5cbc97f57f4df9ffcd8b731a0c0b,2
train,Healthy,../datasets/feed/train/Healthy/011_jpg.rf.b523d540704447fceeb2a3b8d8b626c0.jpg,e57c81c283bbbb4f94ccd4affaa1e520,3
train,Dermatitis,../datasets/feed/train/Dermatitis/bacterial_Image_4_jpg.rf.83937ee04e9dd2af35bf0e5f9a3d7117.jpg,e59708aecd426e24767edd2fc988f386,1
train,Hypersensitivity,../datasets/feed/train/Hypersensitivity/17_jpg.rf.cffad62dd59eeb987c35c259225fdb38.jpg,e5a35b16bf1e82f8c61e25c37a1948b9,4
train,Ringworm,../datasets/feed/train/Ringworm/WIN_20240514_17_29_33_Pro-2-_jpg.rf.511c1c705d625cfe12e5a185f019e80c.jpg,e5b08473875805c56cd98dfcbfc352e3,5
train,Dermatitis,../datasets/feed/train/Dermatitis/1000010551_x16_jpg.rf.89ef7b831104d9376dd41b6005ca37e9.jpg,e5dbf37cba2dadc49b73f8c699460d3a,1
valid,Fungal Infections,../datasets/feed/valid/Fungal Infections/pic80_jpg.rf.a844273dbe1e7942d3a595aad8639c5f.jpg,e5df40c511b5c18cfb7158cb0141d8cb,2
valid,Hypersensitivity,../datasets/feed/valid/Hypersensitivity/1673_jpg.rf.b99ec1148b3e2775bc8705ed9d5d8c08.jpg,e5f64c808bf0a4293aa13c56c5ba2cb9,4
train,Fungal Infections,../datasets/feed/train/Fungal Infections/pic40_jpg.rf.cb0bfcc78ce21f6c3c06278c111b2d97.jpg,e5fe5c231736189f00db5dbcb618b00b,2
train,Demodicosis,../datasets/feed/train/Demodicosis/2024-05-13-162941_jpg.rf.6c1aafa4d966a32cf39bfef3f5fa8966.jpg,e60e16402092a72fb8bc1a5110eb100c,0
valid,Dermatitis,../datasets/feed/valid/Dermatitis/Hot-Spot-on-_Chance_-How-to-treat-a-dog-that-you-can_t-touch_-000615_png_jpg.rf.424e2822b8ff3efff7e82e292a819968.jpg,e639d9a1a8121b1ef973ae1ac480c324,1
valid,Demodicosis,../datasets/feed/valid/Demodicosis/D111_png_jpg.rf.ad0f2acc43cf1ca8003e3b6c8efacfa9.jpg,e63c0c9e23d87e8de267ed948ecdc739,0
valid,Healthy,../datasets/feed/valid/Healthy/dogs_010_jpg.rf.ee758799add0cf4c6254f46565ddf08f.jpg,e64e1391c25dedb8fe0653c72c0fd0aa,3
train,Demodicosis,../datasets/feed/train/Demodicosis/P26_png_jpg.rf.38d08a381be09dfdb442bd3c709840b4.jpg,e664d2dcb0b6a49b52007993d6fce33f,0
valid,Healthy,../datasets/feed/valid/Healthy/dogs_096_jpg.rf.9e36df35ae798f892e0b2d6f78432a60.jpg,e674e14af8894addb928f5bceddc261a,3
valid,Dermatitis,../datasets/feed/valid/Dermatitis/HOT-SPOT-IN-DOG-HOW-vet-treated-symptom-prevention_-flea-bite-moist-eczema_dog-itching-000456_png_jpg.rf.d4775c434a8bdf9016fe04157e285a46.jpg,e685626b66143a58d7024c6951b964b5,1
train,Dermatitis,../datasets/feed/train/Dermatitis/1000010653_x16_jpg.rf.c387749e8c48a0208acb7149af943a82.jpg,e68c0b1e85065d2b6fa354da12587f05,1
train,Ringworm,../datasets/feed/train/Ringworm/R16_png_jpg.rf.cfd22acc2ef00bb39447f60bca0520d1.jpg,e698a0caf77b4d6d85636f3d1bb902c7,5
valid,Ringworm,../datasets/feed/valid/Ringworm/ringworm-52-_jpg.rf.ddd19303e36ddf30f7ec12dffc7b45a8.jpg,e698e298224ad5dc3a59fe16237c51af,5
train,Dermatitis,../datasets/feed/train/Dermatitis/HOT-SPOT-IN-DOG-HOW-vet-treated-symptom-prevention_-flea-bite-moist-eczema_dog-itching-000476_png_jpg.rf.d36d86bc41b8486d04aa9fb876ccf344.jpg,e6a071783fdd146121b43acfd7be1726,1
train,Fungal Infections,../datasets/feed/train/Fungal Infections/1380_jpg.rf.194c71c281954a9de4a2dead4d07a13e.jpg,e6a0edeeb0acdd4374534c2ef2de77cf,2
train,Dermatitis,../datasets/feed/train/Dermatitis/Lick_granuloma_1_jpg.rf.87024cada953744df853817941fcab1d.jpg,e6a538a2c6fa19123f451d46e56646c8,1
train,Demodicosis,../datasets/feed/train/Demodicosis/D126_png_jpg.rf.66e526713008e35dcc542b14dc74082d.jpg,e6a65c01114f1a1824eb33a94379516e,0
valid,Healthy,../datasets/feed/valid/Healthy/images-45_jpg.rf.5aa7abf8514e42d35580b368597279e9.jpg,e6b9a78a0146747e419335b4d2ecabcd,3
train,Healthy,../datasets/feed/train/Healthy/dogs_077_jpg.rf.748839ff5a2330e7af3727c2981d751a.jpg,e6c3e9611445d3970229dec165fefaba,3
train,Ringworm,../datasets/feed/train/Ringworm/BEF28851-B07B-4DFC-9E0D-AD92F0B08829_jpeg_jpg.rf.af4a7dc48fe416a904ddc98962396017.jpg,e6ce9828cfca8f03b8c1adc15cc6ae36,5
train,Dermatitis,../datasets/feed/train/Dermatitis/1000010549_x16_jpg.rf.c54f966f1f37e476e44c2ccbbe53270c.jpg,e6dea415df4b444ebd998679397fa285,1
train,Dermatitis,../datasets/feed/train/Dermatitis/hotspot-113-_jpg.rf.10367bb2038dc320b7c40654598021b6.jpg,e6dfc29164ce71c20e9aa404109cbfad,1
valid,Ringworm,../datasets/feed/valid/Ringworm/436660548_1639307846606648_2894340731526839056_n_jpg.rf.533d8006aa6a4a7aad82c8320ea11896.jpg,e6e7ef50ec3e94a0f16ba6e0a5bf2857,5
valid,Dermatitis,../datasets/feed/valid/Dermatitis/1000010701_x16_jpg.rf.8e8b587b489abadc983204812fdee10b.jpg,e6ed9f95dd01ab705522b5f98ec83cb7,1
train,Dermatitis,../datasets/feed/train/Dermatitis/May-is-allergy-awareness-month-here-at-The-Shot-Spot_01375_jpg.rf.e70e6e48eee9cd341b116b7815301165.jpg,e6ee42950873d82ba848b1bfe544c4f7,1
valid,Fungal Infections,../datasets/feed/valid/Fungal Infections/pic55_jpg.rf.d2e7af2e16ca0aa189b9669f76a8524f.jpg,e6faf56b477de12592439a62cbc9fe88,2
train,Dermatitis,../datasets/feed/train/Dermatitis/pic0_jpg.rf.18251d594f0a3b331fc81bc3eedbb89a.jpg,e715b8974801f73aef44e7575bd53a91,1
train,Ringworm,../datasets/feed/train/Ringworm/ringworm-56-_jpg.rf.17807589c315fa48d2fd8e53a0dc314d.jpg,e731dfe15154307a1115901da52bd736,5
valid,Healthy,../datasets/feed/valid/Healthy/Image_11_jpg.rf.a5959368147a5f992e20088c97b2dd8e.jpg,e742165f5df110abf15afb892f23051a,3
train,Dermatitis,../datasets/feed/train/Dermatitis/pic1_jpg.rf.106df43c414b8ec05b25593274acdf80.jpg,e75b4920118e1389b0244446e2e1b206,1
train,Healthy,../datasets/feed/train/Healthy/pic30_jpg.rf.bf1ad941ce0f4892f4b8fa268284402f.jpg,e76f01a3615742dc4d858bd40be648ee,3
valid,Demodicosis,../datasets/feed/valid/Demodicosis/IMG_5319_jpeg_jpg.rf.c5ef4d54ec71c42c4de10c0558c9aa50.jpg,e76f732970b387777f0e8c71d718a60c,0
train,Dermatitis,../datasets/feed/train/Dermatitis/May-is-allergy-awareness-month-here-at-The-Shot-Spot_00013_jpg.rf.e35bab83edd18233ea8f17b907faaff5.jpg,e77613876540d8ecf520284a6012ab0f,1
train,Demodicosis,../datasets/feed/train/Demodicosis/2024-05-13-162811_jpg.rf.fbae1d2c504a8e476ea1b4b80f33647c.jpg,e7862c66c4c362663446816b67af364b,0
valid,Hypersensitivity,../datasets/feed/valid/Hypersensitivity/B9781416056638000070_f007-030-9781416056638_jpg.rf.1d9e31abb0f845e84d36916ee28711d8.jpg,e79dd59a6ce140e4e78711b40dc31ee9,4
train,Ringworm,../datasets/feed/train/Ringworm/WIN_20240514_17_41_26_Pro_jpg.rf.cca830e6f68e9c475671c82e34fd5e58.jpg,e7afd57acefeba4e794da6332ebbd893,5
train,Ringworm,../datasets/feed/train/Ringworm/ringworm-106-_jpg.rf.cb3cad1c6191bcd39f06fbd1083fcc7f.jpg,e7b4f35d017336a910c0f070062f8ad2,5
train,Dermatitis,../datasets/feed/train/Dermatitis/1000010715_x16_jpg.rf.754793b5cac8f5bc9d0a79987340ad8f.jpg,e7b5adce2e2436e524d0ee5cb847554b,1
valid,Ringworm,../datasets/feed/valid/Ringworm/ringworm-53-_jpg.rf.fb8ab47090498b5a8924a9a623bba89b.jpg,e7e106b343fec1b132510b31bdb9c571,5
train,Ringworm,../datasets/feed/train/Ringworm/WIN_20240514_17_28_21_Pro_jpg.rf.3d0d31e9fd176669fa7949fe5cecb46d.jpg,e7fbe081b7c588dec120f4145565f87c,5
train,Dermatitis,../datasets/feed/train/Dermatitis/hotspot-64-_jpg.rf.b02da4f697a73279f27f77156e68b809.jpg,e7ff0a9a7a95d0ba9ff6ab8aa0082829,1
train,Demodicosis,../datasets/feed/train/Demodicosis/IMG_5257_jpeg_jpg.rf.7907ed7daff6205ab36ecb2e939b0ffe.jpg,e801c073ca825783be6072f2becf0df6,0
train,Ringworm,../datasets/feed/train/Ringworm/NEWR55_jpeg_jpg.rf.d29a7b9ffbdb17f6dcd301255e1dbe6a.jpg,e815da78cf18408c154075bd69cbffb7,5
train,Fungal Infections,../datasets/feed/train/Fungal Infections/FUNGAL-INFECTION_029_jpg.rf.79772195d26c2dc1047663a9d917f5a9.jpg,e82c40807d6b4204efa58da9a64fb502,2
train,Dermatitis,../datasets/feed/train/Dermatitis/HOT-SPOT-IN-DOG-HOW-vet-treated-symptom-prevention_-flea-bite-moist-eczema_dog-itching-000148_png_jpg.rf.79034ffa51ab26e0f8299cafa83080f5.jpg,e82f385cae7d9d65064cddef98354b44,1
train,Healthy,../datasets/feed/train/Healthy/HEALTHY_048_jpg.rf.d301605907fc0da9e1f8d8ce6d36903a.jpg,e83a0b9b3d7e34d5da50805e93ea0412,3
train,Hypersensitivity,../datasets/feed/train/Hypersensitivity/B9781416056638000070_f007-021-9781416056638_jpg.rf.55531eefa8afc5dc780ad339ffccabf8.jpg,e8526dde5eb5a12d7cf0a5b6a107d033,4
train,Ringworm,../datasets/feed/train/Ringworm/436639986_413245831496612_2113964065260756871_n_jpg.rf.20a7a79e33968067793f2fa259b387fb.jpg,e85b21dfcc973111fa83fa2a8a3fdb7c,5
train,Dermatitis,../datasets/feed/train/Dermatitis/1000010770_x4_jpg.rf.3b60ece1422583b6b10655b4049b4e23.jpg,e86c9a09c300504e47a64e8e1ceb3a70,1
train,Dermatitis,../datasets/feed/train/Dermatitis/HOT-SPOT-IN-DOG-HOW-vet-treated-symptom-prevention_-flea-bite-moist-eczema_dog-itching-000455_png_jpg.rf.2fe96dcf9f6078aa7450f4adafc8e188.jpg,e8830a2d40a7961294fefce37b3e8337,1
train,Ringworm,../datasets/feed/train/Ringworm/NEWR36_png_jpg.rf.d2bb63b33e549d3bb071c0331de7eb3f.jpg,e8a62aff4a6630f3e8554f0e5c88bee7,5
valid,Demodicosis,../datasets/feed/valid/Demodicosis/2024-05-13-164346_1_jpg.rf.a1f38a32649675d4d7784ced8415ffa3.jpg,e8ae79cbeba331fe44ee3d5b4dac10e4,0
train,Demodicosis,../datasets/feed/train/Demodicosis/IMG_5193_jpeg_jpg.rf.3137b6cf64402a1185eb3e681598a989.jpg,e8d185aa13deafdae81c331ed0eaf0f8,0
valid,Healthy,../datasets/feed/valid/Healthy/HEALTHY_006_jpg.rf.f8ff3920d9edfcd8a05f21244c2a5a39.jpg,e8ebdcb39e5d656eb30b7e9fa2ee23ce,3
train,Fungal Infections,../datasets/feed/train/Fungal Infections/pic71_jpg.rf.06b9ef80d78950eeec0888e186c1caa4.jpg,e8eef2afed87c3c84ca966ab9f921d45,2
train,Demodicosis,../datasets/feed/train/Demodicosis/1-5-_png_jpg.rf.3284861b84bb48631d60908744a15e88.jpg,e8fd26acb737d1a49a6658e371f198ca,0
train,Demodicosis,../datasets/feed/train/Demodicosis/IMG_5194_jpeg_jpg.rf.a8aacfdd7a7752ce85ce8cb688c25fae.jpg,e929f63da6adcdfe6c44499655d8ebca,0
train,Dermatitis,../datasets/feed/train/Dermatitis/Owners-usually-don-t-get-a-good-vote-of-just-how-big-hotspots_00365_jpg.rf.14966f017fd671a19cfb5bf7d07e967d.jpg,e937c4da661a4c6d841bd41639fcb9b3,1
train,Dermatitis,../datasets/feed/train/Dermatitis/1000011974_x4_jpg.rf.fd3a7fbe68b73b91830924ce8688a9c6.jpg,e9595e4e5cbaf389d3c88775f05c31f8,1
train,Dermatitis,../datasets/feed/train/Dermatitis/Owners-usually-don-t-get-a-good-vote-of-just-how-big-hotspots_00349_jpg.rf.6a776efdb3df69f46c60b22c2e55b9ac.jpg,e968109dd66844d4ded88a929b18279f,1
train,Ringworm,../datasets/feed/train/Ringworm/R52_png_jpg.rf.9ad85d21c64154fb213927b295c20329.jpg,e96b2e013430e014c836e6d522c3365c,5
train,Healthy,../datasets/feed/train/Healthy/EPC_SkinHealthy_3_canva_jpg.rf.40bac7bb52ae19d78a2acffda029d848.jpg,e97c29b144352dd4af9d9a31fcaacf77,3
train,Demodicosis,../datasets/feed/train/Demodicosis/scabies_129_png_jpg.rf.c124b43723168f074854cac19062d845.jpg,e97e0b13f2027bb6f3350c340b4bee9b,0
train,Dermatitis,../datasets/feed/train/Dermatitis/1000011974_x4_jpg.rf.d8ab0916038008ff8af79b1008a05bdd.jpg,e9888833b64053ddbeb75026d00e3084,1
valid,Dermatitis,../datasets/feed/valid/Dermatitis/1000010610_x4_jpg.rf.15cad8e5be0faf9a671d152701ffd277.jpg,e98b9cfe5ac11298a20eb207e570dc52,1
train,Demodicosis,../datasets/feed/train/Demodicosis/IMG_5151_jpeg_jpg.rf.2092c0ea6f06dba64e70cd33581fb414.jpg,e997662de21428a81a44013a7e33d97f,0
train,Ringworm,../datasets/feed/train/Ringworm/R52_png_jpg.rf.555edd5b6ad66d658fa59d6f9ba8643c.jpg,e9ae427e0bbcbfa9403f7d75b0e8bea8,5
train,Ringworm,../datasets/feed/train/Ringworm/ringworm-5-_jpg.rf.b87be3f4a9491ab574c92728659b0071.jpg,e9aecfded20cf4719055eeaf56e67566,5
train,Dermatitis,../datasets/feed/train/Dermatitis/Thank-you-all-for-your-support_00004_jpg.rf.3d67d82dd0fa9624ec7dd88a5ebf71d3.jpg,e9bd6fecc626fbb708950ecc8e92c6d9,1
train,Ringworm,../datasets/feed/train/Ringworm/Day-1-of-ringworm-treatment_00151_jpg.rf.110c5c77d6ecb670e4ac77ed5e600098.jpg,e9c8e7fe41b20581a993ff7d6b50e974,5
train,Demodicosis,../datasets/feed/train/Demodicosis/1-51-_png_jpg.rf.1a0d977f56ecf19325a2e2fb44cbe667.jpg,e9caca79ff7c9318b34f5c2eda843b7e,0
train,Demodicosis,../datasets/feed/train/Demodicosis/2024-05-13-165412_jpg.rf.855f482a30a15e63649dd5facd2e54dd.jpg,e9ec7221a12605705231c89345c5e484,0
train,Dermatitis,../datasets/feed/train/Dermatitis/acute_moist_dermatitis_4935_8_600_jpg.rf.b5a0d7cd37c3c58c796033fcb42156fb.jpg,e9fdf751693a3e1f05ddac7bc522c1eb,1
train,Dermatitis,../datasets/feed/train/Dermatitis/Hot-Spot-on-_Chance_-How-to-treat-a-dog-that-you-can_t-touch_-000617_png_jpg.rf.c6c3e6e4609bfc837c360804c32564ea.jpg,ea08482a16d70f51c5e3d0ec0ea788df,1
train,Ringworm,../datasets/feed/train/Ringworm/ringworm-156-_jpg.rf.a5841f21f85b08093335098adc3b1dc7.jpg,ea0a587019bfdd54500bc6d8ecc62cb8,5
train,Ringworm,../datasets/feed/train/Ringworm/ringworm-23-_jpg.rf.ab9481a45f2b0724eb372795be93970c.jpg,ea193cb824d7073b6165bb3896b64c83,5
train,Dermatitis,../datasets/feed/train/Dermatitis/HOT-SPOT-IN-DOG-HOW-vet-treated-symptom-prevention_-flea-bite-moist-eczema_dog-itching-000479_png_jpg.rf.589571188ab494f7553cdcfa6938dec8.jpg,ea1d3c283e86b80eb0316a211573e07c,1
valid,Dermatitis,../datasets/feed/valid/Dermatitis/1000010758_x16_jpg.rf.b751f5b7c696a0db07d66bc8f4bc4a5e.jpg,ea3490402f0674a22dcae505e0ccb3fb,1
train,Ringworm,../datasets/feed/train/Ringworm/1000010671_x16_jpg.rf.ec8f0acb4d98aeb0417cc9fa56bac6b7.jpg,ea6f7f39f8fe6ac7d49e4602e89bbacd,5
train,Dermatitis,../datasets/feed/train/Dermatitis/HOT-SPOT-IN-DOG-HOW-vet-treated-symptom-prevention_-flea-bite-moist-eczema_dog-itching-000456_png_jpg.rf.5e6fbe021b74cbe48beb48d3c391aaef.jpg,eadc385e03617dd391db2442cd53accc,1
train,Ringworm,../datasets/feed/train/Ringworm/C55DA5C6-7CDF-492D-BBDC-E65950635912_jpeg_jpg.rf.ee4c0d8ff9862c20aba1ea39113d4135.jpg,eadc3a7eb604b6b76dc657c06be1391e,5
train,Dermatitis,../datasets/feed/train/Dermatitis/Thank-you-all-for-your-support_00016_jpg.rf.466cda1f2d71534a614d93777202d83d.jpg,eae9194be68485e9d598b87d11fe776e,1
train,Hypersensitivity,../datasets/feed/train/Hypersensitivity/Hypersensitivity_2_jpg.rf.7afa42a783b73d91555b4f7b9f54629b.jpg,eb08afe4e8af9a604502cd3715ef18da,4
train,Ringworm,../datasets/feed/train/Ringworm/436646102_943880210611867_8407756000999041587_n_jpg.rf.361f6d728a3d99adbe4a1a5f6d4ce16f.jpg,eb10877fe091fe9de7c93ede1ab809e2,5
train,Ringworm,../datasets/feed/train/Ringworm/1000011982_x4_jpg.rf.55cfc391865d72727a786306524e4461.jpg,eb17fa4bc8e4293b0274aa633962a54d,5
train,Fungal Infections,../datasets/feed/train/Fungal Infections/Fungal_2_jpg.rf.9e8d6cdff14a462d777dd78210002432.jpg,eb333e7708959427214007940924ccb5,2
train,Fungal Infections,../datasets/feed/train/Fungal Infections/pic75_jpg.rf.86520b28626c968eacd34631d95a6e75.jpg,eb6f1853f01392e6ef56310abde08942,2
train,Ringworm,../datasets/feed/train/Ringworm/ringworm-116-_jpg.rf.103dde9b7e9e4566f3284ebf155f43a0.jpg,eb89f2306d8fe7b193c3c27eda768675,5
train,Healthy,../datasets/feed/train/Healthy/pic65_jpg.rf.4fea6dd8f973df064792c6832e3e5521.jpg,eb91fd113470e79dbe88637fd1dc0224,3
train,Fungal Infections,../datasets/feed/train/Fungal Infections/1102_jpg.rf.b30d12d3af827fc71777ec007eca9d77.jpg,eb9642e80894e0f6c2ee6bd68de01dc9,2
train,Hypersensitivity,../datasets/feed/train/Hypersensitivity/B9781416056638000070_f007-021-9781416056638_jpg.rf.278c3c5c6f9b5654a194de2e7b70c59d.jpg,eba6aa9c271c83d0a5c941bf7fec30fd,4
train,Ringworm,../datasets/feed/train/Ringworm/436660568_816714827062296_2603836073731005890_n_jpg.rf.94d417b3859b6016d0514ca9a4976ed4.jpg,ebb87b2c4989699700e626aa1c4f68b5,5
train,Fungal Infections,../datasets/feed/train/Fungal Infections/pic64_jpg.rf.8cf02ed07d7d5636233ae12f14c6c973.jpg,ebd3c21ffc74a7f058f61ccc33452c34,2
train,Fungal Infections,../datasets/feed/train/Fungal Infections/pic8_jpg.rf.d2b3b2e87ea97ff7c4a5f9c046a18c30.jpg,ebd8b63ab23d15a8229adbaa9c56a2ba,2
train,Ringworm,../datasets/feed/train/Ringworm/435664928_1153756869147274_8155501997547220077_n_jpg.rf.b167ab412f8b2d2d6978e196482a27bb.jpg,ebecf36b8fb48d7ff82e491e607cd6ea,5
train,Fungal Infections,../datasets/feed/train/Fungal Infections/FUNGAL-INFECTION_065_jpg.rf.2cbd50c253a2f22bddc73f9d3443ae73.jpg,ebf1fef7fc4505dd353cfadad6de7c8a,2
train,Demodicosis,../datasets/feed/train/Demodicosis/P30_png_jpg.rf.ebba7df9e9c2afc0d840b2c57772a41c.jpg,ebf4c8cb0f254719fb1d9262c8f71aa5,0
train,Ringworm,../datasets/feed/train/Ringworm/R60_png_jpg.rf.9ab54d69ba3a56d963878c1e10abd1bf.jpg,ec1e7b891905625f0d3b309bebce10d1,5
train,Healthy,../datasets/feed/train/Healthy/028_jpg.rf.09b7584b4337f06e302a81beffada0c5.jpg,ec36a72d7d49d8c058217375976ded7f,3
train,Ringworm,../datasets/feed/train/Ringworm/R26_png_jpg.rf.0ea34a090941c2cad7f748537bc110fb.jpg,ec4f67df8609b0d50c21c22379da05b8,5
train,Dermatitis,../datasets/feed/train/Dermatitis/May-is-allergy-awareness-month-here-at-The-Shot-Spot_02314_jpg.rf.1a7f8748c0caf1a6c42ea1418694778a.jpg,ec5cd642075a050e896dc26a559ceb14,1
train,Demodicosis,../datasets/feed/train/Demodicosis/2024-05-13-134508_1_jpg.rf.4d0d798cdc3e026858ac2940179b2840.jpg,ec7f45b1ca1262316d67a103059fafde,0
train,Ringworm,../datasets/feed/train/Ringworm/436685073_799772981646313_4606726835859676318_n_jpg.rf.1b5cc69ea47a68eba40b6a3a471a07ef.jpg,ec87f5335bea497756c6d71382495573,5
train,Dermatitis,../datasets/feed/train/Dermatitis/HOT-SPOT-IN-DOG-HOW-vet-treated-symptom-prevention_-flea-bite-moist-eczema_dog-itching-000501_png_jpg.rf.f7cf9d8dfd5a15f24c2cfbe668ce5c1d.jpg,ec98e055612b9c6fd26737cc01230b71,1
train,Demodicosis,../datasets/feed/train/Demodicosis/1-30-_png_jpg.rf.3901fc394d1ff02f97d6294ef4e40288.jpg,eca19a7f0a38b4198d0d1b45ca034fc2,0
train,Demodicosis,../datasets/feed/train/Demodicosis/IMG_5241_jpeg_jpg.rf.e729bf2ec338888cb8a9b77e335b37d9.jpg,ecb97c13f00d8ca4946a726fd450df9e,0
train,Ringworm,../datasets/feed/train/Ringworm/Day-28-of-ringworm-treatment_00151_jpg.rf.f8ad4d0d78691ac1fe9ce92241394066.jpg,ecca5053600581a37e219cfa2447eb5c,5
valid,Ringworm,../datasets/feed/valid/Ringworm/ringworm-156-_jpg.rf.986197d9eafe38db5de43798b9a5468e.jpg,ece96deb8fcba556b9add639d4c5d1f8,5
train,Ringworm,../datasets/feed/train/Ringworm/R56_png_jpg.rf.344519f8d00b4ce8c2f90f1e01f6fb70.jpg,ecfb00321b3323ccd220e17ca7673fe1,5
train,Hypersensitivity,../datasets/feed/train/Hypersensitivity/Hypersensitivity2_png_jpg.rf.39b3c31c816ebab00bbfc724bc23246f.jpg,ed07f8687ebb0e027634e675b14a1863,4
valid,Ringworm,../datasets/feed/valid/Ringworm/R37_png_jpg.rf.ba77e06f3a029b3b24fbf2ad57efebae.jpg,ed12b4ee89231b9e8fa185c9fb67a6b2,5
train,Fungal Infections,../datasets/feed/train/Fungal Infections/FUNGAL-INFECTION_069_jpg.rf.e4888f38acc299ab761e58a8954d5fd0.jpg,ed24a0903488996134428fdf02495714,2
train,Dermatitis,../datasets/feed/train/Dermatitis/May-is-allergy-awareness-month-here-at-The-Shot-Spot_00004_jpg.rf.82dcbdafd7a619b98b50cd51b031848d.jpg,ed250f35e7ee505c82e83331d764aa2d,1
train,Fungal Infections,../datasets/feed/train/Fungal Infections/pic78_jpg.rf.64f595124322d0cedf1bc8960eb7f9e9.jpg,ed2fa2aa6d0815d42165cbea4dcf0dba,2
valid,Ringworm,../datasets/feed/valid/Ringworm/ringworm-18-_jpg.rf.26e0d0ca0e7e517d91eeb4aff16d7c25.jpg,ed363285ebe22be6a4a7178ee263c085,5
valid,Healthy,../datasets/feed/valid/Healthy/dogs_003_jpg.rf.c0a90539ee27d074ef096f53f859fe76.jpg,ed373a17fb4663f8c67c9f3ff75988e5,3
train,Dermatitis,../datasets/feed/train/Dermatitis/HOT-SPOT-IN-DOG-HOW-vet-treated-symptom-prevention_-flea-bite-moist-eczema_dog-itching-000487_png_jpg.rf.5fd7bb20cd2026a3d0153ae20188162d.jpg,ed3de9fb0206648bb2077596285b3f2f,1
train,Ringworm,../datasets/feed/train/Ringworm/R21_png_jpg.rf.91e7985634be54281593109beabb2611.jpg,ed5277fded8a6a2aea22bc0cc38d5eac,5
train,Demodicosis,../datasets/feed/train/Demodicosis/IMG_5222_jpeg_jpg.rf.384b0b1eda0cc60b7eae62fed9a437f2.jpg,ed52cbc6d213ac2f9504b30349262798,0
train,Healthy,../datasets/feed/train/Healthy/dogs_083_jpg.rf.becc0266d2e68e4d3dd113d25fb127d7.jpg,ed5fd3a0c0202613d4f10fdd701a7bcc,3
train,Demodicosis,../datasets/feed/train/Demodicosis/1-59-_png_jpg.rf.039be75058531dd2d490177def28fdce.jpg,ed69e6d5617fbf4be1cf1b336df9b258,0
train,Hypersensitivity,../datasets/feed/train/Hypersensitivity/Hypersensitivity_1_jpg.rf.6e7daa62442942b02b35a2788619f624.jpg,ed6ab60d2e9344acb766bde865a1e707,4
valid,Ringworm,../datasets/feed/valid/Ringworm/WIN_20240514_17_26_56_Pro_jpg.rf.a16117c4799bec1421dc05538e8534bc.jpg,ed707d8f5b455849ea6753fe7bc084ec,5
train,Dermatitis,../datasets/feed/train/Dermatitis/HOT-SPOT-IN-DOG-HOW-vet-treated-symptom-prevention_-flea-bite-moist-eczema_dog-itching-000482_png_jpg.rf.32211c467b8097fc3264413d757dbcb4.jpg,ed7b91964ad3fc56a26a84864b6d3bcc,1
valid,Demodicosis,../datasets/feed/valid/Demodicosis/2024-05-13-165649_jpg.rf.04e313c34b7577518d1fde13ed9fd9e0.jpg,ed7c9cbbd51027fd85f5203b17367993,0
train,Demodicosis,../datasets/feed/train/Demodicosis/1-9-_jpg.rf.18a967ead7755c5b60786910b1da5971.jpg,ed8e8beb74857c02e38dab4b60836c5e,0
train,Demodicosis,../datasets/feed/train/Demodicosis/2024-05-13-162638_jpg.rf.d4541de0277e761dad865fa065b1951c.jpg,eda616e12ba529de6d4cfce227237def,0
valid,Ringworm,../datasets/feed/valid/Ringworm/NEWR23_png_jpg.rf.4585283048ddd4259c7a1394d7d8fd5e.jpg,edabf22984a4829546550e53a798ba09,5
valid,Ringworm,../datasets/feed/valid/Ringworm/ringworm-41-_jpg.rf.bd044cf8c08a72c260b166503283edb8.jpg,edc9e65bcb4387575141a2758019a3b6,5
train,Dermatitis,../datasets/feed/train/Dermatitis/1000010761_x4_jpg.rf.5c7bb02aad28344dcea4ec49e8ca1fc9.jpg,eddbca5045a87f948d8789d643b8277e,1
valid,Dermatitis,../datasets/feed/valid/Dermatitis/1000010511_x16_jpg.rf.3f6bac5daa530f4564481b9285e0c977.jpg,ede6112860f08f1fe8f1acb6cc569ffb,1
train,Demodicosis,../datasets/feed/train/Demodicosis/2024-05-13-165139_jpg.rf.5a158600ac33087acb702b0a79d0ca5f.jpg,ede78e652cd03b2a193ff448fc2432ca,0
train,Demodicosis,../datasets/feed/train/Demodicosis/P22_png_jpg.rf.a02c5bc3c095927c35328aa7c9b9cb8a.jpg,edee016643ea6e9c0f3630a5e3b3355d,0
train,Fungal Infections,../datasets/feed/train/Fungal Infections/pic71_jpg.rf.007aa5dda1b6446f127e3a63069e8c12.jpg,edf24f486b8ab7546a51b61068d49536,2
valid,Dermatitis,../datasets/feed/valid/Dermatitis/1000010697_x16_jpg.rf.f7efcdcfd7a9dba8ad55b5a6b9f50099.jpg,edfef63b6f898f7319fb4e11d9a630ca,1
train,Dermatitis,../datasets/feed/train/Dermatitis/May-is-allergy-awareness-month-here-at-The-Shot-Spot_00139_jpg.rf.b37fa605d7fb2a62189114e790d6fb80.jpg,ee2da289181fbce238b28f09af484970,1
train,Healthy,../datasets/feed/train/Healthy/HEALTHY_038_jpg.rf.5441ce03e008a355e101b7e2ae980acd.jpg,ee376ef5e6a3f041937461294fc02cfe,3
train,Demodicosis,../datasets/feed/train/Demodicosis/2024-05-13-162032_4_jpg.rf.d1111851ed7d2d8d7d040949a3fbfdbd.jpg,ee502b40f7956cf27cad649aa54fdcf5,0
train,Demodicosis,../datasets/feed/train/Demodicosis/scabies_115_png_jpg.rf.41c24832875458e8367afcd7e0417afb.jpg,ee5beefce2d5960f5249ce26bb99dc2c,0
train,Ringworm,../datasets/feed/train/Ringworm/R47_png_jpg.rf.adf590a5448fef6a13ae8b261d7af39a.jpg,ee8a311b59cba2806a146f8f632854ce,5
train,Fungal Infections,../datasets/feed/train/Fungal Infections/pic5_jpg.rf.26ded316473b9930ed3d7d8ac2e708b7.jpg,ee9d62ae4fb3e807cee849f58daf217c,2
valid,Demodicosis,../datasets/feed/valid/Demodicosis/1-50-_png_jpg.rf.b225f519a5f755e22fb714fc4aa32b82.jpg,ee9e195ef0d077b4754ba936d0568272,0
train,Fungal Infections,../datasets/feed/train/Fungal Infections/fung4_jpg.rf.38fe323027c4e61b8fea4f22f5d7bfe4.jpg,eea8e73c80136ce697f585467118c750,2
train,Demodicosis,../datasets/feed/train/Demodicosis/2024-05-13-164256_1_jpg.rf.b5b5e802af2d590220c2dfd00683f847.jpg,eeda0c9e5590e2a22a9d303a72dd724b,0
train,Ringworm,../datasets/feed/train/Ringworm/NEWR41_png_jpg.rf.f6ac54917a64f6e7558569bc8804d256.jpg,eedec7c851e9c065ecd233f8ced92fcd,5
train,Demodicosis,../datasets/feed/train/Demodicosis/1-72-_png_jpg.rf.900751fd640eeb1e38a48a88d254d13d.jpg,eee564fdd926674ec183bd2c8d09be5a,0
train,Demodicosis,../datasets/feed/train/Demodicosis/1-65-_png_jpg.rf.525de2d6898ef7cc167f774926757575.jpg,eeec0d365f4bd65fae8d1675e827f2cb,0
valid,Dermatitis,../datasets/feed/valid/Dermatitis/hotspot-61-_jpg.rf.b17451292c4cfa7253e5bf1723ee9fc5.jpg,eefe7ae1958a6545e6b42b9263140674,1
train,Dermatitis,../datasets/feed/train/Dermatitis/May-is-allergy-awareness-month-here-at-The-Shot-Spot_01663_jpg.rf.401265bc1bf525a7bf761b10bcbe6103.jpg,ef0253045ea0c228e43d463d81fad929,1
train,Dermatitis,../datasets/feed/train/Dermatitis/Bacterial_Image_2_jpg.rf.a94ca2806e45ebbae99d2bea4aec7b11.jpg,ef06d6c3d74c1ddf2b1f26c836e6d9d2,1
train,Ringworm,../datasets/feed/train/Ringworm/ringworm-44-_jpg.rf.8dfa8ce01ba8df4d3ef18010d8dfe4e2.jpg,ef14838f431ccb0df71c0bcee2525cc9,5
train,Ringworm,../datasets/feed/train/Ringworm/ringworm-121-_jpg.rf.43e1f0f2e3b0b55611ccb3d9498eb49b.jpg,ef39bcedac409d3019c240ef837328c5,5
train,Ringworm,../datasets/feed/train/Ringworm/WIN_20240514_17_38_28_Pro_jpg.rf.d8cdeea5fa313181600211a5c972cfb2.jpg,ef58c1461fae24e80d0177c288166584,5
train,Ringworm,../datasets/feed/train/Ringworm/R20_png_jpg.rf.79dce8f2c430e58579df3df570a8b729.jpg,ef70cf77067f2231fc526575adae8bc6,5
train,Demodicosis,../datasets/feed/train/Demodicosis/1-13-_jpg.rf.30df2b8b786b4bcc24419f077ce9cf85.jpg,ef75f1f06b764b37ffcaf02c819de8f4,0
train,Ringworm,../datasets/feed/train/Ringworm/NEWR14_jpeg_jpg.rf.39aa7d9ecd5ef33a1f5be694bd8fe0f7.jpg,ef83924cfdde37b32de24c68cb641d4f,5
train,Demodicosis,../datasets/feed/train/Demodicosis/scabies_121_png_jpg.rf.fdd53a84a0fe6a17c6a045d97258193b.jpg,efa1f5be8e524de5249f806ae1a8475e,0
train,Ringworm,../datasets/feed/train/Ringworm/ringworm-61-_jpg.rf.b91ebe0179c0f1a2461bd6fa1fbdd8a3.jpg,efcf2220daebb6ecc4d5e25792e02696,5
train,Demodicosis,../datasets/feed/train/Demodicosis/2024-05-13-164132_jpg.rf.37d52193e54d143f30ac7d504c43a7f7.jpg,efcfa46fb8c3067df184b96392082202,0
train,Healthy,../datasets/feed/train/Healthy/dogs_131_jpg.rf.50353209a22f515930b1e1cb80cdae18.jpg,efefee69de79bea1ee6277c84e5ce1ab,3
train,Healthy,../datasets/feed/train/Healthy/pic42_jpg.rf.557a2c8de601cb7fd6a846161fc397c7.jpg,effdfa241d755ffee34ba3178d60c47b,3
valid,Healthy,../datasets/feed/valid/Healthy/Image_22_jpg.rf.ef0ab54e7b427d957f107dc9f4ca39f8.jpg,f00125f8a5e217b4a51c6504f6f136a3,3
valid,Ringworm,../datasets/feed/valid/Ringworm/ringworm-14-_jpg.rf.af85b0f2400d38902a04bf0f1f0c7e7f.jpg,f003e14cb9a4f2cd8641e01f558038cb,5
train,Ringworm,../datasets/feed/train/Ringworm/1000010644_x16_jpg.rf.2933b83ca769551ba83550234ba1d279.jpg,f0045cd7e52a5d147aea53a4e7c376c4,5
train,Fungal Infections,../datasets/feed/train/Fungal Infections/FUNGAL-INFECTION_056_jpg.rf.1c0d00de2d320c8dd69f5c054e419784.jpg,f006c7c4c6648d5ff2f8df7075c3df42,2
valid,Ringworm,../datasets/feed/valid/Ringworm/ringworm-3-_jpg.rf.224c75714b8825f0e879ce83ff1679c2.jpg,f00f4b254c572b8f0973fd54a9610be6,5
train,Healthy,../datasets/feed/train/Healthy/dogs_137_jpg.rf.92d10211ed534c0db33f530261ce5641.jpg,f01d19502575b85ab5005baf29146bd9,3
valid,Demodicosis,../datasets/feed/valid/Demodicosis/scabies_113_png_jpg.rf.32df13865a12c3fde2b0dcca4dcf7ceb.jpg,f01e0cc24c38ac4bf6a74eff61f459cd,0
valid,Dermatitis,../datasets/feed/valid/Dermatitis/bacc1_jpg.rf.62d9af3d3d5fe7d2fbd92900935ee158.jpg,f027a4cfdd3d90a20622ee8ddb30e0dd,1
train,Healthy,../datasets/feed/train/Healthy/images-43_jpg.rf.82c6f9b08a2080fe4c7c3b4c5597fdbc.jpg,f0370c8d721fea8a7071fa530e8526fd,3
train,Ringworm,../datasets/feed/train/Ringworm/WIN_20240514_17_36_38_Pro_jpg.rf.6f623f138d7d00748278e4b2197479b0.jpg,f03cb71508d5813b3fcc09321b8c2493,5
valid,Demodicosis,../datasets/feed/valid/Demodicosis/2024-05-13-162429_jpg.rf.92e7723fc84fc33695bde616e9bfc149.jpg,f041d3ba0307bbccc989c015ffc235ab,0
train,Dermatitis,../datasets/feed/train/Dermatitis/Hot-Spot-on-_Chance_-How-to-treat-a-dog-that-you-can_t-touch_-000620_png_jpg.rf.1c3c02b554dff198ba26cb244e0b83d2.jpg,f042d5aaef5d3bef7ee0e6956e9373b1,1
train,Ringworm,../datasets/feed/train/Ringworm/NEWR47_png_jpg.rf.338d5eadbcee42bde52fd653b8257b91.jpg,f057518967e849a1a9809be9bf78685b,5
train,Dermatitis,../datasets/feed/train/Dermatitis/May-is-allergy-awareness-month-here-at-The-Shot-Spot_00529_jpg.rf.4985e346745a882a1657ac012280dc30.jpg,f06f899254b2785cf6ec15467bf9a717,1
train,Healthy,../datasets/feed/train/Healthy/pic27_jpg.rf.df5d62fe0cbdcff2c001c7cf06b830ba.jpg,f0791cb8e4128ae423dc2fe4f2eb16eb,3
train,Demodicosis,../datasets/feed/train/Demodicosis/P47_jpg.rf.a2d7886fed536fcce90832b19e5f2444.jpg,f07ad3a3c279b760e467871612404717,0
train,Ringworm,../datasets/feed/train/Ringworm/WIN_20240514_17_30_40_Pro_jpg.rf.08cc26eb73ade96068eaf5a44e24ff91.jpg,f08598e94a65dd8beda5e2eca6316bc9,5
train,Healthy,../datasets/feed/train/Healthy/Image_27_jpg.rf.e0c81e48068ca707a89f22b15499fa96.jpg,f08939739374a29ec2c113aa312857fa,3
train,Hypersensitivity,../datasets/feed/train/Hypersensitivity/1400_jpg.rf.0976a7cdac2fd4d2de2a2b270fae01f3.jpg,f0b4832f6a67f44117178a9bb31e7fad,4
valid,Hypersensitivity,../datasets/feed/valid/Hypersensitivity/Hypersensitivity_1_jpg.rf.6798e16d00bda37db77547c225b66538.jpg,f0cfee9fe779b4d5f03fcc09d3c59a6c,4
train,Fungal Infections,../datasets/feed/train/Fungal Infections/1035_jpg.rf.b96af22cbf6953d1fa1789eebd894013.jpg,f0d0a51f0c4862f04abf144c5e233d07,2
train,Dermatitis,../datasets/feed/train/Dermatitis/hot-spots-suck_00343_jpg.rf.a1f1c55ea4411939fa265c276f0a47f5.jpg,f0e223e7d6c5f3f6e329f419e10009ce,1
train,Fungal Infections,../datasets/feed/train/Fungal Infections/1024_jpg.rf.ff2f83294d597198a44be81e73366d68.jpg,f0fa8752624cdc1d9e712428068926f0,2
train,Ringworm,../datasets/feed/train/Ringworm/ringworm-36-_jpg.rf.eb84d9d096969b96212899bcc4ac5cfb.jpg,f124710dd40ed72ae9ba8388145cb3f4,5
train,Ringworm,../datasets/feed/train/Ringworm/flea_allergy-10-_jpg.rf.41e1419c5c36170400951cabb1ef5e39.jpg,f13613fca28e7f3cec3e6114962a3533,5
train,Demodicosis,../datasets/feed/train/Demodicosis/P17_png_jpg.rf.62f93cf9c22680f92e5d590481e1e7b7.jpg,f13b4bb4d35fca566cebbcbb2ac2a948,0
train,Healthy,../datasets/feed/train/Healthy/dogs_007_jpg.rf.1991b5e4bc527eadd4d149eb818f1ea5.jpg,f15a21f72d82e8924b32d39f41566a61,3
valid,Ringworm,../datasets/feed/valid/Ringworm/NEWR59_jpeg_jpg.rf.d5f59f0c4781292708d305783b175a5c.jpg,f17d4c78cdee5cf2fe746827aaf71610,5
train,Ringworm,../datasets/feed/train/Ringworm/NEWR59_jpeg_jpg.rf.cdb5a6001d56a1c4a624c79b820763c7.jpg,f1bf0ae1bbe50bf83294e48c1d78f6a8,5
train,Ringworm,../datasets/feed/train/Ringworm/ringworm-139-_jpg.rf.228ec34f0e3114d14a3a3c0765b6d86d.jpg,f1c31c41cb622e229f29878f146c9383,5
train,Healthy,../datasets/feed/train/Healthy/dogs_152_jpg.rf.e4022c68abdf1bd0132ac024c51d05f0.jpg,f1c3dc859da22239ecc56a6c3253010e,3
train,Demodicosis,../datasets/feed/train/Demodicosis/1-38-_png_jpg.rf.0eee8942e9e3e578cad8de27b682800d.jpg,f1c59d4f38b422f5c35f0bb3d8bb431a,0
train,Healthy,../datasets/feed/train/Healthy/dogs_151_jpg.rf.5b67e20b7b66c7b6b9acb0c1a521e236.jpg,f1ca20f4072cb2b2bef0b4e5cf485f31,3
train,Dermatitis,../datasets/feed/train/Dermatitis/HOT-SPOT-IN-DOG-HOW-vet-treated-symptom-prevention_-flea-bite-moist-eczema_dog-itching-000485_png_jpg.rf.a9b91b2dfa6df2e8605b01230ab5536f.jpg,f1deacaf424ca9a830f75d6a3d2f0a8b,1
train,Ringworm,../datasets/feed/train/Ringworm/1000010667_x16_jpg.rf.b11597f72b171c070996d28adbb1c174.jpg,f1dedcf50d4c458d301bf920c1b933b6,5
valid,Ringworm,../datasets/feed/valid/Ringworm/1000010682_x16_jpg.rf.089c74a6b248c778c078cdc6073c24cf.jpg,f1e3939fc6f4f248c6de9e185e3f3aab,5
train,Ringworm,../datasets/feed/train/Ringworm/436685073_799772981646313_4606726835859676318_n_jpg.rf.d993b2c614e7254e1bb05c4aa780e461.jpg,f1f2b05af7c6be8c36fbc8778060f3f2,5
train,Demodicosis,../datasets/feed/train/Demodicosis/IMG_5195_jpeg_jpg.rf.54de33d1fbdf1a118f0691df6a6c3e24.jpg,f200d54ff9c2a590988a8e5c100f4069,0
train,Ringworm,../datasets/feed/train/Ringworm/ringworm-70-_jpg.rf.d6dc7ae94b1020567811a348c5525052.jpg,f22f4d558c4d9edc03ace4c3bb94187a,5
train,Hypersensitivity,../datasets/feed/train/Hypersensitivity/Hypersensitivity4_png_jpg.rf.0e4a72c117fa60b1685b1671e70cfcd5.jpg,f2389f66929fa87e144df71446f10f17,4
valid,Dermatitis,../datasets/feed/valid/Dermatitis/HOT-SPOT-IN-DOG-HOW-vet-treated-symptom-prevention_-flea-bite-moist-eczema_dog-itching-000499_png_jpg.rf.2cea4cfe09658cf441e7c7e378940dc1.jpg,f2405ce3434261af3f2c6aef3b3f5ae7,1
train,Fungal Infections,../datasets/feed/train/Fungal Infections/FUNGAL-INFECTION_005_png_jpg.rf.b7bedbd6491af54caf59a85afb2d11cf.jpg,f2625e09bedee1e63f6267e33f72eb0a,2
train,Ringworm,../datasets/feed/train/Ringworm/ringworm-69-_jpg.rf.76a29cc5cf2bb39a88cabd446f95341f.jpg,f27d854a806a68b1a30315cbecc98625,5
valid,Healthy,../datasets/feed/valid/Healthy/Image_27_jpg.rf.d6cf023317f97c6f4e920e42791c8ebf.jpg,f290fa4d0a53bd2cf82e014d9aecc6f4,3
train,Fungal Infections,../datasets/feed/train/Fungal Infections/fung2_jpg.rf.d2b1f3b76058b530675253f1a1d5ada5.jpg,f2b31eb1b087f27179309c32a2d5c9df,2
train,Ringworm,../datasets/feed/train/Ringworm/WIN_20240514_17_38_07_Pro_jpg.rf.fe8713cd1d4e3400fdcb40e6c9ae8a5b.jpg,f2c5570bbe39db092023bd1f06f05576,5
train,Fungal Infections,../datasets/feed/train/Fungal Infections/pic81_jpg.rf.83143c2d54fc6aa757e08c58c9b6f859.jpg,f2e4ee862644259791ff74f820aa051a,2
train,Dermatitis,../datasets/feed/train/Dermatitis/1000010538_x16_jpg.rf.c8e8622506e3808fef8574c30539337a.jpg,f2e82bf9a08f0b0a3214a1fec61f0cca,1
valid,Healthy,../datasets/feed/valid/Healthy/pic52_jpg.rf.658430b894f653db37ef7db132d769c5.jpg,f2f16ae30a90eac090e21017b3498eea,3
train,Ringworm,../datasets/feed/train/Ringworm/R25_png_jpg.rf.b866bb867b7e7c8632f4ecf421db1936.jpg,f2f93f3d00f27fbf9344e66e8099ce2e,5
train,Dermatitis,../datasets/feed/train/Dermatitis/May-is-allergy-awareness-month-here-at-The-Shot-Spot_00550_jpg.rf.9bce15d8a74f0d8152710476d84f3619.jpg,f33feda8cefb084e8a25f7fb1d636680,1
train,Demodicosis,../datasets/feed/train/Demodicosis/scabies_127_png_jpg.rf.ca09adce7d3be8eac4d0007ecccad4f4.jpg,f3552d5b550a545894d7d3cd5ee9ffb8,0
train,Dermatitis,../datasets/feed/train/Dermatitis/1000010648_x16_jpg.rf.564052e8bc00e69895093c657fb2abe5.jpg,f356eb4e206019ae9a400b9c27428528,1
train,Fungal Infections,../datasets/feed/train/Fungal Infections/Fungal_Image_1_jpg.rf.0c4fef57782c07f9de0fa4f163c844ea.jpg,f35aae36c8b54a3c127a1df0b5673d1d,2
train,Healthy,../datasets/feed/train/Healthy/HEALTHY_053_jpg.rf.66fb30e3f216566d845fd8d98d493beb.jpg,f368132de43a3f4382e535a66e3e4d15,3
train,Fungal Infections,../datasets/feed/train/Fungal Infections/1116_jpg.rf.529e17bb506fa655ae26075968ca6799.jpg,f372931248d0b4d51b4f0bf1c2f36ffd,2
train,Demodicosis,../datasets/feed/train/Demodicosis/P27_png_jpg.rf.a8a83789f6b87e89b483d7f864cc6883.jpg,f37dd55b1fc0969c740a0207ae9fe70e,0
train,Ringworm,../datasets/feed/train/Ringworm/ringworm-108-_jpg.rf.9be63a9f77cab652dd7ecfa971ccc8a2.jpg,f38e7a175ad68aeacad753e975aaeb5a,5
train,Healthy,../datasets/feed/train/Healthy/dogs_276_jpg.rf.da42c50e02a8742af4003ed4e0e52bef.jpg,f40c13437d534b16f4b917e727c11ef7,3
train,Dermatitis,../datasets/feed/train/Dermatitis/1000010516_x16_jpg.rf.1974fd1dd508725ea8e1b7f48757de8f.jpg,f44d564417ce33c7b4029daedf240b55,1
valid,Healthy,../datasets/feed/valid/Healthy/dogs_150_jpg.rf.18fb134221add7a4b3c15d379727e809.jpg,f452d74b9d4c7cfe85f2fc606b490911,3
train,Demodicosis,../datasets/feed/train/Demodicosis/2024-05-13-134336_2_jpg.rf.9c3fb0647faa021043b402bfb7199ce9.jpg,f454522f8b0dc51fc10f7e06f4a3032f,0
train,Dermatitis,../datasets/feed/train/Dermatitis/OIP-6-_x4_jpg.rf.dfd084e7ced1f155dd81b09cc5b3c079.jpg,f4545e00437f76a7fb265495c55e2713,1
train,Ringworm,../datasets/feed/train/Ringworm/NEWR4_jpeg_jpg.rf.465b712c64f1a2b0ddabb58041111ea4.jpg,f46b2a8b90fe36297e5e59a5c1830b83,5
train,Demodicosis,../datasets/feed/train/Demodicosis/2024-05-13-162923_jpg.rf.65407501382b1115b583cd6da2bbb44a.jpg,f46c6a9866ad36fee121d0156b5086ec,0
valid,Ringworm,../datasets/feed/valid/Ringworm/R33_png_jpg.rf.63eada789b4566225f4770c1bcd1ddd3.jpg,f48a4787329f8b41b83054abfcc72663,5
train,Demodicosis,../datasets/feed/train/Demodicosis/1-32-_png_jpg.rf.3cc081fd515ea185fd5015a80e480127.jpg,f4a5485c362d77700c236acf7d8b2d02,0
train,Hypersensitivity,../datasets/feed/train/Hypersensitivity/B9781416056638000070_f007-014-9781416056638_jpg.rf.f7f9e4c797a2af5d58bba0043fb0239a.jpg,f4b0c37c48dd937eb2e73a46ba3f91f1,4
valid,Healthy,../datasets/feed/valid/Healthy/pic31_jpg.rf.55276cc6f5ff29503df5ccee042d34f2.jpg,f4b3d7a7f20901ed2de0ac003339f5e6,3
train,Ringworm,../datasets/feed/train/Ringworm/ringworm-49-_jpg.rf.d5af3ae94c57b7983dbca7efbba814d0.jpg,f4e53589c275abe8c30c31cae81b9892,5
train,Demodicosis,../datasets/feed/train/Demodicosis/IMG_5147_jpeg_jpg.rf.6617f1c74587822810f21ed56a373341.jpg,f4ee7c57d8ce58a76d788cbefca04f91,0
train,Ringworm,../datasets/feed/train/Ringworm/ringworm-103-_jpg.rf.91ac1654fc7c9a7e383a94cc347ade9f.jpg,f4f442f482e5e0d1728c0e3754cab550,5
valid,Dermatitis,../datasets/feed/valid/Dermatitis/HOT-SPOT-IN-DOG-HOW-vet-treated-symptom-prevention_-flea-bite-moist-eczema_dog-itching-000460_png_jpg.rf.7c19f9f7ea1bd44eaa1d5095512b2646.jpg,f4fb8aaf5a3f340aecaef198c43253d1,1
valid,Demodicosis,../datasets/feed/valid/Demodicosis/2024-05-13-165246_jpg.rf.810685fdbf9bf43fd1117fa4a55eb773.jpg,f51a555578e0f9ec835ee59594c5c4ae,0
train,Dermatitis,../datasets/feed/train/Dermatitis/HOT-SPOT-IN-DOG-HOW-vet-treated-symptom-prevention_-flea-bite-moist-eczema_dog-itching-000356_png_jpg.rf.20ced0b5e8ef75d152bb6989b45bd8d2.jpg,f52735ab30d8aebb46dc0d62d23c3791,1
train,Ringworm,../datasets/feed/train/Ringworm/WIN_20240514_17_38_52_Pro_jpg.rf.deae5f96fd56ae90d8cdc51e1a7e80c9.jpg,f5337bd37cba2ae4ba6fcd3e1887b629,5
train,Ringworm,../datasets/feed/train/Ringworm/BUTI-NA-LANG-AT-LAGI-AKONG-MAY-STOCK-AKO-NITONG-GAMOT-NA-ITO-000146_png_jpg.rf.007b52540b69bde5013316c0f8789143.jpg,f55457a2ec9cda00c5a70e68b1881f6c,5
train,Ringworm,../datasets/feed/train/Ringworm/ringworm-47-_jpg.rf.25f367d81959a44cab9c13517e4e26f2.jpg,f5739e756dab35c068fad43b46c6140d,5
train,Demodicosis,../datasets/feed/train/Demodicosis/2024-05-13-165218_jpg.rf.f60b9685f6e07c6e8a07be0f7ae160d9.jpg,f581f7d4ad4ab4b78f37c12c68078379,0
valid,Demodicosis,../datasets/feed/valid/Demodicosis/1-17-_png_jpg.rf.fef79850a81084998bbbcedcefa5cb24.jpg,f5c6290cf66bee440b24652936a7c583,0
train,Healthy,../datasets/feed/train/Healthy/HEALTHY_055_jpg.rf.4f322a9e55926029b7136c7e55de0455.jpg,f5e9c643c6165f9d28e6046c228007f0,3
train,Ringworm,../datasets/feed/train/Ringworm/ringworm-152-_jpg.rf.d1613652cb360c28667063cb78083455.jpg,f5ebdcffadaf89946870aa779444d047,5
valid,Ringworm,../datasets/feed/valid/Ringworm/1000010498_x16_jpg.rf.e459b3d905f45a3e1e9c1de5d287bf36.jpg,f5f01264ee7548029e485617426965c0,5
train,Ringworm,../datasets/feed/train/Ringworm/flea_allergy-48-_jpg.rf.1c4733cbb26c937362a641fbc187f43e.jpg,f5f0f02fbbcff45ecf2428b0559649dc,5
train,Ringworm,../datasets/feed/train/Ringworm/WIN_20240514_17_38_10_Pro_jpg.rf.15f7b00f9a89a4ae97740eb6a7870786.jpg,f60b9af674f2153cab6f57a8d6bcf6f0,5
train,Ringworm,../datasets/feed/train/Ringworm/R41_png_jpg.rf.8b4750e8b4c0a85abe33106df0ac2978.jpg,f6253b0210ea9ebfa4079f5e2929c733,5
train,Hypersensitivity,../datasets/feed/train/Hypersensitivity/B9781416056638000070_f007-029-9781416056638_jpg.rf.d0022c2f996452d3bbcd9e93f36fe924.jpg,f664cf5786ac5a3709ac79fc8479efdc,4
train,Healthy,../datasets/feed/train/Healthy/dogs_037_jpg.rf.925367b4bf9835da1a37d76993807183.jpg,f66cb9c16a1d9b870e3f959b6eb9945c,3
train,Ringworm,../datasets/feed/train/Ringworm/ringworm-5-_jpg.rf.4e7c41fbbaa31e8a6f6061f7a86bf5fc.jpg,f674fe714cb1d36105797ba7458d0779,5
train,Ringworm,../datasets/feed/train/Ringworm/NEWR57_jpeg_jpg.rf.384b9bfeb85c44d6a749116b269938e6.jpg,f69cb94c002cd78394a6368604fd797c,5
train,Ringworm,../datasets/feed/train/Ringworm/Day-4-of-ringworm-treatment_00341_jpg.rf.5bc303062212fe37acc84da74839c15d.jpg,f6afdd15ce76146997313b45c65029d7,5
valid,Healthy,../datasets/feed/valid/Healthy/HEALTHY_017_jpg.rf.688fb6d00a8f9d22e5d93ef8e2f32136.jpg,f6d49d24230b00632f16ab9f051589bc,3
train,Demodicosis,../datasets/feed/train/Demodicosis/2024-05-13-163733_jpg.rf.c50e58ad640229480fe3d1f35978e121.jpg,f6d8c9a1d09274896790a357ce01ddc6,0
valid,Demodicosis,../datasets/feed/valid/Demodicosis/1-39-_png_jpg.rf.6642356e9f84e092d672290a0f7c5095.jpg,f6dc61b72fcec228bda55fcbade2436c,0
train,Ringworm,../datasets/feed/train/Ringworm/R12_png_jpg.rf.b2b32fd628e0e43d6dd37abd41e5b1f0.jpg,f6e9d0a087f6a66a5f773e604b591b06,5
valid,Demodicosis,../datasets/feed/valid/Demodicosis/P21_png_jpg.rf.312f389400c9e46e166b4d572d09232b.jpg,f6edd112b865e184a1e4d5b324fb8988,0
train,Demodicosis,../datasets/feed/train/Demodicosis/P47_jpg.rf.bc614d86616bc1a6299594b1a17c362b.jpg,f6f18cd9ad2a1479881f55057a89ce01,0
train,Demodicosis,../datasets/feed/train/Demodicosis/1-13-_png_jpg.rf.bea90431983b7f66b6127e03f8166b1f.jpg,f6fc78f1ad762c081cbb891058180f7c,0
train,Ringworm,../datasets/feed/train/Ringworm/912FBEB4-6632-4756-9EB8-62D0C4BDCF6B_jpeg_jpg.rf.742491d8bd251d142e1c4bd0e0380b5d.jpg,f719da87286656e3ddca400b890efa55,5
train,Ringworm,../datasets/feed/train/Ringworm/ringworm-13-_jpg.rf.400841b996c68747978867697dd35d78.jpg,f72d8b75fa4ff9ad701ee3df4312780f,5
train,Ringworm,../datasets/feed/train/Ringworm/Day-4-of-ringworm-treatment_00431_jpg.rf.13f9a3f2fce0337d82fd6c85d1669b74.jpg,f731659867696bdbd68e3bb30bd4ccf5,5
train,Healthy,../datasets/feed/train/Healthy/dogs_016_jpg.rf.87da0d7de1e546a5cdb0894583cdca67.jpg,f7394d49ca1c6fddc60dd08f411ef58e,3
train,Ringworm,../datasets/feed/train/Ringworm/436886639_984826669663928_3052914574866382434_n_jpg.rf.6d3205bf50ce6fd3119eb240440ba9c1.jpg,f75eead300fe582bd1abff6f380987d0,5
train,Healthy,../datasets/feed/train/Healthy/dogs_060_jpg.rf.4757f27ba81a1067f4df0b2b4756efc4.jpg,f772de59296b21e7542941bd1672fbc6,3
train,Ringworm,../datasets/feed/train/Ringworm/R58_png_jpg.rf.e9b604ca352c16bd17b076bb7bb587be.jpg,f79ff6eefd5b552406fc1c1bf9572f4a,5
train,Demodicosis,../datasets/feed/train/Demodicosis/scabies_120_png_jpg.rf.f1dc3e4e1e0b78e7f1a89bff41ee989a.jpg,f7c931702bec8b7f6d042cadc3f367f5,0
train,Dermatitis,../datasets/feed/train/Dermatitis/May-is-allergy-awareness-month-here-at-The-Shot-Spot_01654_jpg.rf.35d7ae2e4faec0b5ebc09f3ed486e523.jpg,f7dca71a2d9ef8e135d760c30a8a92dc,1
train,Demodicosis,../datasets/feed/train/Demodicosis/IMG_5173_jpeg_jpg.rf.f6f8539191870dca45b21a65ed5034ac.jpg,f7dd4746f7a823e344007eefea3bcbe1,0
valid,Dermatitis,../datasets/feed/valid/Dermatitis/pic4_jpg.rf.be099064e9c1b6e69fc8baac3c7b7b30.jpg,f7fd0d630161ee0b9e5b00ff9d751003,1
valid,Healthy,../datasets/feed/valid/Healthy/HEALTHY_003_jpg.rf.f10589f91f5777fa12d8d69453ab3484.jpg,f7fda45d987487f4d755c9ee7ea6e907,3
train,Healthy,../datasets/feed/train/Healthy/HEALTHY_045_jpg.rf.491c04515519b12e39641e96e366be08.jpg,f7ff2915bc6a61d40d9cae598dc180ab,3
train,Ringworm,../datasets/feed/train/Ringworm/R22_png_jpg.rf.352645f72cbd72fbb1fa5368b637ada3.jpg,f8040e13c972b92793682a5c5b02b5ee,5
train,Demodicosis,../datasets/feed/train/Demodicosis/D124_png_jpg.rf.e7c1c41f9bc4334f5d95f6ee019f0ce8.jpg,f81fe792117875ab6cb5ca830b4c62a2,0
valid,Demodicosis,../datasets/feed/valid/Demodicosis/IMG_5178_jpeg_jpg.rf.e10c3473e2b4c68dcdc9086bc75744ab.jpg,f82564a2e0805b34ce40ad2b9a9019aa,0
train,Demodicosis,../datasets/feed/train/Demodicosis/P28_png_jpg.rf.13b097c3454242f981e522b2a1f456bb.jpg,f82fb5b08716de5d73ca4b933997b235,0
train,Hypersensitivity,../datasets/feed/train/Hypersensitivity/pic9_jpg.rf.f44db9a199cecb68ab53d38acc7a3343.jpg,f83acc5e5d980b54c4eb0ed6acb97fa1,4
valid,Demodicosis,../datasets/feed/valid/Demodicosis/D124_png_jpg.rf.0266b1e56e951822405cb761bb604234.jpg,f84f8671b1b917d0bca2043afc3f55a1,0
train,Ringworm,../datasets/feed/train/Ringworm/NEWR20_png_jpg.rf.51dbb6241c888756dc43998f32b62abe.jpg,f86256bf0df05606da961fce8cc5b02d,5
train,Ringworm,../datasets/feed/train/Ringworm/R39_png_jpg.rf.cc3e52386fec319358ebab86c5326622.jpg,f8670c44c0e28dcfb38d8d1157b82261,5
train,Healthy,../datasets/feed/train/Healthy/039_jpg.rf.10683c065c6458043aa8ee72929a18a7.jpg,f868881dd0f3726bde9f9f6895ae269d,3
train,Ringworm,../datasets/feed/train/Ringworm/436704541_463761649559966_3525937843103121136_n_jpg.rf.c992eb363502c74feaedbde92317a660.jpg,f87e5f705695ef12236f92768fc93573,5
train,Ringworm,../datasets/feed/train/Ringworm/R35_png_jpg.rf.4be8cd3ef99efd158dcd625dfdb3531e.jpg,f880c26eea19900fbce1071a74a5fabe,5
train,Demodicosis,../datasets/feed/train/Demodicosis/1-65-_png_jpg.rf.194246c066d472963813aa4885dcf1c0.jpg,f88309919be2212643500bc972783758,0
train,Demodicosis,../datasets/feed/train/Demodicosis/P5_png_jpg.rf.7814becc7582611ef47b49a6be11a6dd.jpg,f88645bfa51ad1b442f83229f854ac71,0
train,Ringworm,../datasets/feed/train/Ringworm/R42_png_jpg.rf.8aedfc8741f713f325ff2b3bc40e3d14.jpg,f89c73a0d53b0c1cd6376ce00ddc3534,5
train,Demodicosis,../datasets/feed/train/Demodicosis/P50_jpg.rf.a63be095afa994ed54c614efb203f215.jpg,f8c0393c407de939e5731b071c1c9a5f,0
train,Demodicosis,../datasets/feed/train/Demodicosis/2024-05-13-162032_4_jpg.rf.102b7817c39f5388989f7b207505ed1e.jpg,f8d56eeca3b7cef61e233bc6f0f52544,0
train,Demodicosis,../datasets/feed/train/Demodicosis/1-9-_png_jpg.rf.7462ed8e28a53482dad9e2f5f055785a.jpg,f8dab94552a462666d8d6c5dc2e2b957,0
train,Demodicosis,../datasets/feed/train/Demodicosis/1-38-_png_jpg.rf.c7095b757bbd6af3a1585dc0078d315a.jpg,f8f64f820a469383e6eba3bfaffdb98b,0
train,Dermatitis,../datasets/feed/train/Dermatitis/1000010710_x16_jpg.rf.17f1bf3f50b212c2a2746fcb4791ddc6.jpg,f8fc18c5fccb7d28f6aa89df420da32e,1
valid,Ringworm,../datasets/feed/valid/Ringworm/R51_png_jpg.rf.08d6fe570a13b4938830257311823f6b.jpg,f90c3224d36af10f2e233b7ea5e4c521,5
valid,Demodicosis,../datasets/feed/valid/Demodicosis/IMG_5155_jpeg_jpg.rf.96b3157f7064dbc9fda53123a34d9731.jpg,f91104c115e584cb61efec6ee9c73151,0
valid,Ringworm,../datasets/feed/valid/Ringworm/NEWR38_png_jpg.rf.bcf550e97bfdf2b09fc8a7f52104d687.jpg,f91d07eabf277068de8ea8cec3a084b0,5
train,Fungal Infections,../datasets/feed/train/Fungal Infections/FUNGAL-INFECTION_039_jpg.rf.d399ad9a62daeba6ce4a29ca95cec577.jpg,f941e449329b7d7b73b8ccad744edf9b,2
train,Ringworm,../datasets/feed/train/Ringworm/ringworm-99-_jpg.rf.d2f5c550a88d66d48077cb2f022169a2.jpg,f996eaadcb8b34bbaa077a69776f676b,5
train,Demodicosis,../datasets/feed/train/Demodicosis/2024-05-13-162235_jpg.rf.dcff72d0fdef1785d7c7cff4812b2de6.jpg,f9a65f5d87120f1f831c49c9cba24197,0
train,Healthy,../datasets/feed/train/Healthy/images-28_jpg.rf.8538206b735d09673db7f474949c9945.jpg,f9ce0804534efdf1a486252c5a78e166,3
train,Dermatitis,../datasets/feed/train/Dermatitis/hot-spots-suck_00043_jpg.rf.2cb91f79628758508cf7fdd0bc13a332.jpg,fa03a030617ba150e5d16edf4a25bb0f,1
valid,Ringworm,../datasets/feed/valid/Ringworm/ringworm-35-_jpg.rf.8657f711019ad85a6b7a529b184b5be3.jpg,fa1d3cf9ce2dab70ce562a3e95696eb3,5
train,Ringworm,../datasets/feed/train/Ringworm/436704541_463761649559966_3525937843103121136_n_jpg.rf.133f2f4f9736608137b3fa2aa312c825.jpg,fa456e409c4ea6d2c435c197e272b43b,5
train,Healthy,../datasets/feed/train/Healthy/pic20_jpg.rf.e6135f1f05a12144452824ed0c7cdb8e.jpg,fa58e2ef7e66ce69f5016919cfbeb654,3
train,Ringworm,../datasets/feed/train/Ringworm/NEWR9_jpeg_jpg.rf.17bf6e03bfc2703e97f1a7eea61b32ee.jpg,fa7485b78f6aead9572c4d63fa2778ae,5
train,Ringworm,../datasets/feed/train/Ringworm/1000010498_x16_jpg.rf.08be04c649baa7d61a5eb881ec5c54e7.jpg,fa846df56d43eb75a9795eb4ce410670,5
train,Ringworm,../datasets/feed/train/Ringworm/436690070_400352989482816_2231845472517013715_n_jpg.rf.c2c6dababa3c9362ab30aa6b871128d7.jpg,fa91e156effb92d10a8f76158f997058,5
train,Ringworm,../datasets/feed/train/Ringworm/436768270_412696705044184_4681296294994857344_n_jpg.rf.7d5d46140467fdbb6de1d4b8b539084c.jpg,faaa75a0a0e8db56d294d9a72b4ab289,5
train,Healthy,../datasets/feed/train/Healthy/dogs_032_jpg.rf.81caf68ea4ab4a1ce45933d4c18166d1.jpg,fab827746c732a3bfa830f93ff8b02aa,3
train,Demodicosis,../datasets/feed/train/Demodicosis/1-59-_png_jpg.rf.525d4a00b176741beea201d57cc7193e.jpg,fad5f2b436db4c2af82a4a307bd0182a,0
train,Ringworm,../datasets/feed/train/Ringworm/ringworm-32-_jpg.rf.88966ca25b039c4578bafdb2ddfbb275.jpg,fada157b1b817ddf9fb259f0c60ebe57,5
train,Demodicosis,../datasets/feed/train/Demodicosis/2024-05-13-164224_2_jpg.rf.1662ee4cd619c8b5460c02d9bee820f7.jpg,fada6a33616176d184c750d65390ac51,0
train,Ringworm,../datasets/feed/train/Ringworm/1000011982_x4_jpg.rf.7aa7ec4f788dd4c36edd6986a793c99f.jpg,fadaa355bc7ee9cd9848f9b98a3cdbbc,5
valid,Fungal Infections,../datasets/feed/valid/Fungal Infections/pic54_jpg.rf.2df301f0d95fff65ddcda756fbd9a2eb.jpg,fae11230cf2a3ddb2ac7a7c2d7e9a654,2
valid,Ringworm,../datasets/feed/valid/Ringworm/R3_png_jpg.rf.61ed50b1c186905157f4e461f6e7dff7.jpg,fae4b60a40eb5da2f36bdb4d1a47e7d1,5
train,Dermatitis,../datasets/feed/train/Dermatitis/May-is-allergy-awareness-month-here-at-The-Shot-Spot_01918_jpg.rf.e71b0941c38d30503de4399092c059ee.jpg,fb09dbb53bc4ef24af51b1aba56afaae,1
train,Demodicosis,../datasets/feed/train/Demodicosis/D120_png_jpg.rf.6c7fbc10cd3ae0a72e9e5b44fffb390d.jpg,fb18e5fea98ea4a6bc5936885060f94d,0
valid,Healthy,../datasets/feed/valid/Healthy/dogs_149_jpg.rf.eef902fc5e956814b6cf61148b28498c.jpg,fb1a75cac4d3555e78e545659bc125c3,3
train,Ringworm,../datasets/feed/train/Ringworm/Day-1-of-ringworm-treatment_00151_jpg.rf.74ac23b57e12abf844fcd9f3054d8f23.jpg,fb235caba60ac8f08e1224acd3c3925d,5
valid,Demodicosis,../datasets/feed/valid/Demodicosis/2024-05-13-133458_3_jpg.rf.f0a4155f609a78339e7028cd9d95aa60.jpg,fb23bcd172bdc738a483bd3b42c0f565,0
valid,Ringworm,../datasets/feed/valid/Ringworm/ringworm-45-_jpg.rf.48e3e15f6c65ebddb825572f9525abe1.jpg,fb436ba1f63b1779160bbdae5bea9b50,5
valid,Demodicosis,../datasets/feed/valid/Demodicosis/D111_png_jpg.rf.a3e0fd7c31cf836e0ea80e7e4e35d345.jpg,fb68c8a713a9b37d4bd24df3d289cabb,0
valid,Ringworm,../datasets/feed/valid/Ringworm/R52_png_jpg.rf.a6f323ff348583352ccdc1b5f8d88751.jpg,fb8b518ff9b53bd1409a2b7fed7bbbf9,5
train,Ringworm,../datasets/feed/train/Ringworm/436770000_474575525363319_4064234022423729288_n_jpg.rf.cb0746107f61b9989d186ec5d70f4858.jpg,fb923fcf7f640291146b9c5cb9ac9448,5
train,Demodicosis,../datasets/feed/train/Demodicosis/P30_png_jpg.rf.f21d8089fea059613f6c8c836210a7be.jpg,fb9339bbbc9d02536208dc6317b2518b,0
valid,Fungal Infections,../datasets/feed/valid/Fungal Infections/FUNGAL-INFECTION_048_jpg.rf.714c6031f03df82b8780dde96dfa051b.jpg,fbb38ba39b6d01ec0c16d5e064625ac7,2
train,Fungal Infections,../datasets/feed/train/Fungal Infections/FUNGAL-INFECTION_026_jpg.rf.057856d74c665699ca565e7983816299.jpg,fbb6478cf0c7efcf3bbb67aebd95f53d,2
train,Fungal Infections,../datasets/feed/train/Fungal Infections/Fungal_Image_2_jpg.rf.c656cd027419904e6e1258bfc867e3b6.jpg,fbbde29fb38150a3ccc480e926d457d5,2
train,Healthy,../datasets/feed/train/Healthy/dogs_124_jpg.rf.bbc98be950708fa3e45a9e6261a63b6f.jpg,fbdf5f53de7897639dc58099e0ad6039,3
train,Demodicosis,../datasets/feed/train/Demodicosis/IMG_5171_jpeg_jpg.rf.9d8de04362c64a1ae3a737c930cd750d.jpg,fbe38b5fe40eb2d741e80441ee081117,0
train,Ringworm,../datasets/feed/train/Ringworm/NEWR34_png_jpg.rf.1cab8576e4cbfd990519c306c7d55b3b.jpg,fbe520158b66ade62a51843a3d6debc4,5
train,Hypersensitivity,../datasets/feed/train/Hypersensitivity/1466_jpg.rf.283bdc26b5a0334b4244d81bc9337dc0.jpg,fc068f7a791a682290a92b0fd7594e12,4
valid,Healthy,../datasets/feed/valid/Healthy/HEALTHY_013_jpg.rf.caf840010c1c8a6d434809c878ae5c31.jpg,fc16caa1f6a173c89cc2328a08a29985,3
train,Demodicosis,../datasets/feed/train/Demodicosis/1-27-_png_jpg.rf.5164c9bd1162ed44a0a13215cb450c20.jpg,fc45059c73ee092317749ee81e09d608,0
train,Demodicosis,../datasets/feed/train/Demodicosis/D105_png_jpg.rf.930e7915c62caaaae6fc3c5a016a5efe.jpg,fc4e2e4d43a888071eabeb0cae82c32b,0
train,Dermatitis,../datasets/feed/train/Dermatitis/bacterial_Image_3_jpg.rf.4167546fe8f9b755b79fad259a2b7a98.jpg,fc60d3943c0bb41a0cb6ce14e8f6dad9,1
train,Demodicosis,../datasets/feed/train/Demodicosis/IMG_5172_jpeg_jpg.rf.2d686dd99d663dae3417c229ac0aedcc.jpg,fc665f919ace6e8587d570f0d207c9db,0
train,Healthy,../datasets/feed/train/Healthy/Image_25_jpg.rf.fef91304136d861a9ab80fda9daac0dd.jpg,fc8f541120eaf3135f2e14597a30e844,3
valid,Demodicosis,../datasets/feed/valid/Demodicosis/1-16-_png_jpg.rf.3310c3d6e903f904d7df8d6e9b871246.jpg,fcb98d2a3c8720e54cca40f0354b96f4,0
train,Demodicosis,../datasets/feed/train/Demodicosis/2024-05-13-134130_1_jpg.rf.0a5fbec6148666985386001e0c54a07c.jpg,fcbbc933bc8bfb1f52eae77e989e50a6,0
train,Healthy,../datasets/feed/train/Healthy/dogs_163_jpg.rf.66a7b1e47aa9e15bd87758cec85c892c.jpg,fcc062519729758a9edd7861ad2e0aa3,3
valid,Demodicosis,../datasets/feed/valid/Demodicosis/P2_png_jpg.rf.ae2aa99543e016fb5e7a21e3e79761f6.jpg,fcc636d11c6d590700fc0b4198ce1652,0
train,Ringworm,../datasets/feed/train/Ringworm/WIN_20240514_17_34_27_Pro_jpg.rf.4226a6937821b042cda30ff0423a5f06.jpg,fcce6543d0aca27f4373a8ac8e701f2b,5
train,Demodicosis,../datasets/feed/train/Demodicosis/IMG_5218_jpeg_jpg.rf.166857d10ba70ef32920dc2b7120b7cf.jpg,fcd3029ac05e83eb0460b967574a8cc4,0
train,Demodicosis,../datasets/feed/train/Demodicosis/2024-05-13-133620_4_jpg.rf.8932e40019f9545ae4a6f7e46bdd962f.jpg,fcdd690719a3c927fa147a96ce4a4986,0
train,Ringworm,../datasets/feed/train/Ringworm/ringworm-111-_jpg.rf.eb6070e583cf41b7c69d9eaf669558d3.jpg,fce26035e57b992ac416a170789ac924,5
valid,Fungal Infections,../datasets/feed/valid/Fungal Infections/pic68_jpg.rf.bac900586b8d91c3655a4825edf602f7.jpg,fd04a0a9ff5e627106c91344793d7f0d,2
valid,Ringworm,../datasets/feed/valid/Ringworm/WIN_20240514_17_33_14_Pro_jpg.rf.7aaca2332edcee524e4b11038eb81614.jpg,fd0b2668d68c9e22eae536d37cb32935,5
train,Healthy,../datasets/feed/train/Healthy/dogs_123_jpg.rf.9fc076b0091cf7ac92268a88a63ed0b1.jpg,fd1420fb5ec41712bf523b0b008e9956,3
valid,Hypersensitivity,../datasets/feed/valid/Hypersensitivity/hs2_jpg.rf.9bf7532642c93d406eb5366d8925ad31.jpg,fd4f92bf004b7fe6ca7561bdee57ddd2,4
valid,Dermatitis,../datasets/feed/valid/Dermatitis/May-is-allergy-awareness-month-here-at-The-Shot-Spot_02191_jpg.rf.694ada7198d990cfa9d8b54b62bcf823.jpg,fd5f0e1ebb04dd8cb7d9abe71552e308,1
valid,Fungal Infections,../datasets/feed/valid/Fungal Infections/Fungal_Image_1_jpg.rf.aa9b0b4c7b875936d4f8717eed9af3d8.jpg,fd6fbb7dbba1bf7604105929b231528f,2
valid,Dermatitis,../datasets/feed/valid/Dermatitis/May-is-allergy-awareness-month-here-at-The-Shot-Spot_00082_jpg.rf.88d3503e1b688e37717e1ee27e70afc0.jpg,fd7083953f70f2ce107ac3a3094696c4,1
train,Ringworm,../datasets/feed/train/Ringworm/NEWR52_jpeg_jpg.rf.c6a5b386d83113d6b87098ae8fb93ad6.jpg,fd7efe5c6201ebef51024624fc8bf225,5
valid,Demodicosis,../datasets/feed/valid/Demodicosis/IMG_5157_jpeg_jpg.rf.b59324b69611fdf84659435dcc588c2c.jpg,fd8d82361adef0f9292aa6a97484f5bc,0
train,Demodicosis,../datasets/feed/train/Demodicosis/IMG_5188_jpeg_jpg.rf.edb8d2c6af556b1e48fcd4924db71ca1.jpg,fd8e51f1af5b6ee4f87c4873aed9f22b,0
train,Fungal Infections,../datasets/feed/train/Fungal Infections/FUNGAL-INFECTION_003_png_jpg.rf.928fe1d156774767767d6c2df471307a.jpg,fda33036b9df94ba5793ad93c809ebd0,2
train,Ringworm,../datasets/feed/train/Ringworm/WIN_20240514_17_26_58_Pro_jpg.rf.6d9fc259e5e8c3baec5797d88df71877.jpg,fdc0957d5d8cb651c7f851a2cde85156,5
valid,Healthy,../datasets/feed/valid/Healthy/dogs_011_jpg.rf.7d10e4d45bb55bb52b2ad5f4685287ad.jpg,fdd4cf0e3a5be4fe5ba3d2308898f478,3
valid,Healthy,../datasets/feed/valid/Healthy/dogs_013_jpg.rf.6ffdd311ab1a25329b8e7520b7913282.jpg,fdda8002489944236e82a76054c861ad,3
train,Dermatitis,../datasets/feed/train/Dermatitis/fly_strike_dermatitis_in_dogs_4935_6_600_jpg.rf.0042a1fbc4f1d47abac4995d5dd90f5c.jpg,fddf6786d0edf55b1d46ddce0a3068dd,1
train,Healthy,../datasets/feed/train/Healthy/Untitled-design-2020-06-15T212709-126-1_png_jpg.rf.b568128e26b65b966cbd64df3020583c.jpg,fddfb7f0ed3ffb275716be5a4b8ea9cd,3
train,Ringworm,../datasets/feed/train/Ringworm/ringworm-116-_jpg.rf.ce2b647d59d4f954a75bfba9362e9a38.jpg,fde402f8a5184b2b8d67803df62cdb2a,5
valid,Dermatitis,../datasets/feed/valid/Dermatitis/hot-spots-suck_00241_jpg.rf.ec301db9d6b6c8b26b48ef37ed281635.jpg,fded586fbc706f942662362106b3b725,1
valid,Ringworm,../datasets/feed/valid/Ringworm/ringworm-21-_jpg.rf.d7a72c9d82436a530002e30b261701b8.jpg,fdee83907d5d21d5f21011c394a89a37,5
train,Dermatitis,../datasets/feed/train/Dermatitis/OIP-8-_x16_jpg.rf.1967761ce95ae4e657de81a74eff5d6d.jpg,fdf4ba2fb8ff61c063dd709f968486f7,1
valid,Healthy,../datasets/feed/valid/Healthy/Image_25_jpg.rf.0a9dbe30d2da7060faeeb216b4da7b41.jpg,fdfc7fda010964eefd5e559caac3c437,3
train,Hypersensitivity,../datasets/feed/train/Hypersensitivity/1277_jpg.rf.ce594ac65f0ab4929a3bb897ecbfc123.jpg,fdfe4c095f107b46248feae3bd7ce614,4
train,Ringworm,../datasets/feed/train/Ringworm/R53_png_jpg.rf.ba18187203598b13ab2c26c5fe387abe.jpg,fe08fcc58dbcab7d0a818ce26a72224f,5
train,Hypersensitivity,../datasets/feed/train/Hypersensitivity/Hypersensitivity5_png_jpg.rf.bd26fb8ec90f215d5dc601f6d6d6cf83.jpg,fe0e88524414a54482eef4243fc8d3bd,4
train,Healthy,../datasets/feed/train/Healthy/dogs_169_jpg.rf.4889ff6a7b639614572bbc92cbb08c6a.jpg,fe11b56320fe90fa0f5c6ebdd5c7530d,3
train,Demodicosis,../datasets/feed/train/Demodicosis/IMG_5180_jpeg_jpg.rf.f46a36bcd8f83d170f3f199a2e9c8c06.jpg,fe2d3b0b79adc341c6565d377b994c80,0
valid,Fungal Infections,../datasets/feed/valid/Fungal Infections/1134_jpg.rf.0dff030fda6d298a704ff9823d1eb089.jpg,fe33b41ccadeffb9281d5127e162a9cb,2
valid,Demodicosis,../datasets/feed/valid/Demodicosis/IMG_5157_jpeg_jpg.rf.3500d9974bec232070c3ba8066025d40.jpg,fe4c6555da9a5fe74f5df5544a81f646,0
valid,Ringworm,../datasets/feed/valid/Ringworm/WIN_20240514_17_28_35_Pro_jpg.rf.7659b52ea43c49d966c5eec1904d9e5e.jpg,fe4ebc8ef0c699b99a02f3c6a5004e53,5
train,Healthy,../datasets/feed/train/Healthy/pic22_jpg.rf.94dee61066749946877f4c241454f1d5.jpg,fe5477177fc319808ed4626d8a33210c,3
train,Demodicosis,../datasets/feed/train/Demodicosis/2024-05-13-162105_jpg.rf.ce422e4de762d172fd1fc722c86e39f0.jpg,fe56db625dd4735109186f7b3f1ada63,0
valid,Healthy,../datasets/feed/valid/Healthy/dogs_136_jpg.rf.5c3a01acd531c3eb85ae4de5ea9f800b.jpg,fe64661f119f195c85b4acb1ae15ee9d,3
train,Dermatitis,../datasets/feed/train/Dermatitis/contact_dermatitis_4935_9_600_jpg.rf.371aa99d6a7fcebc024222963b430ce8.jpg,fe867239d5e64129bce6f9d29dd38126,1
valid,Healthy,../datasets/feed/valid/Healthy/HEALTHY_056_jpg.rf.b194f441f6cedfc5460c52280a44f92e.jpg,fe8aafd150e18b0007843dd4d4d13618,3
train,Dermatitis,../datasets/feed/train/Dermatitis/Hot-Spot-on-_Chance_-How-to-treat-a-dog-that-you-can_t-touch_-000616_png_jpg.rf.2a0339bad8a8ce80ba032a610439eb57.jpg,fe9287b896e8fc48ab735c2cc9213bf4,1
valid,Healthy,../datasets/feed/valid/Healthy/dogs_118_jpg.rf.927cb1334e65d058c235264231318758.jpg,fe98a14a1ce27ffb918695330dd376b2,3
train,Demodicosis,../datasets/feed/train/Demodicosis/IMG_5222_jpeg_jpg.rf.5349e35dde9e22904bfa66f74e2b01b7.jpg,fe9b58d1b574256c895bb0b2b3bc804e,0
train,Fungal Infections,../datasets/feed/train/Fungal Infections/Fungal1_png_jpg.rf.9782086151d25824e176888553167744.jpg,fe9d60ba175edb4fa037e31b930c1c46,2
valid,Ringworm,../datasets/feed/valid/Ringworm/WIN_20240514_17_34_13_Pro_jpg.rf.6dfcbcd0cc4a5c32dcce59d869e016c2.jpg,feaf0bdb5d47b0a34562821fbccb7bc3,5
train,Ringworm,../datasets/feed/train/Ringworm/R15_png_jpg.rf.d87ee15be12e2d59d501b5bf5ebd53fe.jpg,fed3ed2c4ba53c9b3bbe393f0dd4e370,5
train,Dermatitis,../datasets/feed/train/Dermatitis/The-perfect-way-to-apply-the-Hot-Spot-Gel_00541_jpg.rf.492b1d7a9d971d8044c0d67c997d8a00.jpg,fed88772a620a70b166da73a119cd733,1
train,Ringworm,../datasets/feed/train/Ringworm/WIN_20240514_17_21_45_Pro_jpg.rf.dd300507809a0b9dabdc04577cfb7b03.jpg,fee2e0346b7448d6c3dd63fabf3defde,5
train,Ringworm,../datasets/feed/train/Ringworm/WIN_20240514_17_31_29_Pro_jpg.rf.00dc57aa3b9ee9cbbed948cd0e50542b.jpg,fee8f3381a7934a135605a5e6fff6e51,5
valid,Hypersensitivity,../datasets/feed/valid/Hypersensitivity/Hypersensitivity_image_3_jpg.rf.3730189d2ea0dbb05ed416dcea2f95a2.jpg,fefe6d474a6bf7390883f600473214fd,4
train,Demodicosis,../datasets/feed/train/Demodicosis/P63_jpg.rf.fc21d54c0f5569e9f93e789386d41596.jpg,fefec9c1575d573c8a01f981a6d51772,0
train,Dermatitis,../datasets/feed/train/Dermatitis/OIP-6-_x4_jpg.rf.44617e8f61623f3857522ada71bbdb36.jpg,ff0ac812d62dbeb2a887bcf971e6bd7a,1
train,Healthy,../datasets/feed/train/Healthy/024_jpg.rf.885ac02235ce0a864c13becc96d76344.jpg,ff13027f1c1d4be3e3d449af3c0260d5,3
valid,Demodicosis,../datasets/feed/valid/Demodicosis/IMG_5313_jpeg_jpg.rf.db91680448504031a3d14897b3021311.jpg,ff1469bea08a63ff60694c891a66d0ed,0
train,Dermatitis,../datasets/feed/train/Dermatitis/OIP-3-_x16_jpg.rf.e8119d54e8c69af1f2d53b21395dfbd8.jpg,ff26e8ff11fa4a4ef136fff170677f1a,1
train,Dermatitis,../datasets/feed/train/Dermatitis/hot-spot-tail-sh_1072961252-300x300_jpg.rf.f885dc6438393b792d001c3f8661895d.jpg,ff37435be58dba4d50555ceb9c24efb0,1
train,Ringworm,../datasets/feed/train/Ringworm/ringworm-152-_jpg.rf.3b2f1dc65c3fa7429a343146a897edb1.jpg,ff44c8fa6d5146a1e7ed467a069036dc,5
train,Healthy,../datasets/feed/train/Healthy/42_jpg.rf.34859df02959e3dc01736b5e6b4e6256.jpg,ff56aaf6329abc87bfc22b7b50a4eed0,3
train,Healthy,../datasets/feed/train/Healthy/Image_22_jpg.rf.f334186044f84af06012617d535ee97a.jpg,ff5df68f6be196d674e9c9b44bd45857,3
train,Demodicosis,../datasets/feed/train/Demodicosis/P52_jpg.rf.34d760695a678b085d416a7de6f1cc24.jpg,ff632de3e4f442a382efc0d021b0513d,0
train,Ringworm,../datasets/feed/train/Ringworm/1000010528_x4_jpg.rf.e77b177eecc77e5259098292d0d222d3.jpg,ff6a59dd5b5ab83817643e3b75cd4698,5
valid,Demodicosis,../datasets/feed/valid/Demodicosis/1-16-_png_jpg.rf.777e185d5cfe0474abfe2ad555b0e7c7.jpg,ff91a1cbdfe814318d4d5770e79a3d3b,0
valid,Demodicosis,../datasets/feed/valid/Demodicosis/2024-05-13-133940_2_jpg.rf.49855d7a27169805325ec60b958b9a5c.jpg,ff94ed8094b0b3651a4190fdd8ff9cc4,0
train,Fungal Infections,../datasets/feed/train/Fungal Infections/FUNGAL-INFECTION_014_jpg.rf.2defb313fdbbce86ef0b8f782a3a968a.jpg,ffb2684600ebb9ecdc2f6ec3c7ef93b8,2
train,Fungal Infections,../datasets/feed/train/Fungal Infections/pic58_jpg.rf.14e546da0a6c7032e129f9fe86ce0579.jpg,ffcab97af49f151b1b84d08f981aabbe,2
train,Fungal Infections,../datasets/feed/train/Fungal Infections/FUNGAL-INFECTION_042_jpg.rf.21dbee627ee24b89a1372a1152acd504.jpg,ffd11fb2e7cbbe028dcb20a5f7492428,2
train,Dermatitis,../datasets/feed/train/Dermatitis/May-is-allergy-awareness-month-here-at-The-Shot-Spot_01567_jpg.rf.417d5b5a9d7e9174ffc3805b4837326d.jpg,ffd758e5266ef9cc4583b2a2a33242c8,1
train,Fungal Infections,../datasets/feed/train/Fungal Infections/FUNGAL-INFECTION_004_png_jpg.rf.7ed29508f535fafb41e8ef1d7b07962a.jpg,ffe086255a3ca995a86b3b2764e536df,2
train,Healthy,../datasets/feed/train/Healthy/dogs_088_jpg.rf.5c15e4d66375bbad8ba30b4538c1b37a.jpg,fff3dc34dbf3227885c508db1feb5691,3
